datetime;A0;A1;A2
2019-05-02 11:00;0.838794461;0.433310488;0.226265526
2019-05-02 12:00;0.278631591;0.941047478;1.471906449
2019-05-02 13:00;-0.963258316;-0.472229474;2.250792121
2019-05-02 14:00;-2.556369472;-0.585760705;1.747562391
2019-05-02 15:00;-1.927467077;0.283477543;1.728776869
2019-05-02 16:00;-2.30699382;0.29096187;2.444028346
2019-05-02 17:00;-1.015103137;0.885126223;1.462868195
2019-05-02 18:00;-1.501027807;2.043604668;2.297758724
2019-05-02 19:00;0.933729573;1.908907772;1.222515511
2019-05-02 20:00;2.323384076;0.69597531;-1.010529671
2019-05-02 21:00;-0.171570236;1.467406229;-1.019511984
2019-05-02 22:00;0.974730155;-0.17180868;-1.717613733
2019-05-02 23:00;0.759967229;0.766604866;-0.252252455
2019-05-03 00:00;0.477517498;0.759005885;-1.869304497
2019-05-03 01:00;-0.400631449;0.494736367;-1.761338053
2019-05-03 02:00;2.369437697;3.307842616;-3.576402514
2019-05-03 03:00;6.208941116;3.030606022;-3.51762778
2019-05-03 04:00;6.468964938;3.783570514;-2.12956104
2019-05-03 05:00;6.147684853;2.141465488;-3.111997697
2019-05-03 06:00;4.429136376;0.370605429;-3.804770961
2019-05-03 07:00;1.392029864;-0.753323805;-0.503009669
2019-05-03 08:00;0.953072874;-0.375613278;-0.745956723
2019-05-03 09:00;0.344477198;2.362583842;-0.482971116
2019-05-03 10:00;2.533721085;0.018287397;-1.152298212
2019-05-03 11:00;0.039163981;0.310077101;-1.113288663
2019-05-03 12:00;1.15937086;-1.303129684;-0.91835828
2019-05-03 13:00;0.273124142;-1.034081682;-1.663003283
2019-05-03 14:00;-0.104077587;-0.887286621;-2.72218028
2019-05-03 15:00;-0.358182483;-1.411055478;-3.493921047
2019-05-03 16:00;-2.088039132;-0.164118966;-3.373893205
2019-05-03 17:00;-1.310471706;-0.24131647;-0.720664582
2019-05-03 18:00;-1.317249239;-0.865184977;-0.096037191
2019-05-03 19:00;0.54227007;-2.230432105;-0.421806038
2019-05-03 20:00;-0.574052263;-2.006078013;1.88071134
2019-05-03 21:00;-3.085104136;-0.746186392;1.195263925
2019-05-03 22:00;-1.504536227;-0.150352672;1.502483732
2019-05-03 23:00;-0.449532706;1.040683623;1.396767764
2019-05-04 00:00;0.663628711;1.873463774;0.18622125
2019-05-04 01:00;1.152884949;0.036652124;-1.07079377
2019-05-04 02:00;-0.500286388;-0.520316273;-0.498365563
2019-05-04 03:00;0.751218243;-0.057407967;0.73835029
2019-05-04 04:00;0.532742118;1.247399615;0.324618984
2019-05-04 05:00;2.390852215;2.633195932;1.445390711
2019-05-04 06:00;3.363477245;1.072969286;0.452958051
2019-05-04 07:00;3.680131384;1.482583298;0.669972573
2019-05-04 08:00;3.121921986;0.560668217;0.525392545
2019-05-04 09:00;1.607602037;0.587911472;0.756293923
2019-05-04 10:00;0.1178235;0.800727514;-1.589413216
2019-05-04 11:00;0.833852524;1.061493942;-1.338736169
2019-05-04 12:00;3.089428041;0.527973488;-0.989003469
2019-05-04 13:00;0.576088991;0.696755881;-1.230916152
2019-05-04 14:00;0.636183492;-0.014102637;-1.906793856
2019-05-04 15:00;0.417901606;-0.305917511;-0.679542025
2019-05-04 16:00;-0.597392471;-0.632261586;-1.662407859
2019-05-04 17:00;1.029549798;-0.294936671;-1.109203711
2019-05-04 18:00;0.029247851;-0.688008046;-2.27292057
2019-05-04 19:00;-1.871834181;-1.072629076;-0.964097952
2019-05-04 20:00;0.129070792;-1.755728282;1.818051535
2019-05-04 21:00;-3.813889821;-0.202764055;-0.010795949
2019-05-04 22:00;-1.257965454;0.984650281;-0.308098321
2019-05-04 23:00;-0.381870221;1.13284126;0.40235041
2019-05-05 00:00;1.758193202;1.279207042;-0.912960952
2019-05-05 01:00;0.856728063;0.440857314;-0.61615713
2019-05-05 02:00;0.872232665;-0.220807763;1.465937659
2019-05-05 03:00;-0.752081682;0.525338287;2.855604054
2019-05-05 04:00;-0.928032294;-0.787361645;1.341121314
2019-05-05 05:00;-3.45841088;-0.054194978;-1.269883418
2019-05-05 06:00;-1.52374865;-1.033503497;-1.029707468
2019-05-05 07:00;-0.599466541;-2.874178387;-1.36685364
2019-05-05 08:00;-1.784154234;-2.249155952;-2.211249498
2019-05-05 09:00;-2.092925059;-1.565758772;-1.966169577
2019-05-05 10:00;-2.70502498;-0.594444419;-1.251355453
2019-05-05 11:00;-1.103061279;1.396360639;-0.836004754
2019-05-05 12:00;1.34194059;1.110963805;-1.234112162
2019-05-05 13:00;2.981974864;1.208272148;-0.789590047
2019-05-05 14:00;3.209884521;-0.100500699;-1.840693687
2019-05-05 15:00;1.98247457;0.496282949;-1.426939842
2019-05-05 16:00;0.374833228;0.503418163;-2.139940518
2019-05-05 17:00;0.781961132;0.515391151;-1.836126724
2019-05-05 18:00;1.093696361;1.219464954;-1.936259846
2019-05-05 19:00;2.169920272;1.135750637;-1.864743935
2019-05-05 20:00;1.349717322;0.568116148;-2.005328755
2019-05-05 21:00;3.748832526;0.452647181;-3.491999429
2019-05-05 22:00;3.259244752;-0.346875496;-2.258954042
2019-05-05 23:00;1.345410274;1.067801802;-2.230572502
2019-05-06 00:00;2.537799728;1.10093557;-1.690760635
2019-05-06 01:00;1.30603774;0.025450599;-1.239445585
2019-05-06 02:00;-0.213776008;-1.158590443;0.622701767
2019-05-06 03:00;-0.233159006;0.100216353;2.985629634
2019-05-06 04:00;0.295309557;-0.375434781;5.782607384
2019-05-06 05:00;-1.79836947;1.133064243;5.775134049
2019-05-06 06:00;-0.526039253;2.168302423;4.394634777
2019-05-06 07:00;-0.089966298;3.148090967;1.723986005
2019-05-06 08:00;0.975749006;2.601034785;2.812073215
2019-05-06 09:00;1.378376879;3.528120895;2.724383781
2019-05-06 10:00;2.471522816;3.63222831;2.188026434
2019-05-06 11:00;2.26130413;2.630457589;1.573475227
2019-05-06 12:00;3.241324088;2.309602446;0.803828007
2019-05-06 13:00;4.180332953;1.810824821;1.017939758
2019-05-06 14:00;1.663466791;3.36059829;0.484261489
2019-05-06 15:00;3.324009791;2.555077768;-1.284625077
2019-05-06 16:00;4.111641285;2.129800982;-1.112142768
2019-05-06 17:00;3.449551538;2.753834726;0.063092077
2019-05-06 18:00;5.141183647;3.124499008;2.287097202
2019-05-06 19:00;4.897871969;1.867992883;1.787480613
2019-05-06 20:00;5.62009422;1.166038259;1.288279308
2019-05-06 21:00;3.284790415;1.773602231;1.266917599
2019-05-06 22:00;2.186797311;1.014185006;1.937523856
2019-05-06 23:00;2.608044371;0.923388476;0.86108663
2019-05-07 00:00;1.821345121;0.179194493;1.678431598
2019-05-07 01:00;-0.496077634;-2.214503527;-0.059671882
2019-05-07 02:00;-1.601785877;-1.336185217;-0.121414551
2019-05-07 03:00;-0.534556814;-0.666344845;1.918697179
2019-05-07 04:00;-2.59667504;-0.154156857;1.469359209
2019-05-07 05:00;-2.806694833;-0.901335137;1.819286853
2019-05-07 06:00;-1.595504223;-1.566562803;0.779633239
2019-05-07 07:00;-0.267320601;-0.895782779;-0.064866495
2019-05-07 08:00;-1.894877485;0.533052137;0.422275153
2019-05-07 09:00;-1.181475004;1.354292342;-0.856305141
2019-05-07 10:00;1.928846222;-0.257510812;0.190090584
2019-05-07 11:00;2.577817008;-0.157220565;0.761701381
2019-05-07 12:00;0.626346836;0.571042997;0.76726948
2019-05-07 13:00;0.925726594;0.796908083;1.080210702
2019-05-07 14:00;0.273791219;-1.347996136;0.579284151
2019-05-07 15:00;-2.915958701;-0.996474751;-0.262419188
2019-05-07 16:00;-1.003586135;0.245678306;1.143582816
2019-05-07 17:00;0.000115249;-0.991640463;-0.084822252
2019-05-07 18:00;-0.19467288;-0.225278329;-1.180330988
2019-05-07 19:00;1.91382242;-0.315355863;-0.284650731
2019-05-07 20:00;0.134729478;-0.595589145;0.19868685
2019-05-07 21:00;0.32983116;1.015633777;0.852211844
2019-05-07 22:00;1.973147687;2.115697895;1.583857966
2019-05-07 23:00;2.878258474;1.43827874;1.227605433
2019-05-08 00:00;2.598327054;1.461173514;1.988321111
2019-05-08 01:00;2.009238009;1.391816812;3.33964053
2019-05-08 02:00;1.126268229;3.307952505;1.682301286
2019-05-08 03:00;1.98399185;1.9661476;2.297956157
2019-05-08 04:00;2.440418926;1.087757907;3.325807432
2019-05-08 05:00;1.744462835;-0.595686422;4.612181341
2019-05-08 06:00;-0.316897081;-0.151050458;4.347447936
2019-05-08 07:00;-1.420020741;0.269595147;2.08044732
2019-05-08 08:00;0.745183783;-1.352966809;1.252315252
2019-05-08 09:00;-1.47894011;0.250880789;1.084788781
2019-05-08 10:00;-2.390928478;-0.401132029;1.047062781
2019-05-08 11:00;-0.58737273;1.282076146;1.359257113
2019-05-08 12:00;-0.149799053;0.390637321;0.745538383
2019-05-08 13:00;0.958060851;-0.79285601;0.388556087
2019-05-08 14:00;-0.179048277;0.350550576;-0.661068592
2019-05-08 15:00;0.40396867;-0.149574942;-1.649177325
2019-05-08 16:00;0.300810875;-0.933909541;-3.953942594
2019-05-08 17:00;-1.153612192;-2.097853349;-1.457486745
2019-05-08 18:00;-2.039744309;0.189506346;-1.943311361
2019-05-08 19:00;-0.24765109;-1.010764265;0.584147255
2019-05-08 20:00;-0.212263276;-1.731590679;2.600961376
2019-05-08 21:00;-3.795284634;-0.997647678;0.435830828
2019-05-08 22:00;-3.732640856;-2.897975551;0.43726237
2019-05-08 23:00;-3.33922506;-2.177503748;0.159556194
2019-05-09 00:00;-2.726648949;-1.746686737;1.000054767
2019-05-09 01:00;-1.283624476;-0.611660926;-0.295648766
2019-05-09 02:00;-1.613985601;-0.382759932;-1.203266573
2019-05-09 03:00;-0.794173031;-0.751717768;-1.88863186
2019-05-09 04:00;0.629405345;-1.378237402;-1.104902672
2019-05-09 05:00;1.561023586;-0.093496945;-1.82077969
2019-05-09 06:00;-0.064495009;-0.674926369;-1.756216821
2019-05-09 07:00;2.380393477;-1.360833268;-1.045413739
2019-05-09 08:00;0.012575544;-0.072911823;-0.550521346
2019-05-09 09:00;-1.289304428;-1.372400843;-1.319637812
2019-05-09 10:00;-2.144549808;-2.517138902;-2.370758738
2019-05-09 11:00;-2.881903623;-1.862285196;-1.685423359
2019-05-09 12:00;-2.343153623;-2.757853064;-1.055061502
2019-05-09 13:00;-1.634845589;-2.298603793;0.14387686
2019-05-09 14:00;-2.016757409;-2.261887788;-0.939010511
2019-05-09 15:00;-3.800783982;-1.798520152;-0.617536415
2019-05-09 16:00;-2.741967401;-1.02813915;-1.126767087
2019-05-09 17:00;-2.650951918;0.119896449;-2.127669795
2019-05-09 18:00;-1.254511457;-1.577822691;-0.945739298
2019-05-09 19:00;1.55285772;-1.127171654;-1.229877418
2019-05-09 20:00;1.171577216;-1.163262614;-1.04454501
2019-05-09 21:00;0.57418186;0.214414253;-0.143084616
2019-05-09 22:00;0.296274147;-0.465856836;0.389273605
2019-05-09 23:00;-1.99236664;-1.564743115;-0.363107889
2019-05-10 00:00;-1.949821248;-0.292178018;0.570962272
2019-05-10 01:00;-2.507161159;0.253750203;-0.3906183
2019-05-10 02:00;-0.607988318;1.158631144;0.120357214
2019-05-10 03:00;1.864689724;1.519270471;-0.475006461
2019-05-10 04:00;3.373408068;2.168437543;0.821018535
2019-05-10 05:00;2.635498779;1.253336162;1.08088491
2019-05-10 06:00;3.175226984;0.267712742;0.152792611
2019-05-10 07:00;1.236812636;-0.603232227;-0.170472557
2019-05-10 08:00;0.094708472;-1.249558731;-0.84119964
2019-05-10 09:00;-1.549412474;1.085762441;-1.04433345
2019-05-10 10:00;-0.515982427;1.045006306;-1.942347258
2019-05-10 11:00;2.301706251;0.951633628;-3.000005849
2019-05-10 12:00;0.691900366;-0.275596283;-2.345156284
2019-05-10 13:00;0.356875888;-0.951199905;-3.227359726
2019-05-10 14:00;0.14249772;0.459611562;-5.139352183
2019-05-10 15:00;0.768278954;-0.575127111;-3.032269917
2019-05-10 16:00;-2.066497644;0.082191703;-2.547895174
2019-05-10 17:00;-1.603228289;-0.312315683;-1.341594171
2019-05-10 18:00;0.302764535;-0.362029803;-2.249450343
2019-05-10 19:00;-0.819300994;-1.200175831;-1.776040753
2019-05-10 20:00;-0.739937115;0.847182283;-1.81791978
2019-05-10 21:00;3.043519121;0.205388225;-0.182380405
2019-05-10 22:00;1.672823141;1.13398988;-1.572152383
2019-05-10 23:00;1.416278683;-0.259686641;-2.245587695
2019-05-11 00:00;0.257491561;2.06243073;-1.114614931
2019-05-11 01:00;1.807696735;1.770548322;-1.193591579
2019-05-11 02:00;-0.997978317;0.676004433;-2.282759835
2019-05-11 03:00;0.027196519;0.171299287;-3.741424665
2019-05-11 04:00;-0.607941389;-0.741745576;-2.395416268
2019-05-11 05:00;-2.077843432;0.013696709;-1.645715471
2019-05-11 06:00;-0.955493175;1.088165021;-1.030919133
2019-05-11 07:00;2.099141443;2.160501323;-0.378465765
2019-05-11 08:00;1.664826171;1.699379692;-0.720586845
2019-05-11 09:00;0.906859352;1.279005919;-1.009682932
2019-05-11 10:00;0.777465456;1.674586176;-0.894299173
2019-05-11 11:00;1.131193467;1.034559002;-0.798544029
2019-05-11 12:00;1.525120276;1.110014507;0.314371987
2019-05-11 13:00;1.029231125;-0.55594696;0.489276557
2019-05-11 14:00;-1.011671343;-0.522796316;-0.156882099
2019-05-11 15:00;-0.868703785;-0.377173798;-0.942955203
2019-05-11 16:00;-1.201186929;-1.28151264;-0.370977391
2019-05-11 17:00;-2.68872137;0.541444106;0.321011306
2019-05-11 18:00;-1.141653086;1.338423622;-0.163441501
2019-05-11 19:00;2.399869513;0.328137104;-0.325169502
2019-05-11 20:00;3.759212053;2.23512543;1.248003282
2019-05-11 21:00;5.165549344;2.222471072;1.882697379
2019-05-11 22:00;4.031132522;0.615364667;0.280154171
2019-05-11 23:00;2.395049037;0.262055815;-0.060044124
2019-05-12 00:00;-0.1328776;-0.649980795;-0.895899951
2019-05-12 01:00;-0.082584427;0.193740225;-1.646568622
2019-05-12 02:00;0.192658373;0.27385055;-1.105808449
2019-05-12 03:00;-0.747195122;-0.905066465;-0.453564525
2019-05-12 04:00;-2.153765187;-1.253158908;0.714363517
2019-05-12 05:00;-3.62163724;0.479102719;0.30064585
2019-05-12 06:00;-1.447746656;-0.555213049;-0.397631741
2019-05-12 07:00;-0.477060505;-2.052235761;-0.055258165
2019-05-12 08:00;-1.003719424;-0.998424222;-0.711154098
2019-05-12 09:00;-1.41502528;-1.906182984;-1.379233253
2019-05-12 10:00;-0.431538307;-2.798958515;-0.734799921
2019-05-12 11:00;-0.652213651;-2.305973977;-1.022371667
2019-05-12 12:00;-2.165008513;-3.104475898;-1.198670284
2019-05-12 13:00;-1.506109832;-2.179592069;-0.699341248
2019-05-12 14:00;-2.52697746;-2.680940704;-1.057444626
2019-05-12 15:00;-3.248380549;-1.472553891;-0.479487549
2019-05-12 16:00;-3.263400178;-2.179665305;-1.308126205
2019-05-12 17:00;-2.144788178;-1.366409165;0.151414969
2019-05-12 18:00;-3.096161996;-0.306788463;-1.262452916
2019-05-12 19:00;-1.702479064;-2.848778603;-1.170782752
2019-05-12 20:00;-1.493588375;-1.848797258;0.451864378
2019-05-12 21:00;-1.923687915;-0.133792737;-0.864031077
2019-05-12 22:00;-1.843178848;1.824502814;-1.538021814
2019-05-12 23:00;0.282784152;1.202788671;0.678957554
2019-05-13 00:00;0.4873777;2.432014729;1.266903997
2019-05-13 01:00;2.190614854;1.973891557;0.405907837
2019-05-13 02:00;2.827621154;1.332659282;-0.429464366
2019-05-13 03:00;3.466909153;-0.339823816;-0.497576095
2019-05-13 04:00;1.455236464;-0.579236766;0.599901635
2019-05-13 05:00;-0.017351037;0.871942456;0.976532423
2019-05-13 06:00;0.194953207;1.130740177;-1.205119644
2019-05-13 07:00;-0.474975515;0.079821821;0.056633752
2019-05-13 08:00;0.901337099;-0.493488921;-0.490809332
2019-05-13 09:00;1.632961139;-0.179020982;-1.437644308
2019-05-13 10:00;0.317195597;0.208408484;-1.077059223
2019-05-13 11:00;0.801777014;-0.688471973;-1.157414915
2019-05-13 12:00;2.311677686;-3.085508537;-0.74325858
2019-05-13 13:00;0.331607304;-2.641826082;-1.012044617
2019-05-13 14:00;-3.424686598;-2.311249034;0.169025278
2019-05-13 15:00;-1.914062854;-2.197081236;-1.032841067
2019-05-13 16:00;-1.330076296;-1.470807069;-1.255719752
2019-05-13 17:00;-3.452856793;-2.230756155;-0.880066101
2019-05-13 18:00;-4.042145412;-1.392520324;-0.661469148
2019-05-13 19:00;-3.243313378;-1.58931892;-1.242910941
2019-05-13 20:00;-3.175218235;0.037091797;-0.744017289
2019-05-13 21:00;-1.30416066;-0.175720534;-0.415657314
2019-05-13 22:00;-1.696261117;-2.534934725;-0.258300856
2019-05-13 23:00;-1.219461749;-0.797590644;1.501205834
2019-05-14 00:00;-0.877540772;-0.424937924;1.622318401
2019-05-14 01:00;-1.231776206;0.986850235;0.942516518
2019-05-14 02:00;-1.198908562;1.561996247;1.962670608
2019-05-14 03:00;1.611844001;0.974891868;2.115058577
2019-05-14 04:00;0.62297859;2.416421455;2.796673705
2019-05-14 05:00;2.827491004;2.41299417;2.861752938
2019-05-14 06:00;0.88101361;3.278102987;1.639526737
2019-05-14 07:00;3.761545642;3.487490884;0.472951136
2019-05-14 08:00;6.051574393;2.802367782;-0.563235162
2019-05-14 09:00;5.695024468;1.257363721;0.165674072
2019-05-14 10:00;4.103036234;1.529525325;0.172706145
2019-05-14 11:00;4.394210012;1.630556117;0.660531016
2019-05-14 12:00;3.380478518;0.064528986;1.830806453
2019-05-14 13:00;2.070360306;0.581816881;1.792424565
2019-05-14 14:00;2.224135545;2.261598935;1.536775714
2019-05-14 15:00;3.51465538;2.835898269;1.064055424
2019-05-14 16:00;3.363938008;1.90531833;3.257277757
2019-05-14 17:00;3.619204744;2.784917272;1.668849803
2019-05-14 18:00;4.046950791;1.410537403;1.363611252
2019-05-14 19:00;2.761110372;-0.13036549;0.582246057
2019-05-14 20:00;2.253245597;0.72739325;-0.211560202
2019-05-14 21:00;1.953604397;0.445469985;-1.529973738
2019-05-14 22:00;0.376939903;-0.309394453;-0.995434408
2019-05-14 23:00;-2.134061983;-1.295592501;-1.814661635
2019-05-15 00:00;-1.720292268;-0.120029658;-0.779908524
2019-05-15 01:00;-0.77094247;0.083510825;0.001201057
2019-05-15 02:00;-1.363443002;0.419603283;0.152917866
2019-05-15 03:00;-0.6988008;1.474862229;-0.192366905
2019-05-15 04:00;1.02716613;1.828042844;-0.650502434
2019-05-15 05:00;0.711828106;0.741951184;-1.125333799
2019-05-15 06:00;0.852768121;2.703063966;-2.378937267
2019-05-15 07:00;2.490915404;1.189404928;-2.819175508
2019-05-15 08:00;2.335057064;-0.542438144;0.826956719
2019-05-15 09:00;-0.331768015;-0.426908948;0.678231745
2019-05-15 10:00;-0.00362988;-0.17938318;1.060663938
2019-05-15 11:00;-0.301125944;-0.631580494;2.157881893
2019-05-15 12:00;-1.109934402;0.297760496;1.633338307
2019-05-15 13:00;-0.934775417;-0.471023281;0.551347303
2019-05-15 14:00;-0.942864641;-0.438223679;-1.576590912
2019-05-15 15:00;-0.529409335;-1.523914249;0.021621045
2019-05-15 16:00;-1.132676459;-3.019927392;-0.535088298
2019-05-15 17:00;-3.752058383;-3.111133048;0.020943632
2019-05-15 18:00;-3.065333525;-0.709708672;-0.498495036
2019-05-15 19:00;-1.18993717;1.240774473;-3.167408653
2019-05-15 20:00;0.450684037;-0.506255655;-3.487916385
2019-05-15 21:00;-0.409496735;-1.318371546;-3.236245976
2019-05-15 22:00;1.082574866;-0.452810983;-2.399075251
2019-05-15 23:00;0.422112815;-0.251196061;-2.982666735
2019-05-16 00:00;0.115335584;-1.460573961;-4.715629726
2019-05-16 01:00;0.423657092;-1.963368688;-2.186082662
2019-05-16 02:00;-0.664549819;-0.984501593;-1.798234485
2019-05-16 03:00;0.474637761;-0.108884213;-0.991704336
2019-05-16 04:00;0.223687844;-0.051061278;-0.544120076
2019-05-16 05:00;-0.213967106;0.156371286;-1.276897757
2019-05-16 06:00;1.217200659;-2.324231653;-3.135319557
2019-05-16 07:00;0.207014595;-1.212342911;-3.568290945
2019-05-16 08:00;-1.4900026;-1.789302098;-2.835903189
2019-05-16 09:00;0.748349436;-1.205709952;-2.173925659
2019-05-16 10:00;-0.730059777;-0.770643318;-0.778008446
2019-05-16 11:00;-1.310710508;-1.143904387;0.622414936
2019-05-16 12:00;-1.095073367;-2.310937707;0.231443334
2019-05-16 13:00;-2.083489712;-1.519339069;-1.294312619
2019-05-16 14:00;-0.036034998;-0.552947404;-2.089773391
2019-05-16 15:00;0.326888209;-0.855544532;-1.060917169
2019-05-16 16:00;-0.216458368;-2.555157788;-0.909353416
2019-05-16 17:00;-2.32798463;-1.242193731;-1.253958537
2019-05-16 18:00;-1.552556774;0.674269771;0.881989358
2019-05-16 19:00;-0.994664996;0.787759783;-0.420441651
2019-05-16 20:00;0.051365507;0.625857351;-1.610129914
2019-05-16 21:00;1.320645423;-0.307446516;-2.947441713
2019-05-16 22:00;-0.058311601;0.630682047;-3.55966485
2019-05-16 23:00;1.775077188;0.194446574;-2.365669499
2019-05-17 00:00;-0.03336724;0.953704316;-2.022433418
2019-05-17 01:00;1.742407511;0.256064003;-2.697017678
2019-05-17 02:00;0.977152099;0.504867043;-0.975813209
2019-05-17 03:00;0.983210433;-0.019519832;-1.853728804
2019-05-17 04:00;0.875031417;0.436720888;-3.077187119
2019-05-17 05:00;2.493046207;0.315561815;-2.579952967
2019-05-17 06:00;0.70881733;-0.878935771;-2.978381411
2019-05-17 07:00;-0.582671407;-2.644370253;-3.302526596
2019-05-17 08:00;-0.844500599;-2.302961266;-2.825576687
2019-05-17 09:00;-1.438137948;-2.424650642;-2.841722382
2019-05-17 10:00;-3.438759225;-1.704855223;-3.497066177
2019-05-17 11:00;-4.254499164;-2.334930881;-1.88758195
2019-05-17 12:00;-2.178557099;-2.652035287;-1.140335684
2019-05-17 13:00;-2.859356563;-3.674860258;0.804045149
2019-05-17 14:00;-4.800195659;-3.707675915;-0.321296955
2019-05-17 15:00;-2.080503789;-2.317855225;0.411276495
2019-05-17 16:00;-4.813831746;-1.062320912;1.103709505
2019-05-17 17:00;-3.416844071;-1.424713505;0.943537701
2019-05-17 18:00;-1.068712426;0.405575885;1.773668848
2019-05-17 19:00;1.421680398;1.283453425;0.887080286
2019-05-17 20:00;2.380339668;0.395163184;2.450012944
2019-05-17 21:00;1.393511947;0.305356096;0.637573384
2019-05-17 22:00;1.987463396;0.024638583;1.300825432
2019-05-17 23:00;2.648346448;0.544190946;1.863822739
2019-05-18 00:00;1.439308623;1.055391301;1.509655586
2019-05-18 01:00;1.570214913;0.256603159;2.314591472
2019-05-18 02:00;0.04066073;0.287252209;1.910291662
2019-05-18 03:00;2.741557483;2.816523642;2.373012236
2019-05-18 04:00;4.181959486;2.152661176;2.827356084
2019-05-18 05:00;2.449103415;2.080540306;2.897650002
2019-05-18 06:00;3.736108304;2.972792833;2.625037612
2019-05-18 07:00;4.304273882;1.65774434;4.804596777
2019-05-18 08:00;4.138615833;1.474041694;2.810039394
2019-05-18 09:00;3.882978143;0.779054563;2.02053247
2019-05-18 10:00;-0.079592;0.652445462;1.957851016
2019-05-18 11:00;-0.798411602;0.32894252;1.938418058
2019-05-18 12:00;0.117353842;-0.262656738;3.234772097
2019-05-18 13:00;-1.018253961;0.377245306;2.515332029
2019-05-18 14:00;-1.858664231;0.92491633;3.546920176
2019-05-18 15:00;-1.336255261;0.655175494;3.943155154
2019-05-18 16:00;-0.344156402;0.555424093;2.317759982
2019-05-18 17:00;-0.630485849;1.06169864;0.546003309
2019-05-18 18:00;0.514053941;-0.586199374;0.042173455
2019-05-18 19:00;-1.71366452;-0.699467617;1.135891591
2019-05-18 20:00;-2.758249931;0.218124859;2.473859255
2019-05-18 21:00;-1.067821488;0.409342385;4.059848172
2019-05-18 22:00;-1.285916785;0.336897991;1.442696354
2019-05-18 23:00;-0.706453576;-0.152287921;1.349901591
2019-05-19 00:00;-0.402269889;-0.485427456;0.745765823
2019-05-19 01:00;-0.904778352;0.765122938;2.685545273
2019-05-19 02:00;0.270126059;1.507594452;3.137820767
2019-05-19 03:00;1.974419578;1.076359087;1.659731167
2019-05-19 04:00;1.335197142;-0.212067585;0.44780593
2019-05-19 05:00;0.983110199;-0.472642859;2.742566527
2019-05-19 06:00;-1.133343626;0.319811709;2.231584862
2019-05-19 07:00;-1.205108762;-0.25032726;-0.382792367
2019-05-19 08:00;-0.808880655;0.266114694;-0.161473498
2019-05-19 09:00;-1.02167943;0.544628081;-1.536984454
2019-05-19 10:00;-0.932778658;1.575193332;-2.090633828
2019-05-19 11:00;2.068678967;0.496534586;-2.082998125
2019-05-19 12:00;1.556987162;0.173766503;-1.075247017
2019-05-19 13:00;0.917662921;0.360362355;-2.720787473
2019-05-19 14:00;0.319014239;-0.18263366;-2.16681365
2019-05-19 15:00;-0.625048206;0.382038972;-0.113190583
2019-05-19 16:00;-0.791814155;0.455568043;-0.77923505
2019-05-19 17:00;1.406909059;-1.092970666;-1.027001939
2019-05-19 18:00;0.802353658;-0.701055438;0.877128379
2019-05-19 19:00;-0.350157997;-0.282063901;0.958601483
2019-05-19 20:00;0.989815966;-1.049420315;1.096746888
2019-05-19 21:00;0.156184996;-2.627627603;0.526136837
2019-05-19 22:00;-0.013351337;-0.580774345;0.058181876
2019-05-19 23:00;-1.005897947;-0.724322969;0.442640336
2019-05-20 00:00;-2.332972115;0.127451737;0.348367262
2019-05-20 01:00;-1.644402036;0.444702515;0.035122249
2019-05-20 02:00;-1.586920701;0.544376304;0.55454249
2019-05-20 03:00;-0.328825272;1.9342282;-0.518712619
2019-05-20 04:00;0.763832824;1.782598437;0.032411439
2019-05-20 05:00;1.709902261;3.043350203;0.585342011
2019-05-20 06:00;3.629531961;2.046594594;-0.689702531
2019-05-20 07:00;3.765901885;2.764936669;1.039295042
2019-05-20 08:00;4.493807556;0.384822721;-1.364511884
2019-05-20 09:00;4.338905258;0.418129902;0.476838148
2019-05-20 10:00;2.186801737;0.742999588;-0.621605205
2019-05-20 11:00;3.508580757;0.259246838;-1.523620431
2019-05-20 12:00;1.330872642;1.340296219;-1.882660503
2019-05-20 13:00;1.252509322;1.522670875;-2.887377062
2019-05-20 14:00;1.014732071;0.138939294;-2.888768094
2019-05-20 15:00;0.79707889;0.322490251;-3.012521451
2019-05-20 16:00;-0.726001323;-1.940342692;-2.338714694
2019-05-20 17:00;-1.233190822;-1.506767459;-3.107355571
2019-05-20 18:00;-1.508496123;-1.078223796;-1.575167482
2019-05-20 19:00;-1.53674469;-1.692129725;-1.412802585
2019-05-20 20:00;-1.021222539;-0.069924607;-0.993285896
2019-05-20 21:00;-0.087712388;-0.206615534;-0.196263934
2019-05-20 22:00;-1.059833718;-1.66754504;-0.868652801
2019-05-20 23:00;-1.135013651;-1.612332497;-3.218550927
2019-05-21 00:00;-0.884480563;-1.780855931;-3.180195664
2019-05-21 01:00;-1.847345988;-1.226706264;-2.125822195
2019-05-21 02:00;-0.625501264;-2.001912083;0.268437381
2019-05-21 03:00;0.590024493;-0.384400603;0.861565488
2019-05-21 04:00;-0.889109869;-2.494402295;0.893215902
2019-05-21 05:00;-2.412225263;-0.485362969;0.890879218
2019-05-21 06:00;-2.371479477;0.744886407;0.356350013
2019-05-21 07:00;-1.529658297;1.699485614;0.760937156
2019-05-21 08:00;2.627147032;-0.925009781;0.942482237
2019-05-21 09:00;2.07240206;-1.469877491;1.035283239
2019-05-21 10:00;-1.086198815;-1.511186345;0.113098154
2019-05-21 11:00;-2.713229544;-0.824939318;-0.94712107
2019-05-21 12:00;-2.880663185;-0.528834475;-1.316369865
2019-05-21 13:00;-2.409983733;-1.734909398;-2.445398003
2019-05-21 14:00;-3.048701368;-1.467868598;-0.178730037
2019-05-21 15:00;-2.824753677;-3.428289188;-1.615609201
2019-05-21 16:00;-5.012348487;-3.973685791;-0.936816477
2019-05-21 17:00;-3.705599085;-3.437437954;0.013475133
2019-05-21 18:00;-6.556123135;-3.194820424;1.050963256
2019-05-21 19:00;-5.236195322;-3.757376068;0.548587267
2019-05-21 20:00;-3.939859938;-2.572595635;-0.803982846
2019-05-21 21:00;-5.215920078;-2.343466863;-0.466557912
2019-05-21 22:00;-2.951132097;-0.111224434;0.547599793
2019-05-21 23:00;-2.098089757;-0.55581725;-0.289688933
2019-05-22 00:00;-1.915313099;-1.159556961;0.435091127
2019-05-22 01:00;-1.58223726;-1.547948247;1.446071577
2019-05-22 02:00;-0.571402586;-0.143052938;1.713512701
2019-05-22 03:00;0.805944116;-0.517477022;0.21353252
2019-05-22 04:00;-0.184254096;0.071713056;0.093273817
2019-05-22 05:00;-0.66650821;-0.439676857;0.993867805
2019-05-22 06:00;-1.369856004;-1.869098965;2.208057091
2019-05-22 07:00;-3.825414873;-0.754736149;0.800001033
2019-05-22 08:00;-2.72113279;0.103442538;1.663347917
2019-05-22 09:00;-1.996554791;2.544996153;1.510975499
2019-05-22 10:00;0.16138933;0.176704057;1.26119974
2019-05-22 11:00;0.191241091;-0.275656462;1.776516294
2019-05-22 12:00;0.316567418;0.552997865;2.14755757
2019-05-22 13:00;1.025343581;0.596465041;2.182606271
2019-05-22 14:00;1.274339083;-0.081864965;0.825778244
2019-05-22 15:00;1.409137123;-0.990559966;-0.0664865
2019-05-22 16:00;0.471554201;-1.586364474;0.077170622
2019-05-22 17:00;0.368666468;-1.010260664;0.634411344
2019-05-22 18:00;0.525996661;-1.213869257;0.979716623
2019-05-22 19:00;0.052620622;-0.884349938;1.328480372
2019-05-22 20:00;0.489883752;-1.001846681;2.345650815
2019-05-22 21:00;-1.081264746;0.608026091;1.010541723
2019-05-22 22:00;0.316504283;0.846625078;0.89516522
2019-05-22 23:00;0.456381889;0.315609772;1.017386026
2019-05-23 00:00;-0.823641857;-1.070488342;0.347790309
2019-05-23 01:00;-2.428739224;-0.399152584;0.999458418
2019-05-23 02:00;-1.615989753;1.766985395;-0.175097367
2019-05-23 03:00;-0.328487964;1.335986224;-0.871221819
2019-05-23 04:00;0.56890031;1.597030939;-1.617097619
2019-05-23 05:00;0.098265472;0.327196064;-1.734316422
2019-05-23 06:00;0.608694158;-0.881706902;-1.473838661
2019-05-23 07:00;-1.352809013;0.178365143;-0.002691675
2019-05-23 08:00;-0.575608876;0.372231809;2.426212075
2019-05-23 09:00;-0.24774064;0.709845771;1.545387357
2019-05-23 10:00;1.627273144;0.53255144;1.042512237
2019-05-23 11:00;1.363820136;-0.338538815;1.302923669
2019-05-23 12:00;-2.607126153;-0.339258865;3.356199481
2019-05-23 13:00;-1.09525953;-0.657525993;2.510882038
2019-05-23 14:00;-1.643952212;1.899648397;1.928920822
2019-05-23 15:00;0.907142461;2.09536185;0.088096724
2019-05-23 16:00;0.241091541;0.623527739;-1.157446395
2019-05-23 17:00;-0.463798209;1.374652808;-0.086750878
2019-05-23 18:00;0.241798262;-0.247785689;0.114649792
2019-05-23 19:00;-0.326556002;2.609409052;-0.828004643
2019-05-23 20:00;0.34386063;1.924708036;-1.158771915
2019-05-23 21:00;0.028481586;0.605796548;-0.440173334
2019-05-23 22:00;1.757591734;0.437478058;-0.407974474
2019-05-23 23:00;1.641698254;0.312088911;0.022088982
2019-05-24 00:00;3.552789031;-0.082831939;-0.591262573
2019-05-24 01:00;2.598714396;-1.696016505;-0.609714398
2019-05-24 02:00;0.534405037;-1.602355279;-0.469220505
2019-05-24 03:00;-1.4658471;-1.611773366;0.003744782
2019-05-24 04:00;-0.501526754;-1.585315458;-1.661363835
2019-05-24 05:00;-3.288841952;-1.035249886;-1.120392493
2019-05-24 06:00;-1.949205035;-1.202306374;-2.780146677
2019-05-24 07:00;-2.308864553;-0.97293411;-1.722093087
2019-05-24 08:00;-0.330827091;-0.573085378;-1.356880425
2019-05-24 09:00;0.402431983;0.36084484;0.278052577
2019-05-24 10:00;0.938466465;2.499184683;0.14063308
2019-05-24 11:00;0.033313454;1.378226086;0.402169744
2019-05-24 12:00;1.109453802;3.372157531;0.527040202
2019-05-24 13:00;3.130766596;1.072737335;0.849777857
2019-05-24 14:00;3.217170884;1.110861389;0.500298718
2019-05-24 15:00;3.725003086;1.307949487;-0.342588638
2019-05-24 16:00;3.696234148;1.786303834;-0.249397906
2019-05-24 17:00;3.950017559;2.380686165;-1.000208678
2019-05-24 18:00;3.918253683;1.8579325;-1.76484008
2019-05-24 19:00;1.697589881;1.801111527;-1.928146601
2019-05-24 20:00;2.601075555;1.340651327;-2.873436349
2019-05-24 21:00;1.303216206;-0.438517914;-0.659821983
2019-05-24 22:00;0.151967858;-0.361613627;-1.237558091
2019-05-24 23:00;0.721145374;0.219240947;-0.352667714
2019-05-25 00:00;0.412398714;-0.077322055;-1.714822745
2019-05-25 01:00;-0.127261961;0.592947579;-0.311301761
2019-05-25 02:00;0.693445053;-0.250942972;1.031317058
2019-05-25 03:00;-0.597671071;2.372561344;2.060649405
2019-05-25 04:00;-0.028023246;2.362758526;2.956500641
2019-05-25 05:00;1.117603991;2.687923051;3.217394336
2019-05-25 06:00;1.410159885;2.716864714;1.431789633
2019-05-25 07:00;1.76353607;3.183439444;1.865257341
2019-05-25 08:00;5.533324949;2.6928448;1.414573206
2019-05-25 09:00;5.709482555;1.821549817;1.575384439
2019-05-25 10:00;5.441578449;1.89819083;2.694795451
2019-05-25 11:00;3.917611527;0.655558003;1.379008949
2019-05-25 12:00;1.374474094;-1.861121951;1.542302311
2019-05-25 13:00;-0.172979584;-2.422888461;1.772566408
2019-05-25 14:00;-2.939151684;-2.920665289;1.512600837
2019-05-25 15:00;-4.240621963;-1.207673198;1.245617399
2019-05-25 16:00;-2.948103494;0.115606436;-0.260229562
2019-05-25 17:00;-1.974056588;0.062641667;-0.499479401
2019-05-25 18:00;-3.00802352;-0.526804951;-0.806819103
2019-05-25 19:00;-1.061289133;-0.027607;-0.251526242
2019-05-25 20:00;-0.392193334;-0.336797436;0.094482487
2019-05-25 21:00;-0.884176285;-1.267204648;0.885645735
2019-05-25 22:00;-0.714857882;-0.915389363;1.980920486
2019-05-25 23:00;-0.88737821;0.399360137;1.285554222
2019-05-26 00:00;-1.355870055;0.292873448;0.029774138
2019-05-26 01:00;-0.110441322;1.83440331;-0.31481868
2019-05-26 02:00;2.111664581;2.867626296;0.432318396
2019-05-26 03:00;3.427297757;2.078717543;0.915395919
2019-05-26 04:00;3.63752154;3.052770118;0.08018582
2019-05-26 05:00;0.483915842;2.434102799;-1.577647322
2019-05-26 06:00;3.835344465;-0.148919309;-1.287377549
2019-05-26 07:00;1.915626381;2.12193952;-1.933299513
2019-05-26 08:00;4.754726455;-0.257329228;-3.237237559
2019-05-26 09:00;3.91270484;-0.151420896;-2.085047463
2019-05-26 10:00;0.872199315;0.215672928;-1.965275129
2019-05-26 11:00;0.590266256;0.440933924;-1.814952448
2019-05-26 12:00;1.270473243;1.895667268;-1.666768129
2019-05-26 13:00;2.202450242;0.448699613;-1.352387591
2019-05-26 14:00;0.652958767;-0.502154701;0.034949202
2019-05-26 15:00;0.321372143;-0.993406548;-1.497823822
2019-05-26 16:00;0.00748229;-0.445216609;-1.054413428
2019-05-26 17:00;-1.486870746;-0.712659932;0.757909721
2019-05-26 18:00;-2.597220741;0.213705581;1.115933273
2019-05-26 19:00;-1.54951003;-0.74335423;0.30759084
2019-05-26 20:00;-2.091336076;0.321668244;0.835115889
2019-05-26 21:00;-2.574783431;1.132011139;-0.964338254
2019-05-26 22:00;-0.393144471;-0.652561831;-1.552725863
2019-05-26 23:00;0.055237305;1.232021785;-1.640688172
2019-05-27 00:00;1.895082982;-0.604593886;-0.028206464
2019-05-27 01:00;0.23323622;0.269458457;-0.579554657
2019-05-27 02:00;1.063168623;-1.475231996;-1.783246014
2019-05-27 03:00;0.093643139;-1.310683278;-0.497320218
2019-05-27 04:00;0.094312408;-0.428967321;-0.223019492
2019-05-27 05:00;0.538904034;-0.51374394;0.487047629
2019-05-27 06:00;-1.7515717;-0.715032805;0.701479792
2019-05-27 07:00;-0.120748342;0.558197344;-0.571104777
2019-05-27 08:00;-1.175478465;0.457348053;-1.338236583
2019-05-27 09:00;1.05196637;-0.678485628;-0.217768188
2019-05-27 10:00;0.273721965;-0.902722412;1.969169257
2019-05-27 11:00;0.032859366;-0.271732184;3.288473338
2019-05-27 12:00;-0.228618095;-0.162832934;2.665878371
2019-05-27 13:00;0.879045687;-0.333319737;1.096288796
2019-05-27 14:00;0.186931858;-0.746355269;1.125169293
2019-05-27 15:00;-0.550511005;-2.274061066;0.45997699
2019-05-27 16:00;-2.584100607;-2.308814162;1.46800434
2019-05-27 17:00;-3.81717629;-1.471154398;-0.520849463
2019-05-27 18:00;-1.403697214;-1.715670023;-0.87029419
2019-05-27 19:00;-1.414014428;-1.347902781;1.840822884
2019-05-27 20:00;-1.859327591;-1.561522678;1.420497778
2019-05-27 21:00;-0.902427833;-0.69715021;-0.565125668
2019-05-27 22:00;-0.446886247;-1.276117287;-1.716292289
2019-05-27 23:00;0.393348471;-1.244233663;-2.152576074
2019-05-28 00:00;-1.001494546;-0.551584778;0.259889617
2019-05-28 01:00;0.747427897;0.404960176;-0.415003807
2019-05-28 02:00;0.086703179;-0.015084994;-1.121336417
2019-05-28 03:00;1.289634288;-1.72403905;-0.007084358
2019-05-28 04:00;-2.368096698;-0.596281796;-0.405918391
2019-05-28 05:00;-0.653038894;1.339114696;0.803501842
2019-05-28 06:00;-0.298640683;2.097868666;0.053627304
2019-05-28 07:00;2.207920948;0.176824088;0.534568135
2019-05-28 08:00;3.527853276;-1.764033479;0.216407835
2019-05-28 09:00;0.504368374;-2.188182495;1.533519965
2019-05-28 10:00;-1.67668289;-1.778738692;1.208010141
2019-05-28 11:00;-2.718180769;-0.05413488;1.024737538
2019-05-28 12:00;0.691255476;0.318590404;-0.128140558
2019-05-28 13:00;1.100940751;2.251236627;1.581569267
2019-05-28 14:00;0.550659393;1.451327997;0.538241857
2019-05-28 15:00;1.600885576;1.077099335;0.85604279
2019-05-28 16:00;1.198311786;0.338505153;-1.025188389
2019-05-28 17:00;1.15213786;0.930289508;0.146942363
2019-05-28 18:00;0.758684793;0.711389072;-0.128170679
2019-05-28 19:00;1.252241951;1.39042353;-0.256829117
2019-05-28 20:00;0.770829634;-0.757633488;1.734514466
2019-05-28 21:00;-1.291725583;-1.575212881;0.519345999
2019-05-28 22:00;-2.442997181;-0.738799688;-0.140889635
2019-05-28 23:00;-1.373803053;0.599933265;-1.272472022
2019-05-29 00:00;-0.870379313;-1.440629863;-2.117000387
2019-05-29 01:00;-2.979060287;-0.986604374;-3.573482581
2019-05-29 02:00;-1.683124054;-0.817964794;-3.398272657
2019-05-29 03:00;-2.077899163;0.191768733;-4.216528217
2019-05-29 04:00;-1.587662194;1.517734662;-3.86674441
2019-05-29 05:00;0.740209018;0.486993403;-2.091671595
2019-05-29 06:00;1.009413805;-1.174893694;-1.953728553
2019-05-29 07:00;-1.940725574;-0.742275575;-2.074849609
2019-05-29 08:00;-1.601342863;-1.167075866;-1.274981741
2019-05-29 09:00;-2.600240971;-0.161309205;-1.841794808
2019-05-29 10:00;-0.589075136;-0.148431039;-1.186000503
2019-05-29 11:00;-1.575019351;-1.261346014;-1.238218926
2019-05-29 12:00;-2.15023607;-1.781107386;-0.762884068
2019-05-29 13:00;-2.082229504;-2.353554768;0.235094771
2019-05-29 14:00;-1.781402015;-0.92897128;0.451344631
2019-05-29 15:00;0.635568924;-1.808596059;0.059160523
2019-05-29 16:00;-0.049799239;0.329929251;0.469170565
2019-05-29 17:00;-0.498476182;1.539760783;0.805621409
2019-05-29 18:00;-0.593879334;2.187779017;-0.17290715
2019-05-29 19:00;1.118283035;1.061724703;-0.693691147
2019-05-29 20:00;1.368811066;2.964193949;-0.979037911
2019-05-29 21:00;2.270986786;1.822497358;-0.762586585
2019-05-29 22:00;2.431442182;0.322179593;-0.174080208
2019-05-29 23:00;1.300104249;-0.179927031;-1.032939481
2019-05-30 00:00;1.454194666;-0.83500666;-0.627750049
2019-05-30 01:00;-0.451464333;1.102373202;-1.160212282
2019-05-30 02:00;1.254866973;0.726449245;-1.700702689
2019-05-30 03:00;1.591244761;0.695660311;-1.425592483
2019-05-30 04:00;2.824755654;-0.21800645;-2.201005241
2019-05-30 05:00;3.320367879;-1.371930811;-1.144445524
2019-05-30 06:00;0.510825607;-0.484792659;0.096492514
2019-05-30 07:00;-2.000358074;-2.024347124;-0.802608308
2019-05-30 08:00;-3.966561174;-1.812373958;-1.174705693
2019-05-30 09:00;-1.686400213;-1.016955301;-1.322882998
2019-05-30 10:00;-0.8308977;-0.928498406;0.448905887
2019-05-30 11:00;1.750957656;-1.11524402;0.800495521
2019-05-30 12:00;0.409651006;0.184470603;1.181722289
2019-05-30 13:00;1.366764516;0.15788104;-0.130155854
2019-05-30 14:00;0.451205305;-0.157632046;0.323109476
2019-05-30 15:00;-1.794194394;0.00166078;-0.496179269
2019-05-30 16:00;-0.462665706;-0.509774699;-1.631633316
2019-05-30 17:00;-0.578741881;-1.214962306;-2.374722126
2019-05-30 18:00;-1.173648189;-0.422415442;-1.909180385
2019-05-30 19:00;-1.617398181;0.434883001;-0.860428344
2019-05-30 20:00;-1.276713337;-0.850047124;-2.779634391
2019-05-30 21:00;-0.817262809;0.012900535;-1.603993835
2019-05-30 22:00;-0.378561714;1.399579014;-1.547520922
2019-05-30 23:00;1.619003437;1.843131857;-0.596651492
2019-05-31 00:00;2.495278637;0.259219873;0.398983662
2019-05-31 01:00;0.342371486;0.087921693;0.44847612
2019-05-31 02:00;1.730936788;1.285047853;0.343731868
2019-05-31 03:00;1.701709851;1.174856631;-0.831599935
2019-05-31 04:00;0.102991196;0.878314859;-0.662188215
2019-05-31 05:00;1.385804903;0.135696295;-0.324870563
2019-05-31 06:00;0.402101042;0.680235919;1.161104682
2019-05-31 07:00;0.476423849;1.526673519;0.504171746
2019-05-31 08:00;-0.129763419;-0.250173083;1.92194909
2019-05-31 09:00;1.208420614;-0.231682378;2.536812787
2019-05-31 10:00;2.095416661;1.011789041;1.767833683
2019-05-31 11:00;1.708718812;1.128904543;0.111615635
2019-05-31 12:00;2.040490938;-1.130079466;2.56341949
2019-05-31 13:00;-0.743217639;0.994204141;1.266078827
2019-05-31 14:00;-0.01818665;1.449430156;0.240225915
2019-05-31 15:00;1.866243081;0.825869382;0.190544704
2019-05-31 16:00;0.24485379;-0.102917436;-0.75141292
2019-05-31 17:00;1.298542315;-1.787233314;-0.403244393
2019-05-31 18:00;0.32210291;-3.552648707;0.35380259
2019-05-31 19:00;-2.802173847;-0.888026253;0.287112772
2019-05-31 20:00;-0.658691981;-1.543828189;2.055178879
2019-05-31 21:00;-1.565978316;-2.548238436;2.508517048
2019-05-31 22:00;-3.252528649;-1.819737525;1.148245246
2019-05-31 23:00;-1.900934895;-1.70302341;1.282106412
2019-06-01 00:00;-0.891082636;-0.987890466;-1.378486508
2019-06-01 01:00;-1.111195979;0.072991023;-1.258172119
2019-06-01 02:00;0.068373515;1.620654406;-0.529908919
2019-06-01 03:00;1.250703579;-0.271070384;-0.387595035
2019-06-01 04:00;0.150368922;0.332643773;0.879551693
2019-06-01 05:00;1.078629011;0.599340357;0.5847006
2019-06-01 06:00;-1.211474087;0.518335447;-0.029703896
2019-06-01 07:00;1.265726437;-1.720451579;0.151638303
2019-06-01 08:00;0.707012284;-0.894025564;0.013547156
2019-06-01 09:00;-1.056100756;-0.017539019;0.743661429
2019-06-01 10:00;0.506736883;-0.786336118;-0.927506963
2019-06-01 11:00;-0.146654827;-1.917132463;0.050274766
2019-06-01 12:00;-1.450725186;-1.970722655;-0.856121414
2019-06-01 13:00;-1.299847914;-1.402799999;-1.561122409
2019-06-01 14:00;-0.974579189;-0.847024104;-0.137539957
2019-06-01 15:00;-2.331829716;0.182790454;0.750985805
2019-06-01 16:00;-1.966235509;-2.164038966;1.822200557
2019-06-01 17:00;-2.25013208;0.827509481;0.724628092
2019-06-01 18:00;-0.614233682;1.874504587;0.031088768
2019-06-01 19:00;0.453288294;-0.880278639;-0.43430863
2019-06-01 20:00;-2.196316695;-1.327520567;1.011531873
2019-06-01 21:00;-2.828606098;-1.007202079;-1.136366282
2019-06-01 22:00;-3.951285887;1.487665047;-0.744645267
2019-06-01 23:00;-1.905758306;0.712008087;0.794089267
2019-06-02 00:00;0.471588599;-0.476803027;1.243212733
2019-06-02 01:00;0.309956757;-1.803747282;1.809483554
2019-06-02 02:00;-1.57323998;-1.523519675;0.713397657
2019-06-02 03:00;-0.675326299;0.322131222;-1.441132437
2019-06-02 04:00;-0.509178697;-0.10382368;-2.276175459
2019-06-02 05:00;-0.68642761;-0.082953828;-2.116718295
2019-06-02 06:00;0.242290413;0.833656983;-1.134963649
2019-06-02 07:00;0.539582463;-0.105729002;-0.555828021
2019-06-02 08:00;-0.627837817;0.327761053;0.331452203
2019-06-02 09:00;-1.036787425;-0.105709924;1.534381287
2019-06-02 10:00;-0.953898558;2.373689915;2.354687787
2019-06-02 11:00;0.932366578;3.307263722;3.803260352
2019-06-02 12:00;3.039622141;2.910410035;3.583242811
2019-06-02 13:00;3.957717015;1.81085885;2.434618399
2019-06-02 14:00;3.601044723;1.214748133;1.79468243
2019-06-02 15:00;2.286981061;2.505367644;1.931093561
2019-06-02 16:00;3.618072147;1.39379605;0.431778234
2019-06-02 17:00;2.231546903;2.395063479;2.171987732
2019-06-02 18:00;2.425997864;2.92035371;1.485997276
2019-06-02 19:00;0.371764189;1.775105218;0.115137739
2019-06-02 20:00;1.49241563;2.401976694;0.43293605
2019-06-02 21:00;1.970225781;2.530337917;-0.748834134
2019-06-02 22:00;4.004052768;2.297304304;0.195200399
2019-06-02 23:00;3.408829877;0.786370996;0.430288328
2019-06-03 00:00;1.699290723;-1.214235028;0.0753384
2019-06-03 01:00;-0.175266829;0.340845987;-1.032337484
2019-06-03 02:00;-0.72676651;-0.640211042;-1.426437256
2019-06-03 03:00;-0.472964267;-0.383609199;-1.898876437
2019-06-03 04:00;-0.944606528;-2.157302395;-2.586384775
2019-06-03 05:00;-1.647361472;-2.108320177;-0.343051302
2019-06-03 06:00;-3.574128808;-2.408366078;-0.206325972
2019-06-03 07:00;-2.76180655;-0.790045742;-1.606478662
2019-06-03 08:00;-2.509909201;-0.049192908;-0.118796316
2019-06-03 09:00;-0.021148461;-0.124891862;-2.317181153
2019-06-03 10:00;-0.55428993;0.485560237;-0.536067302
2019-06-03 11:00;-0.306506487;-0.27985306;-1.889461112
2019-06-03 12:00;-1.033199282;0.033567098;-0.56947513
2019-06-03 13:00;-2.829434407;-2.098378897;1.245148083
2019-06-03 14:00;-2.820642427;-0.745237265;0.606783523
2019-06-03 15:00;-4.115326598;-0.528740225;1.433919439
2019-06-03 16:00;-2.422788691;-0.511813146;1.816486724
2019-06-03 17:00;-1.687842369;-0.151766949;1.606457184
2019-06-03 18:00;-0.568921146;-0.144620771;0.331550812
2019-06-03 19:00;-1.116324441;-0.367614756;1.173281432
2019-06-03 20:00;-2.553097171;-1.728244855;-0.097366616
2019-06-03 21:00;-1.396368691;-2.317638692;-0.653001474
2019-06-03 22:00;-1.253100155;-3.644863527;-1.044004149
2019-06-03 23:00;-1.324801;-2.308921495;0.108477571
2019-06-04 00:00;-2.088179725;-0.94317517;-0.409962972
2019-06-04 01:00;-1.267917132;-0.84347335;0.263065392
2019-06-04 02:00;-3.026230239;-1.503947097;-0.658278932
2019-06-04 03:00;-2.927514894;-0.725174065;-0.288539642
2019-06-04 04:00;-1.881849675;-1.18291017;0.92549804
2019-06-04 05:00;-1.47281317;-1.761160039;0.970497571
2019-06-04 06:00;-3.429241121;-2.222524989;1.222640774
2019-06-04 07:00;-2.963963424;0.333338864;0.721535605
2019-06-04 08:00;-2.592084191;1.163427933;-0.730846783
2019-06-04 09:00;-0.008258153;1.399350347;-0.60180078
2019-06-04 10:00;0.014123239;0.561986635;-2.03138965
2019-06-04 11:00;0.640046682;0.576212339;-2.341966681
2019-06-04 12:00;1.709617242;0.351211874;-1.490734981
2019-06-04 13:00;1.63948024;-0.788241961;-1.02872941
2019-06-04 14:00;-0.334026757;-0.657434932;-3.345219603
2019-06-04 15:00;0.051615459;0.014630507;-1.040777259
2019-06-04 16:00;-1.397298432;2.074677477;0.028922748
2019-06-04 17:00;0.616632156;1.781966636;0.959520735
2019-06-04 18:00;2.726128447;-0.251275058;0.590904675
2019-06-04 19:00;1.197321133;-1.748895458;0.753928246
2019-06-04 20:00;-0.49516452;-2.079819952;-0.348366811
2019-06-04 21:00;-0.703920266;-2.689688372;-1.108716546
2019-06-04 22:00;-4.401465727;-0.647990716;-2.790326883
2019-06-04 23:00;-4.305920562;-1.725142226;-2.301429042
2019-06-05 00:00;-5.22525415;-1.209389034;-3.689425614
2019-06-05 01:00;-1.20215317;-2.884721253;-3.972125324
2019-06-05 02:00;-3.727337384;-3.915667895;-2.433079456
2019-06-05 03:00;-4.106080414;-3.853416023;0.397169297
2019-06-05 04:00;-4.271851648;-2.829039698;0.67767029
2019-06-05 05:00;-4.799087871;-0.944736341;1.233397386
2019-06-05 06:00;-4.268076028;-1.144647492;0.534577083
2019-06-05 07:00;-3.807644109;-0.793695967;1.538576668
2019-06-05 08:00;-3.069747708;-0.508777928;1.494353894
2019-06-05 09:00;-1.369874505;-1.702674487;-0.255843081
2019-06-05 10:00;-0.546348003;-3.181548768;-0.476335338
2019-06-05 11:00;-2.335234339;-2.407085935;-0.647755475
2019-06-05 12:00;-2.037061891;-2.616538899;-0.64101035
2019-06-05 13:00;-3.36605396;-1.32955882;-1.156766935
2019-06-05 14:00;-3.43435277;-1.027267514;-1.28097484
2019-06-05 15:00;-1.831606115;-0.469326203;0.829247315
2019-06-05 16:00;-1.530308501;2.76745635;0.961577289
2019-06-05 17:00;0.222763831;1.218190712;1.635816382
2019-06-05 18:00;0.431606452;0.774936529;2.219408398
2019-06-05 19:00;1.070023709;0.326922638;2.559012738
2019-06-05 20:00;0.981522065;0.583834169;1.562628287
2019-06-05 21:00;-0.721875626;-0.587075042;2.34667235
2019-06-05 22:00;-1.813428589;-0.222328175;0.220855145
2019-06-05 23:00;-1.56993076;0.529631971;1.664356649
2019-06-06 00:00;0.35334721;2.183800803;0.849412269
2019-06-06 01:00;1.442946752;1.373955993;0.224401135
2019-06-06 02:00;1.408644202;0.638445382;1.698841719
2019-06-06 03:00;4.325838874;1.465110373;3.664916533
2019-06-06 04:00;3.394645847;1.786494093;2.874472955
2019-06-06 05:00;1.971401242;1.042601011;2.453568909
2019-06-06 06:00;2.208399685;1.445152955;1.797328494
2019-06-06 07:00;0.279696161;-0.837501977;2.147253109
2019-06-06 08:00;-0.539435478;1.366148678;0.476787773
2019-06-06 09:00;1.954271311;0.069357579;0.023013645
2019-06-06 10:00;1.435871723;-1.222516524;-0.635408036
2019-06-06 11:00;-0.784418128;1.177979048;-1.224000019
2019-06-06 12:00;0.630464685;1.592051031;-0.630470344
2019-06-06 13:00;1.42227327;-0.106271871;0.324654017
2019-06-06 14:00;0.881608034;0.839862873;-0.800131031
2019-06-06 15:00;-0.394414588;0.040441618;-1.141377026
2019-06-06 16:00;1.047631425;1.168785189;0.081246667
2019-06-06 17:00;0.045535873;1.4131405;0.646841144
2019-06-06 18:00;-0.90878747;0.416164711;2.257533806
2019-06-06 19:00;0.564558141;-0.537048688;1.104135434
2019-06-06 20:00;-1.735440919;-0.729237847;0.904884736
2019-06-06 21:00;-1.461928762;-0.217711157;-1.375225386
2019-06-06 22:00;-1.638199741;-1.047230304;-1.633554917
2019-06-06 23:00;1.530697511;-0.127525723;-0.74912643
2019-06-07 00:00;-0.714090961;0.703368814;-3.173112652
2019-06-07 01:00;1.236070075;1.381361028;-3.863148364
2019-06-07 02:00;1.159069235;0.591530061;-3.626198195
2019-06-07 03:00;0.908995258;-0.552821147;-2.17312591
2019-06-07 04:00;-1.033734747;-1.800396807;-1.272540052
2019-06-07 05:00;-1.687713335;0.116677991;-0.71537125
2019-06-07 06:00;0.209801984;1.755352016;-1.776295344
2019-06-07 07:00;2.147816777;3.263328506;-1.401990053
2019-06-07 08:00;3.605404778;2.160428406;-1.089996348
2019-06-07 09:00;2.648355437;1.768291888;-0.464785666
2019-06-07 10:00;2.578115633;0.198171541;-0.397475925
2019-06-07 11:00;2.169640084;-1.009991007;-0.527490101
2019-06-07 12:00;-0.111235391;0.074764099;1.449561961
2019-06-07 13:00;0.16204498;-0.844191341;1.561339588
2019-06-07 14:00;0.163846866;0.226990667;-0.322241388
2019-06-07 15:00;0.289920527;1.84364745;0.567059916
2019-06-07 16:00;1.665747256;3.196498223;0.680750098
2019-06-07 17:00;2.326883643;0.810280374;0.202398041
2019-06-07 18:00;1.283024378;2.469962297;1.622263299
2019-06-07 19:00;3.440645134;1.950545505;1.855753585
2019-06-07 20:00;1.980257787;2.2831118;2.667532031
2019-06-07 21:00;1.751175657;0.789876544;1.130061796
2019-06-07 22:00;3.386197773;-2.45762449;1.676575592
2019-06-07 23:00;-0.44011681;-0.794884067;1.224449813
2019-06-08 00:00;-0.380334564;0.950765688;2.319170082
2019-06-08 01:00;0.761580124;1.786536838;1.483820336
2019-06-08 02:00;2.758915005;0.003900564;0.552355557
2019-06-08 03:00;2.487504915;-0.317378227;1.016263849
2019-06-08 04:00;0.566426058;-0.671554204;1.150953376
2019-06-08 05:00;-2.14471908;0.094033474;2.179547407
2019-06-08 06:00;-0.697162663;0.721967703;1.456933834
2019-06-08 07:00;1.521326368;-0.207089846;1.410428953
2019-06-08 08:00;2.325928565;0.742613597;2.349619095
2019-06-08 09:00;1.715295333;-0.108227932;0.367846763
2019-06-08 10:00;1.712918003;-0.7067938;1.533245079
2019-06-08 11:00;-0.06871838;-0.905804857;1.572516511
2019-06-08 12:00;-0.628073397;0.681389147;0.034034399
2019-06-08 13:00;-0.369504123;0.353510803;1.066519205
2019-06-08 14:00;-0.610433618;-0.863059487;2.687991718
2019-06-08 15:00;-2.018317554;-1.280263329;1.906477138
2019-06-08 16:00;-0.693142947;0.980385005;2.238548965
2019-06-08 17:00;0.942460864;0.945630709;2.668326428
2019-06-08 18:00;1.356657104;1.165733268;3.047700035
2019-06-08 19:00;2.803389904;2.676098044;3.480108007
2019-06-08 20:00;3.165927658;3.101547234;3.129474644
2019-06-08 21:00;3.6094193;3.427563969;2.069969538
2019-06-08 22:00;2.329591831;2.535956018;1.857806627
2019-06-08 23:00;1.903795059;2.46053805;1.655160965
2019-06-09 00:00;3.010120528;0.997269053;1.476612645
2019-06-09 01:00;2.71438007;1.435956318;0.678253636
2019-06-09 02:00;3.466079074;1.771522089;-0.880848749
2019-06-09 03:00;1.945922869;2.093448614;1.508363773
2019-06-09 04:00;2.207790102;1.596583956;0.111155416
2019-06-09 05:00;2.691130074;1.046867623;0.431699592
2019-06-09 06:00;2.585818934;1.913545014;-0.297922577
2019-06-09 07:00;1.837327441;1.659766671;-0.667581995
2019-06-09 08:00;2.186174451;0.691880901;-0.502393438
2019-06-09 09:00;1.87045336;-0.010215514;0.190835519
2019-06-09 10:00;1.20767864;-0.449680985;-0.983134464
2019-06-09 11:00;-0.633238603;0.953088174;-0.192866298
2019-06-09 12:00;1.744487728;1.497778764;-0.579173612
2019-06-09 13:00;2.680335035;0.674156701;-1.53811566
2019-06-09 14:00;1.656977053;-0.904461308;-1.880901267
2019-06-09 15:00;-0.38103975;-0.922066063;-2.225045755
2019-06-09 16:00;0.903527925;-1.057657118;-2.475282993
2019-06-09 17:00;-0.992387034;-0.985375243;-2.492427932
2019-06-09 18:00;-0.92557101;-1.344294253;-2.872681407
2019-06-09 19:00;-0.534027786;-1.549556831;-1.151844434
2019-06-09 20:00;-1.442243799;-2.336551725;-0.220889075
2019-06-09 21:00;-2.36960566;-1.898905364;-1.820502112
2019-06-09 22:00;-3.218538453;-0.647960423;-2.702030006
2019-06-09 23:00;-2.447510095;0.472565531;-2.604708088
2019-06-10 00:00;0.453193385;1.463874498;-3.271346522
2019-06-10 01:00;2.878002542;1.382758651;-0.976371343
2019-06-10 02:00;3.614055756;0.910357264;-1.830868073
2019-06-10 03:00;3.535050026;0.513217051;-2.789386227
2019-06-10 04:00;2.83767197;-0.468227053;-2.747959011
2019-06-10 05:00;-1.649947634;-1.452004583;-1.638679368
2019-06-10 06:00;-1.330799908;-2.289751287;-1.303026344
2019-06-10 07:00;-1.896380689;-2.24688757;-1.320962606
2019-06-10 08:00;-0.737398597;-2.172949716;0.203026194
2019-06-10 09:00;-1.335993897;-2.732487638;0.245681758
2019-06-10 10:00;-2.449915205;-3.092157706;0.90104754
2019-06-10 11:00;-2.700876627;-2.155410068;-0.516327655
2019-06-10 12:00;-1.67904223;-0.684659156;-1.399786655
2019-06-10 13:00;-2.72616803;0.759383541;-1.437718489
2019-06-10 14:00;-1.915187521;-0.681485097;-1.488192323
2019-06-10 15:00;-1.743788639;-1.126358258;0.780379133
2019-06-10 16:00;0.26521853;-2.048867869;0.861837007
2019-06-10 17:00;-0.312046998;-1.47004748;0.546951979
2019-06-10 18:00;-0.526053068;0.611873162;-0.587856058
2019-06-10 19:00;0.443702698;-0.348666929;1.037771282
2019-06-10 20:00;-0.216072865;-0.102233258;0.60836801
2019-06-10 21:00;-0.322051204;-0.744751538;0.949666175
2019-06-10 22:00;-0.562582894;-2.094604283;-0.052943335
2019-06-10 23:00;0.003006446;-0.168893674;0.973670151
2019-06-11 00:00;0.578536623;0.001490676;3.475940985
2019-06-11 01:00;0.992205676;2.113677166;2.982567648
2019-06-11 02:00;3.055113221;0.398202156;2.398324185
2019-06-11 03:00;1.900605654;0.569144073;1.729304221
2019-06-11 04:00;1.700921166;-0.036617263;0.473766284
2019-06-11 05:00;-0.419921518;0.753465157;0.663694427
2019-06-11 06:00;1.370563701;0.381910395;0.407971703
2019-06-11 07:00;1.316463538;0.248783353;1.995740847
2019-06-11 08:00;1.22791711;-0.384829905;2.848369426
2019-06-11 09:00;-0.624960842;-1.729254541;0.78116792
2019-06-11 10:00;-2.70640488;-2.657456719;1.449940095
2019-06-11 11:00;-2.389514582;-2.09371662;0.956098083
2019-06-11 12:00;-2.406768702;-1.415766775;0.46985764
2019-06-11 13:00;-2.372263856;-0.440790613;1.519023033
2019-06-11 14:00;-1.176409494;-1.518878277;2.291405681
2019-06-11 15:00;-0.447420056;-2.413605765;-0.042760149
2019-06-11 16:00;-1.487256645;-1.911190163;0.540833443
2019-06-11 17:00;-2.50886688;0.879698462;0.455578483
2019-06-11 18:00;-0.015747634;0.842039683;0.634024642
2019-06-11 19:00;0.101398369;-0.614414483;-0.457978763
2019-06-11 20:00;-2.273107815;1.305029771;-1.145313434
2019-06-11 21:00;0.199671725;1.040490838;-0.939609386
2019-06-11 22:00;2.041116502;0.612093444;-0.81890363
2019-06-11 23:00;2.460946762;1.887551982;-1.606307446
2019-06-12 00:00;0.954875651;1.384516114;-1.554842784
2019-06-12 01:00;0.406197253;0.315625552;-0.831971036
2019-06-12 02:00;-0.15160345;1.907477682;-2.798195166
2019-06-12 03:00;2.040173891;1.579164851;-1.713668224
2019-06-12 04:00;2.352238105;0.726158166;-2.145864854
2019-06-12 05:00;2.376455081;1.512097603;-1.90092734
2019-06-12 06:00;2.546936452;2.004198587;-0.983886742
2019-06-12 07:00;3.018817636;0.956368699;-1.929088678
2019-06-12 08:00;1.597036762;0.856694154;-2.214906343
2019-06-12 09:00;1.775414034;1.369170125;-1.414649058
2019-06-12 10:00;1.211755551;0.022762502;-0.866665166
2019-06-12 11:00;1.324564368;-0.396870177;-1.065084532
2019-06-12 12:00;2.198096976;-1.000785958;0.619161297
2019-06-12 13:00;1.484323955;-1.614247392;0.008744553
2019-06-12 14:00;-1.188738465;-0.647330322;-0.456742305
2019-06-12 15:00;-0.030354591;-1.402924709;0.212480805
2019-06-12 16:00;-1.809421251;2.299203775;-0.513832795
2019-06-12 17:00;0.714226925;2.858277547;-1.62179306
2019-06-12 18:00;1.636467654;0.998104886;-2.107891926
2019-06-12 19:00;0.920149668;2.26787159;-1.233316119
2019-06-12 20:00;5.213607062;1.71333623;-0.279848959
2019-06-12 21:00;1.825767285;0.607092125;-0.558364471
2019-06-12 22:00;1.21758428;-0.479921237;-1.491473519
2019-06-12 23:00;1.057794246;-1.026107948;-0.946634722
2019-06-13 00:00;1.578944933;-0.901535905;1.825079935
2019-06-13 01:00;0.109690888;-1.926449954;0.293783019
2019-06-13 02:00;-2.045093338;-0.819617235;0.23610036
2019-06-13 03:00;-1.102968403;1.621438477;-1.185824106
2019-06-13 04:00;1.099687405;0.940665595;-0.996498686
2019-06-13 05:00;2.113876171;0.532476707;-0.961320209
2019-06-13 06:00;0.518970784;0.339722509;-1.606959698
2019-06-13 07:00;0.025150698;2.584324332;-1.34276861
2019-06-13 08:00;-0.740245007;2.022520668;-0.155659872
2019-06-13 09:00;0.65920481;4.358001045;0.249030931
2019-06-13 10:00;2.590752431;2.044094904;-0.737628077
2019-06-13 11:00;3.449513824;1.783044062;0.012381997
2019-06-13 12:00;3.064108353;-0.255587085;0.529502599
2019-06-13 13:00;1.119304763;-0.770264797;0.345115995
2019-06-13 14:00;0.814433103;-0.81662443;-0.284128697
2019-06-13 15:00;-1.195718291;-0.819959326;-0.451045263
2019-06-13 16:00;-0.84820753;-1.651148709;-0.22173345
2019-06-13 17:00;-1.646849364;-2.340298514;-0.708661849
2019-06-13 18:00;-1.355273944;-2.285884844;-0.743232224
2019-06-13 19:00;-2.590856494;-0.821313779;-1.529225035
2019-06-13 20:00;-0.952895663;-2.037546728;-1.353980089
2019-06-13 21:00;-1.619470487;0.535745774;-2.291906536
2019-06-13 22:00;-0.67390924;1.280935466;-2.458514391
2019-06-13 23:00;0.221888018;1.025012208;-1.30076215
2019-06-14 00:00;-0.182497468;1.488789361;-0.182070356
2019-06-14 01:00;0.311170336;0.409038298;-0.137630541
2019-06-14 02:00;0.107966066;0.40402651;0.734188004
2019-06-14 03:00;-1.144082044;-0.604026819;-0.373566331
2019-06-14 04:00;-1.125796458;-0.114509445;0.498945955
2019-06-14 05:00;-0.866751153;-0.353948017;-2.324633872
2019-06-14 06:00;-0.544887858;-0.591445743;-1.761084347
2019-06-14 07:00;-0.704702058;0.071614016;-0.194605111
2019-06-14 08:00;0.95493346;-0.133441924;-0.598689787
2019-06-14 09:00;-0.538391931;-0.499758375;-2.852773923
2019-06-14 10:00;0.312814579;0.190445022;-2.059220017
2019-06-14 11:00;1.052166506;0.763340525;-2.457438915
2019-06-14 12:00;1.117409812;-0.149447089;-2.576251064
2019-06-14 13:00;1.153854807;0.259092908;-0.967784542
2019-06-14 14:00;0.712164329;-0.954293818;0.361538632
2019-06-14 15:00;-1.086809759;-1.745384712;1.162289216
2019-06-14 16:00;-1.722135444;-2.539227705;0.857826264
2019-06-14 17:00;-3.115861364;-0.306935493;-0.584624874
2019-06-14 18:00;-2.648557168;1.903532011;-0.326245795
2019-06-14 19:00;-0.016092356;1.203722577;-0.618342094
2019-06-14 20:00;2.315229614;2.449485644;-0.579745919
2019-06-14 21:00;3.192535443;1.622602684;1.273908348
2019-06-14 22:00;1.842530607;3.535930058;0.398099148
2019-06-14 23:00;3.075102297;1.447847875;1.349767322
2019-06-15 00:00;2.486513072;1.655613207;1.223520046
2019-06-15 01:00;1.810728837;3.231331957;0.545729567
2019-06-15 02:00;2.681356424;1.248911321;0.708094161
2019-06-15 03:00;2.166443486;1.497704445;0.798970294
2019-06-15 04:00;2.174078426;0.115755756;0.250929996
2019-06-15 05:00;0.278305138;-0.218816434;0.25614586
2019-06-15 06:00;-0.900915812;-1.287720223;0.640693467
2019-06-15 07:00;-0.382129005;-0.212504858;1.306896708
2019-06-15 08:00;-0.761955565;0.803422478;0.511638713
2019-06-15 09:00;-0.933871011;0.005631712;0.379359729
2019-06-15 10:00;-0.023535469;-1.888695667;0.328912746
2019-06-15 11:00;-1.89231112;-1.632740617;0.321401408
2019-06-15 12:00;-3.008901705;-1.465107881;0.495087225
2019-06-15 13:00;-2.793941661;-0.431695136;-0.187295787
2019-06-15 14:00;-1.468435419;1.269997493;-0.60020641
2019-06-15 15:00;-0.402803967;0.225117327;-2.422118879
2019-06-15 16:00;1.192928103;-0.377928532;-2.174066176
2019-06-15 17:00;1.436190636;-0.598764102;-0.692923066
2019-06-15 18:00;-1.481161187;-1.186349735;-1.917836048
2019-06-15 19:00;-1.65418037;-1.834736147;-1.85011279
2019-06-15 20:00;-1.857575481;-2.261057838;-0.23799284
2019-06-15 21:00;-3.200175567;-0.458458316;1.010401647
2019-06-15 22:00;-2.947202614;-0.398946403;-0.061249887
2019-06-15 23:00;-4.168023195;-0.513028919;-0.073947837
2019-06-16 00:00;-2.558765353;0.435283931;-0.701317221
2019-06-16 01:00;-0.252139921;-0.767286576;-0.404449358
2019-06-16 02:00;-0.450826832;-2.976141271;-0.069726157
2019-06-16 03:00;-0.85886117;-0.609785806;-0.689888563
2019-06-16 04:00;-0.164159643;-1.539600837;-1.518829489
2019-06-16 05:00;-2.071880791;-1.088587046;-1.539178969
2019-06-16 06:00;-1.143658781;-1.669006149;-1.030246152
2019-06-16 07:00;-2.568799557;-0.856194545;-0.646682403
2019-06-16 08:00;-0.905668039;-0.724229978;-3.146863177
2019-06-16 09:00;-0.874506931;1.76178384;-1.935945768
2019-06-16 10:00;0.351751044;-0.398006516;-3.118298972
2019-06-16 11:00;-0.034232038;1.575468004;-3.141881784
2019-06-16 12:00;2.53640319;1.591843276;-1.194302412
2019-06-16 13:00;4.187707556;-0.455026812;-1.161735453
2019-06-16 14:00;1.157867589;0.191993652;-1.075688946
2019-06-16 15:00;0.697199555;-1.113682163;0.028814656
2019-06-16 16:00;-0.140043765;0.945436428;1.220415291
2019-06-16 17:00;1.587551885;0.724046313;0.231584223
2019-06-16 18:00;1.972615218;-1.61697846;1.250447367
2019-06-16 19:00;-0.396465743;-1.441632281;1.05833386
2019-06-16 20:00;1.328415853;-0.638535296;0.839000996
2019-06-16 21:00;-0.642587703;-0.555942318;1.067335004
2019-06-16 22:00;-0.089859075;-1.882303084;0.247547089
2019-06-16 23:00;-0.639404007;-1.840298392;0.060763197
2019-06-17 00:00;-0.743878689;-1.371062125;-0.588086044
2019-06-17 01:00;-0.026174106;-2.460485288;1.262406105
2019-06-17 02:00;-0.080292158;-2.128248243;2.368432067
2019-06-17 03:00;-1.523038019;-0.977861842;1.492859785
2019-06-17 04:00;-1.928622116;-0.791464226;0.860566034
2019-06-17 05:00;-1.435623937;-0.546757845;0.262291337
2019-06-17 06:00;-2.519581148;-0.460002946;1.824031348
2019-06-17 07:00;-2.530893562;1.586116075;1.879645383
2019-06-17 08:00;-2.669557799;0.32407822;1.255170556
2019-06-17 09:00;-1.731755241;-0.617059696;0.222796962
2019-06-17 10:00;-1.213600585;-1.558001094;-0.765123751
2019-06-17 11:00;-1.706838168;-1.207074039;-1.867744192
2019-06-17 12:00;-1.167769962;-1.07983605;-0.835446111
2019-06-17 13:00;-1.585905149;-1.31986141;0.899104534
2019-06-17 14:00;-1.269893811;-2.327461434;3.481351913
2019-06-17 15:00;-3.299822875;-0.695858066;3.180186389
2019-06-17 16:00;-1.907809283;-0.24086007;3.085788749
2019-06-17 17:00;-1.555486714;0.606955785;1.622727582
2019-06-17 18:00;-1.725129673;-0.522701098;-0.036936791
2019-06-17 19:00;-0.245660148;0.161472112;0.788089961
2019-06-17 20:00;-0.007705886;0.979493178;-1.122588663
2019-06-17 21:00;2.242984601;1.332738089;-0.824994522
2019-06-17 22:00;2.879734966;2.67748313;-1.504443066
2019-06-17 23:00;3.785807969;3.354941462;0.0790859
2019-06-18 00:00;4.94200279;4.402653655;-1.42106171
2019-06-18 01:00;6.270887024;3.438812741;-1.651061869
2019-06-18 02:00;4.762931526;1.363770398;-1.175698023
2019-06-18 03:00;2.415756245;-0.012361584;-1.401442216
2019-06-18 04:00;1.042616924;-0.170416321;0.63074213
2019-06-18 05:00;0.393553414;-0.085835468;1.239891191
2019-06-18 06:00;-0.931950263;-1.447000638;1.252086806
2019-06-18 07:00;-0.039927029;-1.892653121;1.013659659
2019-06-18 08:00;-0.62665344;-0.50277024;0.417419332
2019-06-18 09:00;-2.593642999;-1.733246277;0.117726851
2019-06-18 10:00;-4.296787481;-2.508176732;-0.538295893
2019-06-18 11:00;-5.224303314;-1.590991425;0.415718277
2019-06-18 12:00;-3.792839461;-1.506066157;0.299726684
2019-06-18 13:00;-6.442656156;-0.548523951;0.700175688
2019-06-18 14:00;-4.157704818;-1.366059396;1.581558693
2019-06-18 15:00;-2.820676854;0.235082292;3.069884941
2019-06-18 16:00;-2.412668849;2.842397538;3.4761133
2019-06-18 17:00;-0.437157318;4.002072731;2.404248311
2019-06-18 18:00;2.383603062;2.80861715;2.694622462
2019-06-18 19:00;2.627561529;3.130102816;1.136892847
2019-06-18 20:00;3.05207313;4.142621684;-1.505729792
2019-06-18 21:00;4.245628328;2.227623017;-0.894702126
2019-06-18 22:00;4.075343066;1.09031326;-1.941370557
2019-06-18 23:00;2.502857469;1.73125963;-1.410368856
2019-06-19 00:00;2.293073666;0.427203374;-1.188262018
2019-06-19 01:00;2.930658139;-0.152262261;-1.256582232
2019-06-19 02:00;3.025463743;0.296796267;-1.413082359
2019-06-19 03:00;2.914252208;1.647767876;1.274117863
2019-06-19 04:00;2.944605365;1.146568253;0.680880109
2019-06-19 05:00;1.79134437;0.394842628;1.307646751
2019-06-19 06:00;0.027546439;1.404240028;2.305156038
2019-06-19 07:00;0.757188047;1.215022918;1.317108937
2019-06-19 08:00;0.390396813;1.935138344;2.51951829
2019-06-19 09:00;1.145427262;1.613640008;1.549230898
2019-06-19 10:00;2.494567741;0.923501656;1.803203001
2019-06-19 11:00;2.882595255;1.373999396;1.476407879
2019-06-19 12:00;2.633029954;1.435095723;2.388709935
2019-06-19 13:00;1.421039402;1.082895133;1.147227381
2019-06-19 14:00;1.674338458;3.391192995;0.449269702
2019-06-19 15:00;3.604616801;1.699291456;1.407025478
2019-06-19 16:00;4.35489572;2.351599959;2.225359629
2019-06-19 17:00;3.851624182;1.843785516;1.170784549
2019-06-19 18:00;3.166209449;-0.861377479;1.60098043
2019-06-19 19:00;2.145921828;0.732789622;0.785241422
2019-06-19 20:00;0.699005945;1.698320415;3.050756924
2019-06-19 21:00;2.123415417;2.449512743;1.641152219
2019-06-19 22:00;2.103810136;1.388016431;2.110021526
2019-06-19 23:00;3.574771492;1.109588811;-0.061112617
2019-06-20 00:00;3.302010723;1.415134518;-2.45773566
2019-06-20 01:00;3.922290449;1.311493424;-1.341646098
2019-06-20 02:00;4.35955559;0.521595955;-0.631811535
2019-06-20 03:00;2.277163317;3.661873377;-0.826464151
2019-06-20 04:00;2.86657258;2.112400554;-1.190276119
2019-06-20 05:00;3.477185126;3.245415848;-1.60994594
2019-06-20 06:00;4.753068192;0.402997877;-1.252101592
2019-06-20 07:00;2.078164703;-1.046780909;0.199877921
2019-06-20 08:00;0.945051951;0.207659388;0.182381312
2019-06-20 09:00;1.404381861;-1.821940465;0.527217416
2019-06-20 10:00;-0.328984375;-0.796204135;-0.572337973
2019-06-20 11:00;-0.067814798;-0.690164272;-1.95635145
2019-06-20 12:00;-1.264299635;0.749365365;-2.08958776
2019-06-20 13:00;0.513480975;0.237158315;-0.540930382
2019-06-20 14:00;0.200742532;0.492939989;-1.727411981
2019-06-20 15:00;0.859128101;-0.367213312;-1.733025714
2019-06-20 16:00;-0.380418401;-0.436215705;-1.251108601
2019-06-20 17:00;-0.114867603;-0.675438248;-1.406750604
2019-06-20 18:00;0.480930201;-2.070637234;-0.795476888
2019-06-20 19:00;-2.246424131;-1.250131453;-2.301318039
2019-06-20 20:00;-2.359738216;-1.350894197;-0.676274497
2019-06-20 21:00;-3.706774256;-1.782993555;-0.874042706
2019-06-20 22:00;-1.945518984;-1.590724322;-1.39654333
2019-06-20 23:00;-0.958714313;-7.03E-05;-1.186043257
2019-06-21 00:00;0.265784152;-1.588210389;0.036733763
2019-06-21 01:00;-1.552312502;-0.067253367;-0.195225853
2019-06-21 02:00;-0.882891532;-0.396413076;-1.401526976
2019-06-21 03:00;-0.554417273;-0.731349568;-1.579586126
2019-06-21 04:00;-0.871231706;-0.105615027;-1.940708477
2019-06-21 05:00;0.249045219;1.254298643;-1.083120852
2019-06-21 06:00;3.97837186;0.879235175;0.086904051
2019-06-21 07:00;3.447759545;1.670201069;0.252593114
2019-06-21 08:00;2.182107102;0.365293979;-0.005176202
2019-06-21 09:00;1.416865668;-0.413577959;-1.41075624
2019-06-21 10:00;1.69529797;0.206901311;-0.754644155
2019-06-21 11:00;0.081332908;-0.954414542;1.258929908
2019-06-21 12:00;-1.674808777;1.145701329;0.404101032
2019-06-21 13:00;1.225224075;-1.388662393;0.303949631
2019-06-21 14:00;-0.078533545;-3.356758583;1.145172325
2019-06-21 15:00;-1.507323368;-2.428170903;1.006588086
2019-06-21 16:00;-3.310553236;-2.499048829;1.784808095
2019-06-21 17:00;-5.000297512;-1.280393475;0.433633562
2019-06-21 18:00;-2.333687233;-1.114902322;1.18598813
2019-06-21 19:00;-1.811408603;-2.449856154;-0.99637256
2019-06-21 20:00;-2.518558614;0.094058972;-1.838777438
2019-06-21 21:00;-0.271684232;0.206250936;-0.572176808
2019-06-21 22:00;0.731402456;-1.125124177;3.492024699
2019-06-21 23:00;-0.72512745;-0.757319787;2.438822929
2019-06-22 00:00;0.211773816;-0.360230628;2.24494117
2019-06-22 01:00;-1.190645642;-1.603727011;2.543173309
2019-06-22 02:00;-2.600732272;-0.262651062;1.235848165
2019-06-22 03:00;-1.329075335;-0.860951004;0.178513064
2019-06-22 04:00;-1.748935178;0.335987457;-0.402345401
2019-06-22 05:00;-1.081321196;1.357783243;-1.36103833
2019-06-22 06:00;-0.367548697;0.675304472;-1.222202361
2019-06-22 07:00;1.138137165;-0.562345657;-3.645214271
2019-06-22 08:00;1.759711898;-1.689747662;-2.712163307
2019-06-22 09:00;-0.521133012;-1.089284217;-2.007290635
2019-06-22 10:00;-1.05443113;-0.36271503;-0.537825509
2019-06-22 11:00;-0.437514521;0.685797425;0.073055593
2019-06-22 12:00;-2.262396011;-0.453015143;1.62488971
2019-06-22 13:00;-1.683324392;-1.069884948;1.819798982
2019-06-22 14:00;-1.816625658;-1.691423247;1.056699731
2019-06-22 15:00;-3.036611599;-0.304700796;1.530451486
2019-06-22 16:00;-1.430554292;-0.44149083;3.205583764
2019-06-22 17:00;-1.897859656;0.271278355;1.534735773
2019-06-22 18:00;0.89900159;1.674590169;0.859959132
2019-06-22 19:00;1.441915362;1.59529465;1.029901736
2019-06-22 20:00;2.76175912;0.893381435;-0.024459748
2019-06-22 21:00;2.468640595;-1.583522171;0.190437673
2019-06-22 22:00;-0.431339171;0.097235203;0.103953114
2019-06-22 23:00;-0.471340124;-0.033826752;-0.494682503
2019-06-23 00:00;-0.581793172;1.571689818;0.411795622
2019-06-23 01:00;1.074239943;2.272398125;-0.06292006
2019-06-23 02:00;1.730858463;0.852297687;-1.664624681
2019-06-23 03:00;1.268803488;1.726491089;-2.130742866
2019-06-23 04:00;3.600536879;-0.717240575;-2.808283949
2019-06-23 05:00;2.268928814;-0.494012196;-1.864108646
2019-06-23 06:00;1.001610483;1.075591574;-1.151506268
2019-06-23 07:00;1.098913557;1.382663724;-1.134449969
2019-06-23 08:00;1.703578518;2.949365968;-0.02104787
2019-06-23 09:00;1.912278111;1.282254077;-2.323214903
2019-06-23 10:00;0.937488127;2.399385252;-1.535329089
2019-06-23 11:00;3.296352287;1.451315255;-0.659481801
2019-06-23 12:00;2.388779857;2.351821424;-0.880076346
2019-06-23 13:00;3.12932594;3.491281474;0.50819258
2019-06-23 14:00;4.233686139;2.406865041;0.51903295
2019-06-23 15:00;3.407785131;1.081033259;1.297212976
2019-06-23 16:00;3.091405421;-0.039058929;0.433574406
2019-06-23 17:00;0.75649741;0.943877524;-0.010967299
2019-06-23 18:00;1.371656007;0.762905539;-1.125641078
2019-06-23 19:00;0.570870302;-0.327151392;-0.596182764
2019-06-23 20:00;1.466383662;0.456509569;-0.786731327
2019-06-23 21:00;0.095646852;-0.633291943;0.342041658
2019-06-23 22:00;-0.626565618;0.537727758;-0.454446839
2019-06-23 23:00;-1.090469964;-0.069543593;-0.014129884
2019-06-24 00:00;-1.547535437;1.878420592;1.455829759
2019-06-24 01:00;1.074535692;1.664591442;1.32430117
2019-06-24 02:00;0.735548796;0.666785032;0.874377797
2019-06-24 03:00;1.446234126;-0.847005672;0.563814896
2019-06-24 04:00;0.388463754;-1.555281914;-0.835807735
2019-06-24 05:00;-2.165493436;-2.737720845;-0.351592975
2019-06-24 06:00;-2.820744277;-1.472300896;-0.843118992
2019-06-24 07:00;-3.046075494;-1.360849552;0.412329925
2019-06-24 08:00;-2.280548835;-1.164727932;1.72504876
2019-06-24 09:00;-1.394308103;-2.168620219;1.436472777
2019-06-24 10:00;-1.951381251;-2.161715118;0.008912456
2019-06-24 11:00;-1.821826278;1.000353039;0.791033276
2019-06-24 12:00;-0.092444753;0.149978192;0.62636836
2019-06-24 13:00;0.717180364;-0.841736739;1.043876467
2019-06-24 14:00;-0.160434219;-1.323755108;0.770817746
2019-06-24 15:00;0.539471938;-0.714909976;-0.266086363
2019-06-24 16:00;0.928908141;-1.371644118;-0.63820114
2019-06-24 17:00;0.30976395;-3.061016259;1.299070397
2019-06-24 18:00;-1.588001859;-1.669411034;0.977161645
2019-06-24 19:00;-3.227764873;-1.248103456;-0.273193449
2019-06-24 20:00;-1.215325932;-0.840648644;-0.754180351
2019-06-24 21:00;-1.191406589;-0.945254687;-0.834198668
2019-06-24 22:00;-2.671322039;-0.616329376;0.694118982
2019-06-24 23:00;-1.543075026;0.148759055;1.371171128
2019-06-25 00:00;-0.724196544;1.432529934;1.919099093
2019-06-25 01:00;0.292382376;1.06576037;-0.087721451
2019-06-25 02:00;-0.567995896;0.676843925;-0.467575373
2019-06-25 03:00;0.08662415;-0.018687777;-0.017908214
2019-06-25 04:00;-1.52804698;-0.967038191;-0.166036502
2019-06-25 05:00;-1.164997895;-1.216510278;-0.853403864
2019-06-25 06:00;-2.120978142;0.1776361;-0.431633515
2019-06-25 07:00;-0.88325974;0.436859407;-1.448575075
2019-06-25 08:00;1.107111281;-0.30182473;-1.516194197
2019-06-25 09:00;-0.170411393;-2.477947006;-2.156172817
2019-06-25 10:00;-0.087999407;-0.257987069;-2.166673748
2019-06-25 11:00;0.1070826;-0.429771297;-1.850315536
2019-06-25 12:00;-0.130242674;0.254920164;-1.238653587
2019-06-25 13:00;0.744541958;2.940640856;-1.495718189
2019-06-25 14:00;4.074125813;2.343913456;-0.340499948
2019-06-25 15:00;4.203347124;1.590454612;-0.047573477
2019-06-25 16:00;2.335319976;2.139946768;-1.131160517
2019-06-25 17:00;2.830261245;1.460456863;-0.604848876
2019-06-25 18:00;0.511703574;1.849003702;0.710792126
2019-06-25 19:00;0.853359433;-0.548627313;-0.723578072
2019-06-25 20:00;-1.615868779;0.156406654;-0.069921109
2019-06-25 21:00;-2.578398134;0.227227676;-1.497476195
2019-06-25 22:00;-0.619627511;-0.50781989;-2.115938223
2019-06-25 23:00;-0.655193706;-0.51616261;-0.952469128
2019-06-26 00:00;-1.777972156;0.42611543;-0.441711375
2019-06-26 01:00;-0.304017576;-0.765033382;-0.091493549
2019-06-26 02:00;-1.352304586;-0.23307571;-0.355252031
2019-06-26 03:00;-2.524118504;0.493260106;0.955845485
2019-06-26 04:00;-0.563593153;0.121448243;1.379255915
2019-06-26 05:00;-1.52401548;-0.389389076;0.907918699
2019-06-26 06:00;-1.170549521;-0.486033305;1.648761886
2019-06-26 07:00;-2.485230183;0.794238439;0.316574884
2019-06-26 08:00;-0.145427127;1.929838769;-0.617393895
2019-06-26 09:00;0.378203192;2.239632088;1.176649548
2019-06-26 10:00;1.180728675;-0.198497996;0.874679516
2019-06-26 11:00;-1.422640457;-0.075536084;-0.644954125
2019-06-26 12:00;-0.367790442;0.858808229;-0.005262897
2019-06-26 13:00;0.223533494;-0.598355836;0.502481286
2019-06-26 14:00;-1.239231609;-1.486076915;0.171335547
2019-06-26 15:00;-1.826396092;-0.518699023;-1.645654668
2019-06-26 16:00;0.67018866;0.088017635;-1.615585231
2019-06-26 17:00;1.836625522;-0.919312362;-2.537463695
2019-06-26 18:00;-0.063742099;-1.810997366;-2.346202272
2019-06-26 19:00;-1.080705429;-0.911246222;-1.040515474
2019-06-26 20:00;-0.916344835;-2.661002538;-0.418702726
2019-06-26 21:00;-2.77305069;-2.555749003;-1.148735457
2019-06-26 22:00;-2.344753748;0.428307369;-2.749315539
2019-06-26 23:00;-1.232981513;-0.230863369;-1.896492108
2019-06-27 00:00;-0.886827085;0.114270928;-0.329071643
2019-06-27 01:00;-1.320939946;1.168624256;-1.596546513
2019-06-27 02:00;0.852210539;0.411617144;-1.345774976
2019-06-27 03:00;0.140349205;0.948386967;-1.426240731
2019-06-27 04:00;1.239666992;1.478242528;-0.12439135
2019-06-27 05:00;0.40733175;2.419426328;0.518014658
2019-06-27 06:00;1.428653797;2.728171917;1.634263765
2019-06-27 07:00;2.274348092;1.685743367;1.813556864
2019-06-27 08:00;1.470776815;1.742833456;0.326504671
2019-06-27 09:00;-0.293385218;1.814570782;0.27966122
2019-06-27 10:00;0.452055386;2.005071334;1.264630657
2019-06-27 11:00;0.597642881;1.246300932;3.308377394
2019-06-27 12:00;-1.278341104;1.602525422;2.933750208
2019-06-27 13:00;0.533806587;-0.637783065;2.469347082
2019-06-27 14:00;-0.769891547;1.912750503;2.003838385
2019-06-27 15:00;-0.82799379;1.669051856;1.630622873
2019-06-27 16:00;0.212130413;-0.087845952;-0.554062681
2019-06-27 17:00;0.99533145;-0.411895768;-0.702739077
2019-06-27 18:00;0.568875906;-2.632961879;-0.66791772
2019-06-27 19:00;-0.751683909;-1.033358984;-1.529540652
2019-06-27 20:00;-2.012407375;-1.66460709;0.27693428
2019-06-27 21:00;-3.234161074;-0.091897027;1.493821455
2019-06-27 22:00;-1.662979008;-0.053524889;-0.73502412
2019-06-27 23:00;-2.039559361;-0.505518117;-0.852707383
2019-06-28 00:00;-0.57426213;1.972598341;1.454432725
2019-06-28 01:00;2.147520941;1.606296923;3.057940199
2019-06-28 02:00;1.747737123;1.536343773;1.492928999
2019-06-28 03:00;1.055933763;0.809937894;0.384226189
2019-06-28 04:00;1.709256994;0.068538229;0.867264342
2019-06-28 05:00;1.680678455;-0.131203499;2.089081662
2019-06-28 06:00;2.410815184;0.561612812;0.832894762
2019-06-28 07:00;1.78122799;0.663276379;1.440489692
2019-06-28 08:00;0.840444558;0.308819773;-0.034297337
2019-06-28 09:00;0.684262945;-0.865371502;1.279083006
2019-06-28 10:00;0.278125325;-1.806781905;-0.545262426
2019-06-28 11:00;-0.051865123;-1.880143203;0.006025674
2019-06-28 12:00;-0.74148892;-0.905291645;-1.191206578
2019-06-28 13:00;-0.500959889;-0.214242464;0.225755582
2019-06-28 14:00;0.287520768;0.502696987;-0.046044446
2019-06-28 15:00;-0.819331046;1.172983526;0.414588662
2019-06-28 16:00;2.272189085;2.019141902;-0.044699209
2019-06-28 17:00;1.879362735;-0.604238027;-1.296904382
2019-06-28 18:00;0.921765369;0.503283888;-1.771291966
2019-06-28 19:00;1.031514353;0.808241271;-1.973156166
2019-06-28 20:00;2.105025163;1.359860421;-1.018170063
2019-06-28 21:00;3.391154266;0.795883945;1.367097576
2019-06-28 22:00;1.17099259;3.908825977;-0.55123808
2019-06-28 23:00;2.112346888;2.851994849;-0.149636244
2019-06-29 00:00;2.338768812;0.739432717;0.210259049
2019-06-29 01:00;0.203598493;0.860797995;-0.466336359
2019-06-29 02:00;0.879190842;-0.012176667;-0.037208097
2019-06-29 03:00;0.256078399;-0.872696905;-0.367442239
2019-06-29 04:00;1.050603756;0.114790228;-0.405221108
2019-06-29 05:00;-0.217032757;0.192161641;-1.188317788
2019-06-29 06:00;0.68667639;-1.602378556;-2.05311198
2019-06-29 07:00;-1.019333802;-0.612016005;-1.481684446
2019-06-29 08:00;0.188757774;-0.218072801;-3.08898534
2019-06-29 09:00;0.023690446;-0.028546452;-1.249715152
2019-06-29 10:00;0.459116566;-0.932105373;-0.154401613
2019-06-29 11:00;0.670069917;-0.937786895;-0.471909119
2019-06-29 12:00;-0.416576068;-1.0494181;-1.115801009
2019-06-29 13:00;-0.300309252;-0.571719065;-0.173844895
2019-06-29 14:00;-1.067480823;-0.274981839;-0.265135105
2019-06-29 15:00;-0.970648064;0.64718545;-0.176929416
2019-06-29 16:00;0.02373012;0.659704641;0.932544228
2019-06-29 17:00;-0.059515405;-1.370683106;1.607575011
2019-06-29 18:00;-3.045869826;0.016482198;0.920278906
2019-06-29 19:00;-1.613137918;-0.623541525;0.636641293
2019-06-29 20:00;-2.356864646;-0.014285036;-1.408048742
2019-06-29 21:00;-0.497882859;0.488745298;-0.531618668
2019-06-29 22:00;1.007851367;0.160768688;0.803526061
2019-06-29 23:00;1.584221004;0.947854439;2.019297993
2019-06-30 00:00;1.302191061;0.513536557;0.108252492
2019-06-30 01:00;2.932957283;-1.233608464;1.317882476
2019-06-30 02:00;-0.67242832;-1.277799998;0.434458914
2019-06-30 03:00;-1.016706824;-2.273410603;-0.661229137
2019-06-30 04:00;-1.988937935;-1.265172804;-0.833636747
2019-06-30 05:00;0.591322014;-0.993830676;-0.033862321
2019-06-30 06:00;0.119033414;-2.655812779;-0.163477617
2019-06-30 07:00;-2.252614352;-1.016122763;-0.65123566
2019-06-30 08:00;-0.011722049;-0.729240551;-2.038848907
2019-06-30 09:00;-1.833434103;-0.587309616;-1.951539161
2019-06-30 10:00;-0.730621458;-1.521430844;-2.591279863
2019-06-30 11:00;-1.054603498;-0.630162233;-0.84709192
2019-06-30 12:00;-1.065594239;-1.547013468;1.069315419
2019-06-30 13:00;-3.730293262;-0.627238477;0.878655344
2019-06-30 14:00;-1.738515667;-1.125427173;2.607137406
2019-06-30 15:00;-1.353920655;0.576603765;0.947379112
2019-06-30 16:00;-1.365927495;-1.906156875;-0.821002125
2019-06-30 17:00;-3.693430217;-3.285993094;-0.533049532
2019-06-30 18:00;-3.486101108;-3.036773592;-0.942511992
2019-06-30 19:00;-3.540193823;-0.796478284;-0.543731042
2019-06-30 20:00;-3.948673579;-0.47239052;-0.92265703
2019-06-30 21:00;-2.451678575;-0.435008023;-1.952677202
2019-06-30 22:00;-0.686183057;1.054586838;-1.693950672
2019-06-30 23:00;-0.919892635;2.930371876;-0.678139578
2019-07-01 00:00;0.707930182;2.116225862;-0.469155111
2019-07-01 01:00;2.686643232;1.742018828;0.441807439
2019-07-01 02:00;3.349290797;1.270704588;0.265471449
2019-07-01 03:00;1.236171025;0.731439899;2.131094278
2019-07-01 04:00;2.23627117;0.891995002;1.387488777
2019-07-01 05:00;0.688563387;0.315837849;1.623484796
2019-07-01 06:00;2.908421506;1.322863164;1.041129714
2019-07-01 07:00;1.367688184;0.518378106;0.39662412
2019-07-01 08:00;0.334832287;-1.890849358;-0.118327814
2019-07-01 09:00;-0.211942672;-1.447920559;0.302931663
2019-07-01 10:00;-1.753778113;-0.394528898;1.542085769
2019-07-01 11:00;-2.293339584;-0.522080298;0.142830599
2019-07-01 12:00;-2.523852477;0.957010021;0.971054614
2019-07-01 13:00;1.010260567;0.421162238;2.781848495
2019-07-01 14:00;0.256636957;1.602515873;2.676546832
2019-07-01 15:00;-0.452733355;2.151527256;2.792888366
2019-07-01 16:00;1.30036931;0.993361277;2.22168986
2019-07-01 17:00;0.511891695;0.596625741;2.622720297
2019-07-01 18:00;0.073482011;0.044686847;1.022995853
2019-07-01 19:00;0.643871715;-0.070476517;0.056752554
2019-07-01 20:00;2.55091288;-1.141246782;-0.131091436
2019-07-01 21:00;-0.273972075;0.271516335;-0.932599882
2019-07-01 22:00;0.26116796;1.074950122;2.509080614
2019-07-01 23:00;1.282015648;0.897195802;1.170717001
2019-07-02 00:00;3.382839415;-0.103309028;0.653539924
2019-07-02 01:00;0.696591769;-1.977881613;0.862002882
2019-07-02 02:00;-2.220352549;-0.016246698;1.628245513
2019-07-02 03:00;-1.196238757;-1.379368241;0.34877379
2019-07-02 04:00;0.6981853;-2.786426737;1.08365567
2019-07-02 05:00;-2.056946967;-0.845200213;1.719082418
2019-07-02 06:00;-1.470815053;-1.612579787;-0.11107471
2019-07-02 07:00;-1.84117015;0.295840865;0.208568585
2019-07-02 08:00;-2.313548121;0.061499998;1.447400496
2019-07-02 09:00;-0.522025079;-1.991904254;0.375376029
2019-07-02 10:00;1.12470138;-1.743521171;1.9644594
2019-07-02 11:00;-0.809987494;-1.970640549;-0.182301054
2019-07-02 12:00;-1.051579967;-2.127963511;1.081628049
2019-07-02 13:00;-1.34223154;-0.784341932;0.004662359
2019-07-02 14:00;1.402614395;-1.102854062;2.245071942
2019-07-02 15:00;-0.370347104;0.444677911;2.2132623
2019-07-02 16:00;0.834607243;-0.692254156;0.866188398
2019-07-02 17:00;-0.531891591;-0.403431294;0.329575018
2019-07-02 18:00;-0.501111731;1.319817762;0.024194235
2019-07-02 19:00;-0.045384491;1.660575878;1.109824487
2019-07-02 20:00;2.924758445;0.653977394;-0.729387323
2019-07-02 21:00;2.828710782;-0.081521298;0.819567155
2019-07-02 22:00;-0.09590743;1.110926674;-1.428253356
2019-07-02 23:00;0.829582245;1.993253681;-0.616597736
2019-07-03 00:00;1.123086788;0.198395995;-0.42963282
2019-07-03 01:00;1.006675667;-1.359033586;0.795391446
2019-07-03 02:00;0.153318989;0.187606992;-0.141741239
2019-07-03 03:00;0.021244202;-1.604631276;1.065344764
2019-07-03 04:00;0.816386315;-0.423227559;0.963393286
2019-07-03 05:00;-0.914325152;-1.382458802;-0.00512231
2019-07-03 06:00;-2.750706122;-0.85623767;0.784994333
2019-07-03 07:00;-2.567806827;-1.881309791;0.654155395
2019-07-03 08:00;-2.015132585;-1.970935851;0.980043223
2019-07-03 09:00;-3.383708735;-0.448705779;0.412251093
2019-07-03 10:00;-2.550074514;-0.882576587;1.988170117
2019-07-03 11:00;-1.861416268;-1.694787315;2.025665738
2019-07-03 12:00;-1.864586883;-0.127592757;1.899961167
2019-07-03 13:00;1.801002518;0.260362619;1.717822645
2019-07-03 14:00;1.296583375;-0.394375829;1.350209434
2019-07-03 15:00;2.088518672;-1.249251091;0.87239996
2019-07-03 16:00;-0.731675881;-2.0076105;1.84260876
2019-07-03 17:00;-1.42818285;-0.582936978;2.033845329
2019-07-03 18:00;-2.488947147;-0.649466482;1.451157243
2019-07-03 19:00;-3.379931559;1.406207642;0.829366261
2019-07-03 20:00;-0.059030582;2.866673338;0.119632413
2019-07-03 21:00;2.40988591;2.431797374;0.500502625
2019-07-03 22:00;1.904929333;0.856563849;-0.616714287
2019-07-03 23:00;1.496738533;0.960948811;0.23054738
2019-07-04 00:00;2.085279479;1.517802003;0.665220895
2019-07-04 01:00;1.19853482;0.428820939;0.512223485
2019-07-04 02:00;1.328777982;-1.41961058;1.050438955
2019-07-04 03:00;-0.154649007;-0.381885654;0.302876424
2019-07-04 04:00;-0.820420945;0.64686329;-0.257327575
2019-07-04 05:00;-0.445783985;-0.146243067;-0.948106096
2019-07-04 06:00;1.013478452;0.007457071;-2.951336163
2019-07-04 07:00;0.746768172;-0.146252458;-0.916284325
2019-07-04 08:00;0.977076411;0.911981985;0.315983478
2019-07-04 09:00;1.634920226;-0.136872166;0.231053896
2019-07-04 10:00;-0.331772373;-0.71354419;0.146163334
2019-07-04 11:00;1.374248003;-2.371801228;1.125432558
2019-07-04 12:00;-1.9318457;-1.024204312;0.402985056
2019-07-04 13:00;-3.676256087;-1.026862201;-0.00556687
2019-07-04 14:00;-2.738600306;0.57966278;1.403840297
2019-07-04 15:00;-1.528763032;0.666617292;0.32595021
2019-07-04 16:00;-0.351090103;0.682667029;-2.24321383
2019-07-04 17:00;0.659459248;1.722007586;-2.635597272
2019-07-04 18:00;1.115586032;3.547088509;-0.424655214
2019-07-04 19:00;3.51320382;2.442128449;-0.45378658
2019-07-04 20:00;2.800316481;0.783828915;-0.323200445
2019-07-04 21:00;1.754309723;0.455665385;-0.051029872
2019-07-04 22:00;1.030099141;1.131960449;0.872049222
2019-07-04 23:00;1.560436794;3.586626721;1.7556572
2019-07-05 00:00;4.85030582;2.239550844;1.793192728
2019-07-05 01:00;3.652123933;1.243912243;0.704696149
2019-07-05 02:00;2.209602101;0.858671709;2.122893384
2019-07-05 03:00;1.436283209;0.906805951;1.56046446
2019-07-05 04:00;2.233891478;0.276478765;2.484345699
2019-07-05 05:00;1.481712178;1.018310702;2.899349465
2019-07-05 06:00;3.468202953;1.874944256;2.780093119
2019-07-05 07:00;4.526024289;3.786202153;0.408228366
2019-07-05 08:00;3.491234881;0.735905618;0.096143826
2019-07-05 09:00;2.958402842;0.076433617;0.925039948
2019-07-05 10:00;2.191405168;0.966338648;-0.224463678
2019-07-05 11:00;2.580594902;1.274737945;0.770446003
2019-07-05 12:00;1.430890876;-0.412522189;-0.0195656
2019-07-05 13:00;-0.322542486;1.355879039;0.341483028
2019-07-05 14:00;1.977121259;0.898686549;0.563213413
2019-07-05 15:00;1.257387169;-0.245670011;0.606189707
2019-07-05 16:00;0.31162901;-0.947139837;-0.492595235
2019-07-05 17:00;0.428094971;0.018010968;-0.161429493
2019-07-05 18:00;1.994048563;0.674688116;-1.508459051
2019-07-05 19:00;0.664829042;-0.303904583;-1.807919602
2019-07-05 20:00;-0.954151026;-0.352990459;-1.335777571
2019-07-05 21:00;-1.299143108;-0.17006381;-1.356533912
2019-07-05 22:00;-0.778447086;-0.72338236;-0.621445439
2019-07-05 23:00;-0.62580672;0.985153934;-2.029956144
2019-07-06 00:00;-1.214101014;1.709799477;-0.342343746
2019-07-06 01:00;0.538208686;1.487029028;0.004591794
2019-07-06 02:00;0.7869116;-0.960577018;0.015580142
2019-07-06 03:00;-1.237732406;-0.558494795;0.059012869
2019-07-06 04:00;-0.547406157;-0.641179205;-1.959980701
2019-07-06 05:00;0.046887975;0.081149498;-2.086543638
2019-07-06 06:00;-0.488210989;-0.637193365;-1.723366101
2019-07-06 07:00;-1.35211702;0.144621224;-0.940285607
2019-07-06 08:00;0.437827228;0.119716038;-0.791554378
2019-07-06 09:00;-1.763188208;-1.489976027;0.820600302
2019-07-06 10:00;-3.20538905;-0.02755095;0.145921294
2019-07-06 11:00;-0.850167828;-0.706593126;0.594858657
2019-07-06 12:00;-3.012474682;1.790519034;0.251517007
2019-07-06 13:00;-0.787287763;1.34493267;-0.766935393
2019-07-06 14:00;1.462565993;1.75420668;0.480699707
2019-07-06 15:00;1.558248703;0.662913318;-0.529413381
2019-07-06 16:00;0.87772909;1.486023744;-1.189078487
2019-07-06 17:00;1.969597511;1.378288923;-2.977305019
2019-07-06 18:00;2.360317647;2.333871839;-2.255390451
2019-07-06 19:00;1.680895888;2.33629905;-0.941645789
2019-07-06 20:00;0.893622593;2.455879763;-0.545144956
2019-07-06 21:00;2.467608252;2.036939817;-0.25660464
2019-07-06 22:00;1.7120124;1.863673824;-0.43128744
2019-07-06 23:00;1.613787324;1.457621133;-0.36858454
2019-07-07 00:00;1.539340683;-0.482629607;1.48705712
2019-07-07 01:00;-0.065807547;0.841546753;2.402057679
2019-07-07 02:00;0.016068732;1.925380902;2.828553133
2019-07-07 03:00;0.211545698;1.859268714;3.260445114
2019-07-07 04:00;0.91272296;1.744379603;2.904959597
2019-07-07 05:00;2.479257469;2.28811745;2.09985317
2019-07-07 06:00;1.956263877;0.702806316;2.124338038
2019-07-07 07:00;1.556592454;0.223915466;0.901939243
2019-07-07 08:00;-0.465111765;-0.168802355;1.497514784
2019-07-07 09:00;0.452065181;2.781047155;1.761786692
2019-07-07 10:00;3.426890265;2.352769737;0.239280326
2019-07-07 11:00;0.77761435;2.069493698;-1.085943881
2019-07-07 12:00;2.774266403;0.70007445;-0.281874338
2019-07-07 13:00;-0.403397327;-0.371574059;-2.021052296
2019-07-07 14:00;0.234379025;-0.163881411;-2.00916963
2019-07-07 15:00;1.924021572;0.344949576;-0.92349219
2019-07-07 16:00;2.243873842;0.728816319;-1.410029958
2019-07-07 17:00;3.625590866;1.555951267;-0.895737145
2019-07-07 18:00;2.484695404;1.625010568;-0.366114129
2019-07-07 19:00;0.431082742;0.579234253;0.357979246
2019-07-07 20:00;0.560271069;-0.878814779;0.453805369
2019-07-07 21:00;1.000144012;-1.744790238;1.075578007
2019-07-07 22:00;0.074769125;-0.204150548;2.60782123
2019-07-07 23:00;0.308795983;-0.105626984;2.759763493
2019-07-08 00:00;0.039345853;-0.41976798;1.537046249
2019-07-08 01:00;-0.61028825;-1.213387695;0.16477648
2019-07-08 02:00;-1.350510953;-1.570404276;-1.595475458
2019-07-08 03:00;-1.097752056;-1.155023079;-2.198259234
2019-07-08 04:00;-1.262001632;-1.159130039;-1.493071125
2019-07-08 05:00;-0.622330751;-2.022470723;-0.884021528
2019-07-08 06:00;-1.65556308;-1.495585006;-2.242059628
2019-07-08 07:00;-1.400597544;-1.818117472;-0.918365622
2019-07-08 08:00;-2.539752745;0.555844953;-0.157375365
2019-07-08 09:00;-1.457107931;1.150984728;1.319825367
2019-07-08 10:00;-0.504700343;2.206306283;0.720641317
2019-07-08 11:00;2.132996585;2.382138789;1.747323128
2019-07-08 12:00;3.249941629;0.69322796;1.590845295
2019-07-08 13:00;1.394940084;-0.307155479;1.080576295
2019-07-08 14:00;2.269596079;1.625013902;2.140651395
2019-07-08 15:00;2.299427205;1.962328143;1.101897826
2019-07-08 16:00;3.847112127;1.70997224;1.412141817
2019-07-08 17:00;2.215092539;0.215926565;0.94617333
2019-07-08 18:00;1.15841015;-2.013516542;0.238576109
2019-07-08 19:00;-0.414175452;-1.635827551;-0.071298281
2019-07-08 20:00;-0.980368093;-0.89104335;0.221802536
2019-07-08 21:00;-0.326398217;0.834869283;0.76123032
2019-07-08 22:00;1.301721372;2.810662813;2.396418805
2019-07-08 23:00;1.453249961;3.093263699;2.156875296
2019-07-09 00:00;0.918356565;2.740481471;0.813035342
2019-07-09 01:00;4.563079361;3.578633067;0.129397613
2019-07-09 02:00;5.696731086;1.601801683;0.820558784
2019-07-09 03:00;4.301961411;0.017388247;1.47163559
2019-07-09 04:00;3.361135366;-0.614974205;2.270677024
2019-07-09 05:00;0.288944632;2.548222704;0.363385327
2019-07-09 06:00;2.153321261;1.989121209;-0.249622222
2019-07-09 07:00;3.136216438;1.493115444;-1.975218513
2019-07-09 08:00;3.087303077;-0.641862667;-3.583736297
2019-07-09 09:00;0.940549356;-0.782760308;-2.235205133
2019-07-09 10:00;1.005173634;-0.686230676;-1.076749116
2019-07-09 11:00;1.461499882;0.109231892;-1.701665875
2019-07-09 12:00;-0.400247223;-0.486911534;-0.223224903
2019-07-09 13:00;-0.869048784;-0.943711923;0.83461152
2019-07-09 14:00;-2.284525176;-0.287100411;2.655331932
2019-07-09 15:00;-0.877838148;0.666165222;1.852338922
2019-07-09 16:00;0.331878126;1.359939109;0.838561432
2019-07-09 17:00;-1.479487836;0.527230558;-0.104805009
2019-07-09 18:00;-0.871656622;0.970269094;-0.297258454
2019-07-09 19:00;0.882825939;2.119118775;-0.034036358
2019-07-09 20:00;1.308628829;0.702892482;-0.010710729
2019-07-09 21:00;1.453891705;-1.0674564;-1.00524575
2019-07-09 22:00;-1.019385849;-0.943022873;0.562269878
2019-07-09 23:00;-0.075784919;-1.392746364;0.511067294
2019-07-10 00:00;0.379379547;-0.689203942;-0.834431679
2019-07-10 01:00;0.495573278;0.243235392;-1.802158416
2019-07-10 02:00;1.047798114;1.206266438;-1.471612097
2019-07-10 03:00;-0.059945492;-0.363979924;-1.214412449
2019-07-10 04:00;1.06386824;0.25277061;-2.872208579
2019-07-10 05:00;0.686162926;1.409684672;-4.629211579
2019-07-10 06:00;1.290170945;2.316329995;-4.864158795
2019-07-10 07:00;1.884232718;1.068466145;-3.001751888
2019-07-10 08:00;3.582628881;0.692547315;-3.527847565
2019-07-10 09:00;2.102724704;0.416139033;-1.412344482
2019-07-10 10:00;0.43167254;1.535566825;-1.500839848
2019-07-10 11:00;1.416688524;1.252417951;-0.748383921
2019-07-10 12:00;5.392908424;2.293535609;-1.070557063
2019-07-10 13:00;4.634037598;-0.898853762;-0.389912036
2019-07-10 14:00;2.318619733;-0.388610364;-0.834579959
2019-07-10 15:00;-0.268607554;-0.372945458;-1.414400513
2019-07-10 16:00;1.476157012;-0.017165932;-1.933772191
2019-07-10 17:00;0.368414829;1.044160282;-3.145507125
2019-07-10 18:00;0.857604021;-0.74019048;-3.024218097
2019-07-10 19:00;-0.494061259;-1.870861472;-2.76021386
2019-07-10 20:00;-0.612038663;-2.299060919;-1.798827534
2019-07-10 21:00;-2.917498845;0.08493188;-0.193982246
2019-07-10 22:00;-2.076680883;-0.212551214;0.441142887
2019-07-10 23:00;-1.552930461;1.288800882;1.327222812
2019-07-11 00:00;-0.874778253;2.061333072;2.040555563
2019-07-11 01:00;2.113919667;2.335142175;-0.139120109
2019-07-11 02:00;2.093414276;-0.242115223;0.350867981
2019-07-11 03:00;-0.466075286;-2.762877836;0.741435633
2019-07-11 04:00;-1.173365516;-1.885077928;-1.522641639
2019-07-11 05:00;0.113622732;-1.276655005;-2.52747151
2019-07-11 06:00;-0.008994655;-0.330093615;-0.727186136
2019-07-11 07:00;0.369321509;0.376902991;-1.917665497
2019-07-11 08:00;0.206440736;-0.302778655;-2.646417911
2019-07-11 09:00;-1.901728928;0.366048488;-0.283712662
2019-07-11 10:00;-2.413196931;-0.416205847;0.093388209
2019-07-11 11:00;-2.706392646;0.259228134;1.69756574
2019-07-11 12:00;-1.733723434;1.427416898;0.409241951
2019-07-11 13:00;0.018517105;1.603674627;1.395752246
2019-07-11 14:00;0.371949588;3.004706475;-0.769578166
2019-07-11 15:00;1.199783276;0.911384697;-0.616820833
2019-07-11 16:00;0.835927549;-0.213813446;-0.004741205
2019-07-11 17:00;0.23411144;-0.789838855;1.611468018
2019-07-11 18:00;0.33209595;-1.117151889;1.180240009
2019-07-11 19:00;-0.666004507;0.181033216;0.216492879
2019-07-11 20:00;-0.413249652;1.189263682;0.632833332
2019-07-11 21:00;0.374916415;1.138167094;-0.334897255
2019-07-11 22:00;1.987996875;1.412706739;-1.585454307
2019-07-11 23:00;-0.333551331;-0.025752514;-3.115647011
2019-07-12 00:00;-1.175665386;0.241604424;-0.918385538
2019-07-12 01:00;0.224496507;-0.457187047;0.737742202
2019-07-12 02:00;0.09464204;-1.204318968;2.310685935
2019-07-12 03:00;-1.460226781;0.103610395;1.253092862
2019-07-12 04:00;-1.097838975;0.511950614;-0.377882235
2019-07-12 05:00;-0.363235975;0.484449436;0.729193676
2019-07-12 06:00;0.025669816;0.161631724;-1.360996678
2019-07-12 07:00;0.003569567;1.062884292;-1.410162082
2019-07-12 08:00;1.048821689;-1.010453322;-1.843420378
2019-07-12 09:00;-0.176603627;-0.776354923;-0.554659407
2019-07-12 10:00;-0.255738634;-1.587649286;-0.554988637
2019-07-12 11:00;-1.045123687;-2.566689741;-1.051226518
2019-07-12 12:00;0.634366587;-2.087713179;-0.017661271
2019-07-12 13:00;-0.95302301;-1.580123302;0.141340703
2019-07-12 14:00;-2.284526971;-0.390670773;-0.369116705
2019-07-12 15:00;-1.786245141;0.360832399;0.428425017
2019-07-12 16:00;-1.67950898;0.291985361;1.547424004
2019-07-12 17:00;-0.227000452;-0.846811917;-0.084153048
2019-07-12 18:00;-1.740380162;0.230676227;1.660901313
2019-07-12 19:00;-0.001111667;1.093302868;2.104574071
2019-07-12 20:00;0.543485266;1.564075223;1.012519595
2019-07-12 21:00;0.812401289;0.335971368;1.743403143
2019-07-12 22:00;-1.340393142;0.845085111;1.166812609
2019-07-12 23:00;-1.076968709;0.281896101;0.845083678
2019-07-13 00:00;-1.687399343;-1.20494912;2.857460104
2019-07-13 01:00;-4.070033236;0.834948044;2.061636124
2019-07-13 02:00;-0.741781172;1.526882291;1.503001469
2019-07-13 03:00;1.911863286;1.459785913;1.993424584
2019-07-13 04:00;3.636176347;1.498858569;3.396479501
2019-07-13 05:00;3.103055615;1.526977677;3.112922496
2019-07-13 06:00;2.86266463;0.425815495;0.665081676
2019-07-13 07:00;0.521853498;0.619754867;-0.205631044
2019-07-13 08:00;1.816562599;0.214264735;-0.183555245
2019-07-13 09:00;2.530482865;0.268486694;-0.19342694
2019-07-13 10:00;1.542205798;1.027331682;0.844845922
2019-07-13 11:00;1.989073458;1.761324032;0.689153617
2019-07-13 12:00;2.633121754;2.611721311;-0.031562203
2019-07-13 13:00;4.194700884;3.867982481;0.114206237
2019-07-13 14:00;4.854748789;4.032162186;0.378898773
2019-07-13 15:00;3.940693866;4.248839628;-2.871809854
2019-07-13 16:00;4.086139923;1.248446585;-3.624723523
2019-07-13 17:00;3.670978057;0.627333281;-2.334383298
2019-07-13 18:00;2.173290595;0.004999518;-0.401457448
2019-07-13 19:00;0.655420301;0.406925099;-0.787932504
2019-07-13 20:00;1.224958471;1.532516255;-1.066466029
2019-07-13 21:00;1.995924295;0.905943226;-0.080527897
2019-07-13 22:00;0.533573506;0.528532728;0.090604807
2019-07-13 23:00;-0.4962469;0.375169928;-0.55432834
2019-07-14 00:00;0.221819765;1.620722708;-1.354972227
2019-07-14 01:00;1.375803889;-0.83665961;-1.260266344
2019-07-14 02:00;-0.153872745;0.507724395;-1.253839898
2019-07-14 03:00;1.743137703;1.122683448;1.0275001
2019-07-14 04:00;-0.613457263;1.926867257;1.129137496
2019-07-14 05:00;1.083398613;1.030680452;0.743797872
2019-07-14 06:00;0.684583611;0.757715752;-0.365565162
2019-07-14 07:00;1.883927994;1.636348842;-2.460909445
2019-07-14 08:00;2.684592398;0.239854985;-2.260333076
2019-07-14 09:00;2.324851985;0.388197654;-1.865580763
2019-07-14 10:00;0.985981531;-0.219375637;-1.247204422
2019-07-14 11:00;-0.441308166;0.991077564;-2.772977196
2019-07-14 12:00;-0.990237815;0.532390704;-3.034930033
2019-07-14 13:00;-1.732254208;-0.105691227;-2.407509788
2019-07-14 14:00;-0.556502329;-2.382491454;-2.527319975
2019-07-14 15:00;-0.976444845;-1.224936651;-2.622339935
2019-07-14 16:00;-1.078547927;-0.322676644;-3.011886879
2019-07-14 17:00;0.08039595;-0.102328708;-1.090754102
2019-07-14 18:00;-0.774227756;0.622747705;-0.961815631
2019-07-14 19:00;0.024092983;0.878118455;-1.214732521
2019-07-14 20:00;-0.545279875;-0.465293046;-1.039034236
2019-07-14 21:00;-0.664123843;-0.784876574;1.347278365
2019-07-14 22:00;-0.609669359;1.769694227;2.205914371
2019-07-14 23:00;0.537626536;-0.121583377;0.595770335
2019-07-15 00:00;0.460888342;-1.162267247;1.761430986
2019-07-15 01:00;-0.516661248;0.197855201;1.455908601
2019-07-15 02:00;-1.425365479;1.135711633;0.627633508
2019-07-15 03:00;-1.612258699;2.746758425;0.087484899
2019-07-15 04:00;0.775883421;1.150819256;-1.183288834
2019-07-15 05:00;1.196140596;2.115905632;-0.871534027
2019-07-15 06:00;1.440796741;2.754135445;-0.973834121
2019-07-15 07:00;1.946094969;2.414771966;1.755539775
2019-07-15 08:00;2.121331666;1.176208627;0.103138299
2019-07-15 09:00;2.542460663;0.00967838;-0.112554388
2019-07-15 10:00;1.361955457;1.305633562;-1.240208748
2019-07-15 11:00;2.415503924;3.441036037;-2.746529716
2019-07-15 12:00;3.409137425;2.832275154;-1.862389863
2019-07-15 13:00;3.488819372;1.64115062;0.447551429
2019-07-15 14:00;2.065157667;2.194652695;0.13556612
2019-07-15 15:00;2.604817099;1.903592846;-0.422345976
2019-07-15 16:00;3.093881118;1.746775846;0.100944344
2019-07-15 17:00;2.297581657;1.682430616;0.221754055
2019-07-15 18:00;1.563230545;1.584450141;1.354082163
2019-07-15 19:00;0.241337237;0.835703144;0.444927698
2019-07-15 20:00;1.297930817;0.515456061;-1.359269121
2019-07-15 21:00;2.545275506;-0.255474894;0.868411806
2019-07-15 22:00;2.080759394;0.236916244;0.823133311
2019-07-15 23:00;0.351592814;-1.220650949;0.940276583
2019-07-16 00:00;-0.462501434;-0.580335786;1.831398154
2019-07-16 01:00;-0.139060086;1.454294246;1.672272834
2019-07-16 02:00;1.379146097;1.574986389;1.281236667
2019-07-16 03:00;2.937222509;3.54893837;2.165969007
2019-07-16 04:00;4.6744206;2.959358688;4.62219982
2019-07-16 05:00;4.305653368;2.214180385;3.451290362
2019-07-16 06:00;3.347574181;1.908451053;5.175712498
2019-07-16 07:00;1.710381469;3.581683541;2.904795919
2019-07-16 08:00;0.362963619;3.314096143;2.478880296
2019-07-16 09:00;1.648398077;3.110001818;2.542709556
2019-07-16 10:00;3.074764441;4.440622653;2.287947109
2019-07-16 11:00;4.371954663;2.822169533;2.258025504
2019-07-16 12:00;4.320214239;2.661849578;2.618290073
2019-07-16 13:00;4.062805377;2.777976815;2.507618841
2019-07-16 14:00;3.544383523;2.981649053;2.129623655
2019-07-16 15:00;3.49438619;2.245836366;2.683998302
2019-07-16 16:00;2.966571835;0.895432334;1.183426658
2019-07-16 17:00;2.572987371;0.584576321;2.732673317
2019-07-16 18:00;2.183368413;1.708242852;3.041543424
2019-07-16 19:00;1.759160657;1.278634423;4.266105361
2019-07-16 20:00;1.055361373;1.603337663;2.372269786
2019-07-16 21:00;1.211552049;1.942336755;2.382940854
2019-07-16 22:00;1.741390522;1.527659938;2.842243627
2019-07-16 23:00;-0.030221144;2.437277339;1.101296684
2019-07-17 00:00;0.896256766;0.979588451;0.778809301
2019-07-17 01:00;0.851076725;-0.766183053;1.450752751
2019-07-17 02:00;-1.233602351;-0.840855913;3.576085922
2019-07-17 03:00;-0.093663645;-1.89439001;2.96451432
2019-07-17 04:00;-3.032915983;-1.33763424;0.937524145
2019-07-17 05:00;-1.96635009;0.051680755;1.209807695
2019-07-17 06:00;-0.661984837;-0.217325937;-0.03505449
2019-07-17 07:00;-1.582210864;-0.117348617;0.030942491
2019-07-17 08:00;-0.722756425;-0.404762148;-0.790582356
2019-07-17 09:00;0.386250831;-0.303061948;-0.505631396
2019-07-17 10:00;0.340711387;-0.810411287;0.031341612
2019-07-17 11:00;-0.679320902;-1.744549587;-0.669500839
2019-07-17 12:00;-1.791195253;-2.229389954;-0.387060054
2019-07-17 13:00;-1.43795221;-0.899722512;0.091545281
2019-07-17 14:00;-0.629678943;0.571272994;0.401580996
2019-07-17 15:00;-1.591912892;0.075870909;0.56561611
2019-07-17 16:00;-2.148514637;-0.195063666;-0.608465612
2019-07-17 17:00;0.309474674;0.701824459;-0.389799117
2019-07-17 18:00;1.453608181;1.060959102;-1.956598623
2019-07-17 19:00;2.893815375;0.286013795;-0.287685526
2019-07-17 20:00;2.955122156;0.28113566;1.841295634
2019-07-17 21:00;1.010448506;1.28176931;1.470903299
2019-07-17 22:00;1.726393617;0.499581684;2.434811188
2019-07-17 23:00;0.390749055;0.482518446;1.997252313
2019-07-18 00:00;-0.732561019;1.201652888;3.65484853
2019-07-18 01:00;1.444529383;-0.808063292;2.434304063
2019-07-18 02:00;-0.47783498;1.951075162;1.129703196
2019-07-18 03:00;1.014365933;0.507992143;-1.586563312
2019-07-18 04:00;1.569841051;0.343788001;-2.714610958
2019-07-18 05:00;1.563057883;0.345104647;-1.495845632
2019-07-18 06:00;2.478069803;0.016027021;0.04237704
2019-07-18 07:00;-0.671429173;1.372249114;2.079192411
2019-07-18 08:00;1.701305052;1.285351536;2.797684729
2019-07-18 09:00;2.535351078;0.870920002;2.997971056
2019-07-18 10:00;0.844968093;0.264246983;1.293488387
2019-07-18 11:00;0.532849216;1.138230624;0.313846968
2019-07-18 12:00;-0.07613688;-0.700924853;-0.292102455
2019-07-18 13:00;0.229128287;-0.295545623;-0.81269637
2019-07-18 14:00;-1.404104632;0.542611169;0.400566499
2019-07-18 15:00;-1.07522694;1.012279123;2.708511765
2019-07-18 16:00;0.39998419;2.27980523;1.835876351
2019-07-18 17:00;1.687939053;2.318931064;1.62452301
2019-07-18 18:00;-0.026930173;1.798712153;1.925151447
2019-07-18 19:00;1.488032165;1.783053705;1.263545657
2019-07-18 20:00;3.257082506;0.811593484;1.320248562
2019-07-18 21:00;0.517641533;1.1777872;0.683996521
2019-07-18 22:00;0.493522891;-0.140711872;-0.832993854
2019-07-18 23:00;0.164199667;-0.698139;0.408689734
2019-07-19 00:00;-1.355450233;-0.301802618;1.233548323
2019-07-19 01:00;0.36598703;1.205015624;1.873086405
2019-07-19 02:00;0.335104145;-0.151480875;1.843579298
2019-07-19 03:00;0.730426588;-1.447026266;2.200104988
2019-07-19 04:00;-1.849140529;-0.524572093;2.582329663
2019-07-19 05:00;-2.254295852;-0.612758126;0.565027823
2019-07-19 06:00;-0.003949228;0.281696022;3.693875459
2019-07-19 07:00;-0.053126428;0.271255882;3.805608225
2019-07-19 08:00;-1.403697979;-0.292814444;1.990901804
2019-07-19 09:00;-1.2407126;-1.152438958;1.712580652
2019-07-19 10:00;-2.536820051;-0.311414954;0.968705382
2019-07-19 11:00;-2.605692516;-1.710676058;-0.738662481
2019-07-19 12:00;-2.404027779;-2.164086572;1.503400975
2019-07-19 13:00;-2.302501023;-2.067794266;0.26786881
2019-07-19 14:00;-4.639776593;-1.845474275;-0.743102903
2019-07-19 15:00;-4.1931115;-1.358088312;-0.664647074
2019-07-19 16:00;-3.266628874;-1.167126946;0.375813569
2019-07-19 17:00;-1.612291457;-2.468808759;0.982432073
2019-07-19 18:00;-1.891600849;-0.8945694;1.381049334
2019-07-19 19:00;-1.772966473;-0.807503394;0.239803508
2019-07-19 20:00;-0.145031209;-1.42939902;-0.673093804
2019-07-19 21:00;-0.454351661;0.009496596;-1.464874543
2019-07-19 22:00;0.82046533;0.650742829;-1.452805828
2019-07-19 23:00;0.689767978;0.272689015;-0.379868037
2019-07-20 00:00;-0.395954381;0.212329727;0.118333193
2019-07-20 01:00;-0.343400194;-1.390517581;-0.888504546
2019-07-20 02:00;-1.63772126;-0.432921866;-0.437094011
2019-07-20 03:00;-1.25724539;0.821997488;-0.503341162
2019-07-20 04:00;0.422802985;0.040753626;-1.362855091
2019-07-20 05:00;2.159615072;-0.538590578;-0.952603453
2019-07-20 06:00;0.682083737;0.216195211;-1.275986646
2019-07-20 07:00;0.834478972;-0.524950278;-2.848908637
2019-07-20 08:00;-0.484149021;-0.830551792;-3.445706259
2019-07-20 09:00;0.279028369;-0.662203369;-2.749112314
2019-07-20 10:00;0.224379615;0.68514046;-2.228336178
2019-07-20 11:00;1.957816045;0.58900575;-1.030842427
2019-07-20 12:00;-0.078182407;0.900856733;-0.412146858
2019-07-20 13:00;0.393169169;0.300373145;-0.945255742
2019-07-20 14:00;-1.038933356;-1.036624227;-1.341690298
2019-07-20 15:00;-0.996859121;-1.381824027;-2.289938159
2019-07-20 16:00;-0.518824975;-2.67094457;-3.046907821
2019-07-20 17:00;0.59156944;-2.672732199;-3.704209762
2019-07-20 18:00;-2.599624508;-0.274334752;-2.743866317
2019-07-20 19:00;0.026364834;0.701367966;-2.986335745
2019-07-20 20:00;0.949468685;-1.438301196;-1.839854051
2019-07-20 21:00;-2.13069272;-1.33343363;-2.403084682
2019-07-20 22:00;-2.163078504;-0.300199344;-1.97030421
2019-07-20 23:00;-1.014258836;-1.233289796;-2.053357635
2019-07-21 00:00;-0.732807731;-2.732544221;-1.734298984
2019-07-21 01:00;-2.495666731;-0.70675359;-0.625716023
2019-07-21 02:00;-2.895922086;-0.434975978;-0.328390073
2019-07-21 03:00;-2.104604941;1.143410219;0.083854268
2019-07-21 04:00;1.069441009;1.877845384;-0.821893617
2019-07-21 05:00;1.631048434;1.459239684;-1.421113202
2019-07-21 06:00;0.119263056;1.124955867;-0.895974813
2019-07-21 07:00;1.196794821;0.736127072;-1.389622571
2019-07-21 08:00;-0.130169691;0.379039251;-1.210251204
2019-07-21 09:00;1.888552731;0.511928235;0.675982565
2019-07-21 10:00;1.73272342;-0.825514692;1.584133737
2019-07-21 11:00;0.551747437;0.145159386;1.678133931
2019-07-21 12:00;-1.008061568;-0.005992006;1.672118539
2019-07-21 13:00;0.584378685;0.464051417;1.46495855
2019-07-21 14:00;1.352813349;0.013135273;1.004114614
2019-07-21 15:00;-0.068416436;0.563513734;0.544849671
2019-07-21 16:00;0.140588532;1.514798076;1.946706905
2019-07-21 17:00;0.426176745;1.38017919;1.687482315
2019-07-21 18:00;1.880336235;1.865408817;1.55369028
2019-07-21 19:00;2.315973016;4.10807836;2.612610269
2019-07-21 20:00;2.975750623;3.447496507;2.630642378
2019-07-21 21:00;3.000341468;2.382896886;1.01333073
2019-07-21 22:00;3.298235746;1.167521796;0.589656259
2019-07-21 23:00;2.295479462;2.527963204;-0.452871871
2019-07-22 00:00;3.729518511;2.349556015;-0.171581776
2019-07-22 01:00;3.515562329;1.648219469;-1.026389286
2019-07-22 02:00;3.024771109;1.413544368;0.62011837
2019-07-22 03:00;1.924927216;1.103485079;1.795885063
2019-07-22 04:00;0.704950862;0.152009889;1.443240756
2019-07-22 05:00;0.759996601;-0.25228201;1.041997247
2019-07-22 06:00;0.489123331;0.263570549;0.510431198
2019-07-22 07:00;1.422221831;-2.024886874;-2.174761104
2019-07-22 08:00;0.965464476;0.120983664;-1.216738587
2019-07-22 09:00;-0.974514461;-0.051025642;-2.23974993
2019-07-22 10:00;-0.112039847;0.871884427;-2.182299674
2019-07-22 11:00;0.288610905;0.856290107;-1.029025576
2019-07-22 12:00;0.950998349;0.82565694;-0.563636262
2019-07-22 13:00;0.213484008;-0.67266682;-1.066575076
2019-07-22 14:00;-1.419332745;-0.411270239;-1.725964451
2019-07-22 15:00;0.323552169;-0.645629002;0.248418272
2019-07-22 16:00;-0.204153149;-1.42214716;2.292076867
2019-07-22 17:00;-1.122641929;0.118955005;2.447865322
2019-07-22 18:00;0.877991371;0.241539826;2.543270146
2019-07-22 19:00;0.079389593;-1.483270524;2.564986989
2019-07-22 20:00;-1.513090509;-0.78817758;0.08301702
2019-07-22 21:00;-0.448533106;-0.648306915;0.967224183
2019-07-22 22:00;1.13725694;-0.296450014;1.406792037
2019-07-22 23:00;-1.527645724;0.199250916;0.815860688
2019-07-23 00:00;-1.159563017;0.633177547;1.408227252
2019-07-23 01:00;-1.049983371;1.076450524;1.848587826
2019-07-23 02:00;-0.725359474;-0.10009245;1.885708353
2019-07-23 03:00;-1.032634304;0.019489153;1.032111629
2019-07-23 04:00;-1.721498705;-0.627865425;1.236856853
2019-07-23 05:00;-1.80487128;-0.922840734;1.554901346
2019-07-23 06:00;-2.283652277;-0.014370506;1.791480623
2019-07-23 07:00;-3.035817353;0.782165277;-0.411872361
2019-07-23 08:00;-0.297349156;0.634957367;-1.08980311
2019-07-23 09:00;-0.552387338;-0.23528885;-0.306120286
2019-07-23 10:00;-1.067695499;-0.137020249;-0.481361358
2019-07-23 11:00;0.10856527;-0.212624571;-1.342705441
2019-07-23 12:00;0.260652242;0.209082739;-0.603372722
2019-07-23 13:00;0.29085158;-0.642750863;-1.730391174
2019-07-23 14:00;-0.231243884;1.585575248;0.069148291
2019-07-23 15:00;1.073385647;0.131573227;-0.830065332
2019-07-23 16:00;0.810227997;0.998557033;0.171174923
2019-07-23 17:00;1.779218841;4.761281776;0.039882784
2019-07-23 18:00;3.682925715;2.345258416;0.153960194
2019-07-23 19:00;4.481591108;1.071632351;-0.075048094
2019-07-23 20:00;4.077221853;1.311963003;-1.565008986
2019-07-23 21:00;2.545330176;0.95234488;-1.874683391
2019-07-23 22:00;1.311666401;1.042543234;-2.576135205
2019-07-23 23:00;3.679221458;-1.999739979;-2.623864647
2019-07-24 00:00;0.603156168;-2.513093638;-1.35987386
2019-07-24 01:00;-1.025379279;-2.093964963;-0.247411017
2019-07-24 02:00;-2.190007165;-0.492939588;1.835608429
2019-07-24 03:00;-0.925644282;-1.058570452;1.709925543
2019-07-24 04:00;-2.502827516;-1.156818792;2.211205827
2019-07-24 05:00;-2.799209921;-1.87788425;1.553968989
2019-07-24 06:00;-5.057529174;-3.188076981;0.717193091
2019-07-24 07:00;-5.413171464;-1.099300184;2.498170584
2019-07-24 08:00;-3.496044776;0.610692195;2.126925698
2019-07-24 09:00;-0.477818211;0.085037243;2.232363754
2019-07-24 10:00;0.413102707;0.782479355;2.071540503
2019-07-24 11:00;3.788358196;0.922695036;0.180770338
2019-07-24 12:00;0.923116825;2.156151086;0.583548988
2019-07-24 13:00;1.445330895;3.595475676;-0.558682081
2019-07-24 14:00;2.519561374;2.634132065;-1.295194614
2019-07-24 15:00;2.478568043;1.158291245;0.496717792
2019-07-24 16:00;1.620665491;1.08218279;-0.959119045
2019-07-24 17:00;0.382448938;1.612576161;1.193098487
2019-07-24 18:00;1.217746408;2.201977305;1.442985219
2019-07-24 19:00;1.507821958;1.507939852;1.140329618
2019-07-24 20:00;2.081126062;1.630415819;1.335841326
2019-07-24 21:00;1.529811295;0.647546177;0.769611601
2019-07-24 22:00;1.492904234;-0.270276645;0.484427272
2019-07-24 23:00;0.983847987;-1.545842548;-1.044648887
2019-07-25 00:00;-0.110238528;-1.691123271;-1.17809272
2019-07-25 01:00;-1.750935474;-0.491789636;-0.161071439
2019-07-25 02:00;-3.075264883;0.105910415;-0.051428193
2019-07-25 03:00;-0.742786201;-0.974852542;-0.21951159
2019-07-25 04:00;-0.936669615;-0.901222692;-0.507309903
2019-07-25 05:00;-1.195701612;-0.568721707;-0.942412148
2019-07-25 06:00;-0.841800778;-2.163439281;-1.173358638
2019-07-25 07:00;-1.411712925;-1.622301437;-0.644580348
2019-07-25 08:00;-1.614659548;-1.059729357;0.797163184
2019-07-25 09:00;-1.08612996;-0.885124573;-0.771230981
2019-07-25 10:00;-1.225292417;-1.713828245;-0.93958761
2019-07-25 11:00;-1.052564759;0.244026804;0.792963065
2019-07-25 12:00;-1.888558472;-0.26705399;0.256783877
2019-07-25 13:00;0.313700605;1.473036989;0.051416202
2019-07-25 14:00;-0.154998987;-1.123926528;-0.619592707
2019-07-25 15:00;-0.655661462;-1.63276711;-0.477999589
2019-07-25 16:00;0.392963865;-1.191809197;-0.394585422
2019-07-25 17:00;0.168879971;0.867420281;-0.315125226
2019-07-25 18:00;2.400232549;1.49342427;-0.7046938
2019-07-25 19:00;1.01517951;1.649408875;0.989954078
2019-07-25 20:00;1.698899151;2.317358804;1.25862833
2019-07-25 21:00;2.505898922;1.275302429;1.084566032
2019-07-25 22:00;2.151912555;2.257545522;0.471522067
2019-07-25 23:00;3.327113401;1.308029647;0.086466241
2019-07-26 00:00;3.293798256;-0.406956148;2.126417645
2019-07-26 01:00;1.64547211;-0.085978246;3.448203172
2019-07-26 02:00;-2.288551364;-1.488054766;3.068911818
2019-07-26 03:00;-2.485075122;-1.414767424;1.884225025
2019-07-26 04:00;-2.515144779;0.023022051;-0.689166405
2019-07-26 05:00;-2.410148484;-1.006624844;-0.883645694
2019-07-26 06:00;-1.828560568;-0.012207939;-2.059259701
2019-07-26 07:00;0.056331734;-0.583307541;-1.908670728
2019-07-26 08:00;0.396811262;-0.627154095;-3.051520186
2019-07-26 09:00;1.67775412;-1.918982513;-1.179905817
2019-07-26 10:00;0.518850551;-1.208766587;0.573670715
2019-07-26 11:00;0.265749098;-1.059249346;1.009300754
2019-07-26 12:00;-0.294532086;-0.059691441;2.088834505
2019-07-26 13:00;-0.2764904;-0.010467703;1.763532579
2019-07-26 14:00;-3.213998437;1.115065477;0.235710507
2019-07-26 15:00;-1.13106451;0.606087885;0.806294526
2019-07-26 16:00;-0.973480149;1.112316961;0.439063183
2019-07-26 17:00;1.697982974;-0.388333929;0.796581788
2019-07-26 18:00;1.820117089;-1.064655796;1.0906717
2019-07-26 19:00;0.799999216;1.81348346;0.828306146
2019-07-26 20:00;1.505179711;0.28200695;0.127280881
2019-07-26 21:00;0.569570231;-0.84157276;0.695434678
2019-07-26 22:00;-3.882571888;-0.563861725;1.903940584
2019-07-26 23:00;-0.598334872;-0.000863148;0.871376994
2019-07-27 00:00;0.707493663;-0.304468508;0.626009852
2019-07-27 01:00;-1.209012211;-1.043809983;0.274907247
2019-07-27 02:00;-1.696821392;-0.832728147;2.008945703
2019-07-27 03:00;-0.97582069;-1.813008102;0.98972862
2019-07-27 04:00;-2.271372568;-2.421924077;3.221669579
2019-07-27 05:00;-2.598363399;-1.264039145;3.889680291
2019-07-27 06:00;-2.823241817;1.280265153;4.372234329
2019-07-27 07:00;-0.850364078;1.778497231;3.158411752
2019-07-27 08:00;0.22878007;1.877081108;2.822050936
2019-07-27 09:00;1.44789836;0.176115033;1.077653421
2019-07-27 10:00;1.020745434;0.515742676;0.953638083
2019-07-27 11:00;2.409758006;-0.640456138;0.389773309
2019-07-27 12:00;1.038675894;-0.984413131;-2.338265404
2019-07-27 13:00;0.248339055;0.862523155;-1.308776417
2019-07-27 14:00;0.790922219;0.398377397;-1.431782895
2019-07-27 15:00;-0.073955256;-0.425009388;-1.916912464
2019-07-27 16:00;0.747675224;-1.967277115;-1.275309054
2019-07-27 17:00;-0.561197099;-1.063719568;-1.084654877
2019-07-27 18:00;0.554243819;1.381056494;-1.003349463
2019-07-27 19:00;2.481183115;-0.591926675;0.532868671
2019-07-27 20:00;-0.876841054;-0.301005405;2.034543145
2019-07-27 21:00;0.289516953;0.751347989;2.774550465
2019-07-27 22:00;-0.874571847;0.57672927;1.493857906
2019-07-27 23:00;-0.177421245;0.476742804;1.343268143
2019-07-28 00:00;-0.647635644;2.015692483;0.272773912
2019-07-28 01:00;0.461210742;0.985530123;1.388493335
2019-07-28 02:00;0.150185825;2.368362101;1.068966223
2019-07-28 03:00;1.44657892;3.224168434;-1.151330513
2019-07-28 04:00;4.57058462;0.622520456;-0.579505726
2019-07-28 05:00;5.185204236;-2.015913606;1.187691912
2019-07-28 06:00;1.223995149;-0.506951109;-0.071307909
2019-07-28 07:00;0.383452327;0.420491146;0.048874307
2019-07-28 08:00;1.321466999;-0.97419599;-0.104201575
2019-07-28 09:00;1.57688305;-0.23404838;-0.150628712
2019-07-28 10:00;0.701081591;-0.190565811;-2.852390007
2019-07-28 11:00;2.5771949;-0.047274283;-1.080699408
2019-07-28 12:00;3.244974873;-0.435578307;-0.027242201
2019-07-28 13:00;-0.114429655;0.366237357;0.316702084
2019-07-28 14:00;0.331724726;0.032898771;1.145902972
2019-07-28 15:00;-0.801156577;-0.02793251;2.496964212
2019-07-28 16:00;-1.338142831;-1.409672169;1.332761263
2019-07-28 17:00;-0.901994176;-1.043558406;0.227853857
2019-07-28 18:00;-1.841548005;-0.317527208;-2.022921297
2019-07-28 19:00;-2.630621899;-0.522760139;-1.102899913
2019-07-28 20:00;-0.129000818;-0.080290035;-0.953995876
2019-07-28 21:00;0.272589855;-0.345344788;0.143607688
2019-07-28 22:00;0.326732834;0.394109921;-0.721716676
2019-07-28 23:00;0.691438968;1.47025385;0.346483909
2019-07-29 00:00;1.169903374;0.512865571;0.759034565
2019-07-29 01:00;1.336627161;-0.221184094;0.178849209
2019-07-29 02:00;1.091058841;1.148965986;0.309931972
2019-07-29 03:00;0.580788487;1.950996828;1.513102954
2019-07-29 04:00;1.042369104;0.734353173;2.42698318
2019-07-29 05:00;0.868277982;0.620913409;4.136788746
2019-07-29 06:00;1.90467147;0.477481124;3.083137676
2019-07-29 07:00;1.773283685;0.744233723;2.876520189
2019-07-29 08:00;1.34771539;-0.071690345;2.910400516
2019-07-29 09:00;0.23030315;-0.73652148;1.080860629
2019-07-29 10:00;-0.567145602;-0.572681404;2.766565707
2019-07-29 11:00;-0.187237482;0.007924521;1.567690509
2019-07-29 12:00;-1.10359503;0.201116305;1.092197445
2019-07-29 13:00;-0.22533938;0.327725359;-1.154335173
2019-07-29 14:00;-0.081779651;0.635996993;-0.577637992
2019-07-29 15:00;1.166504968;-0.783787768;-0.565303934
2019-07-29 16:00;0.106996261;-0.294035749;-1.408731633
2019-07-29 17:00;-0.281935375;-2.2064095;-1.093241522
2019-07-29 18:00;-0.983840219;-2.826453101;-0.29821164
2019-07-29 19:00;-3.090076594;-1.673624659;-0.150403692
2019-07-29 20:00;-3.203933133;-3.232798854;-0.274755756
2019-07-29 21:00;-2.985442697;-2.168337392;-0.670174978
2019-07-29 22:00;-4.37821857;-1.507717253;-0.989073649
2019-07-29 23:00;-4.58081732;-0.972150234;0.164876384
2019-07-30 00:00;-4.107363306;-1.870681408;0.097047304
2019-07-30 01:00;-3.455938395;0.118054465;-0.375865293
2019-07-30 02:00;-3.900037315;1.184855234;0.999429217
2019-07-30 03:00;-1.69040984;-0.337925434;0.343942498
2019-07-30 04:00;-1.255828626;1.014268089;1.364609741
2019-07-30 05:00;-0.702909352;-0.424404409;1.767869955
2019-07-30 06:00;-0.456947919;0.912048386;1.197379179
2019-07-30 07:00;-0.361731659;-1.099746657;0.941028781
2019-07-30 08:00;-0.452649067;1.700192578;1.639231923
2019-07-30 09:00;-1.221149749;0.876327388;0.683101421
2019-07-30 10:00;0.101801649;-0.040586079;2.330299695
2019-07-30 11:00;-0.783327521;-0.136650735;1.882368978
2019-07-30 12:00;-1.062928914;-0.591134411;2.703362247
2019-07-30 13:00;-2.295568779;-1.812460139;1.230936612
2019-07-30 14:00;-2.942700953;-0.297341008;2.238216334
2019-07-30 15:00;-1.155067458;-1.146776273;3.145215374
2019-07-30 16:00;-1.554569635;-0.900966792;1.632880912
2019-07-30 17:00;-0.894909236;0.051159171;1.296057826
2019-07-30 18:00;-0.252470256;-0.39247214;-0.178673139
2019-07-30 19:00;-1.533660538;0.093498243;-0.293779634
2019-07-30 20:00;-1.950738085;-0.630065635;-1.537808616
2019-07-30 21:00;-0.690076631;-1.0464479;-0.24231382
2019-07-30 22:00;-1.712820196;0.69937723;1.2769289
2019-07-30 23:00;-0.911231913;-0.438363427;0.986749678
2019-07-31 00:00;-1.685331807;-0.627326864;1.385344835
2019-07-31 01:00;-2.778561001;0.582343117;1.478146094
2019-07-31 02:00;-1.948329792;0.311570817;1.858182077
2019-07-31 03:00;-0.59525643;0.83898333;-0.591671436
2019-07-31 04:00;0.671175796;1.523759864;-1.370394961
2019-07-31 05:00;2.007139603;0.548330117;-1.001062841
2019-07-31 06:00;2.446695775;1.278943415;0.579265233
2019-07-31 07:00;2.551496061;1.10423853;-0.563534878
2019-07-31 08:00;2.409523441;-0.521439238;-2.247107558
2019-07-31 09:00;0.387843094;-0.031928045;-3.301021447
2019-07-31 10:00;1.94555945;0.166759435;-2.299977705
2019-07-31 11:00;0.432075536;-2.600138063;-2.502967056
2019-07-31 12:00;-1.768077628;-1.851873509;-1.633161015
2019-07-31 13:00;-0.026145404;-2.261261084;-1.610298125
2019-07-31 14:00;-1.653134172;-1.349715849;-1.703992174
2019-07-31 15:00;-1.426642216;-1.216437162;0.083621628
2019-07-31 16:00;-0.876828629;-0.631955021;0.747981252
2019-07-31 17:00;-1.298461673;-1.106795323;-0.206079401
2019-07-31 18:00;0.088008352;-1.474897965;-0.627109096
2019-07-31 19:00;0.429986702;-1.279131667;-0.375189511
2019-07-31 20:00;0.847611412;-0.241644679;-1.472331058
2019-07-31 21:00;-0.992774115;0.105891843;-0.424770383
2019-07-31 22:00;-0.802695054;-0.537099017;-1.496805388
2019-07-31 23:00;-0.028273374;-1.587312959;-1.110814072
2019-08-01 00:00;-1.237741123;-2.811456656;-0.948230013
2019-08-01 01:00;-1.44316279;-1.582916907;0.30168276
2019-08-01 02:00;-4.20918322;-0.032327091;-0.800998851
2019-08-01 03:00;-1.576699125;-2.008396157;-0.981326527
2019-08-01 04:00;-4.661934033;-1.203005705;-2.836505326
2019-08-01 05:00;-2.871070478;-0.781026301;-2.044142428
2019-08-01 06:00;-0.568526235;-1.046490651;-3.157552673
2019-08-01 07:00;-0.950527;-2.8427354;-0.155183859
2019-08-01 08:00;-1.877219209;-3.16753267;-0.260904576
2019-08-01 09:00;-3.12750134;-3.151370909;0.485500523
2019-08-01 10:00;-3.874510127;-2.475799218;-0.81984414
2019-08-01 11:00;-3.698699324;-2.38223411;0.338355076
2019-08-01 12:00;-2.436355227;-2.784234804;0.107490367
2019-08-01 13:00;-1.853431501;-3.081594934;-0.524969125
2019-08-01 14:00;-0.835082685;-3.055251923;0.50385112
2019-08-01 15:00;-3.294064751;-3.723231188;1.534602974
2019-08-01 16:00;-4.07645903;-2.553947704;0.848216123
2019-08-01 17:00;-2.660887284;-4.022562646;1.547087779
2019-08-01 18:00;-5.282105796;-3.317348704;0.590992631
2019-08-01 19:00;-6.578225354;-1.43405483;-0.765465887
2019-08-01 20:00;-5.292432648;-0.719838988;-0.809462651
2019-08-01 21:00;-1.554356126;0.202893291;-2.288267331
2019-08-01 22:00;-2.734010432;-0.468340226;-2.59428279
2019-08-01 23:00;-0.11254943;0.18518771;-0.544184051
2019-08-02 00:00;-1.106885024;1.56898267;0.041651423
2019-08-02 01:00;0.442934602;0.414505835;-0.571733436
2019-08-02 02:00;0.227964938;0.266193769;-0.574618517
2019-08-02 03:00;2.065220026;-1.154791458;0.794649468
2019-08-02 04:00;-0.215456;0.573261814;-0.277692641
2019-08-02 05:00;1.381168414;-0.417620246;-0.752472403
2019-08-02 06:00;-0.292044351;0.402835448;-1.49645267
2019-08-02 07:00;0.612011038;1.247956242;-2.909168394
2019-08-02 08:00;0.815529895;-0.128460852;-1.149771101
2019-08-02 09:00;1.934473055;0.15603521;-1.443608609
2019-08-02 10:00;1.38205822;0.960879698;-0.490647058
2019-08-02 11:00;1.910911837;0.243447555;0.208881027
2019-08-02 12:00;2.079121266;1.296391861;-0.216901692
2019-08-02 13:00;3.459830084;0.445203031;-2.072844017
2019-08-02 14:00;1.751474555;-0.691924307;-2.827879177
2019-08-02 15:00;-0.085634572;-0.740720415;-0.230282297
2019-08-02 16:00;-1.363631682;-0.729020458;0.192627683
2019-08-02 17:00;-0.485336715;0.792920255;-0.196182346
2019-08-02 18:00;0.509724258;0.891377959;0.422473541
2019-08-02 19:00;1.653465225;1.632863583;0.360682064
2019-08-02 20:00;0.77012132;0.583960068;0.730087615
2019-08-02 21:00;0.77767609;0.740048575;-0.012084427
2019-08-02 22:00;-0.7587207;0.481065954;0.526555288
2019-08-02 23:00;-0.436673049;0.890797129;1.393492847
2019-08-03 00:00;0.240134958;2.667919495;1.363655662
2019-08-03 01:00;1.36379713;3.296534108;-1.10034072
2019-08-03 02:00;0.48660998;2.636105051;0.548346946
2019-08-03 03:00;1.659496208;2.920516333;-0.16253463
2019-08-03 04:00;1.047959487;1.171554502;-0.433938698
2019-08-03 05:00;1.826370266;1.319464585;-1.344036144
2019-08-03 06:00;3.160090519;0.611115553;-2.605633271
2019-08-03 07:00;1.981602903;2.455660078;-0.202529759
2019-08-03 08:00;1.947588599;0.644075903;-0.628195087
2019-08-03 09:00;-0.588477606;1.467512394;0.643240395
2019-08-03 10:00;0.44080511;0.785671312;-0.577349563
2019-08-03 11:00;0.172929344;0.164012278;-0.312343818
2019-08-03 12:00;1.254393732;0.376239371;0.288235631
2019-08-03 13:00;2.812304485;-0.165394412;-0.730017905
2019-08-03 14:00;0.156172851;-1.438376053;-1.175509532
2019-08-03 15:00;-0.901876089;-3.383682943;0.133309829
2019-08-03 16:00;-2.852871872;-1.990587579;0.490399928
2019-08-03 17:00;-3.714726451;-3.161002157;2.175238863
2019-08-03 18:00;-4.570654526;-2.187038485;0.874519618
2019-08-03 19:00;-4.075780516;-0.971555897;0.7212848
2019-08-03 20:00;-3.056177472;-1.211756506;-0.802113913
2019-08-03 21:00;-3.151527097;-0.445408886;-1.128234726
2019-08-03 22:00;-1.105447203;0.350647434;0.488744909
2019-08-03 23:00;-0.24852178;-0.601991774;0.230130295
2019-08-04 00:00;-0.927497102;1.44639923;0.60679329
2019-08-04 01:00;-1.148798372;1.798335042;-0.30737113
2019-08-04 02:00;0.4806554;2.283809448;-1.176098715
2019-08-04 03:00;2.2091752;1.986370555;-0.274840873
2019-08-04 04:00;2.983058467;1.375652076;0.166798252
2019-08-04 05:00;2.272238025;1.424050152;1.570713586
2019-08-04 06:00;0.214615137;1.744258762;1.940097823
2019-08-04 07:00;1.593111846;3.231759519;3.023787934
2019-08-04 08:00;2.742940662;2.486389408;3.031747788
2019-08-04 09:00;4.282029828;1.0700837;3.261861571
2019-08-04 10:00;2.144257526;1.039748399;2.597934386
2019-08-04 11:00;0.791523138;1.750704754;2.926484711
2019-08-04 12:00;2.474153061;-0.567186967;2.858488088
2019-08-04 13:00;-0.150968615;0.637784385;1.924220469
2019-08-04 14:00;2.482955221;-0.293172821;2.779528923
2019-08-04 15:00;1.76419339;0.063775482;2.516277174
2019-08-04 16:00;0.987238687;0.933714926;1.356855996
2019-08-04 17:00;-0.429351474;0.858698339;0.553957277
2019-08-04 18:00;1.023684507;1.345087865;0.883075661
2019-08-04 19:00;3.467289213;0.448243048;1.93177313
2019-08-04 20:00;1.540333612;0.773857284;2.8712008
2019-08-04 21:00;0.246325148;-0.997055689;3.018956571
2019-08-04 22:00;-0.088677711;-0.580234235;2.162151359
2019-08-04 23:00;0.9435066;-1.080749564;2.929375379
2019-08-05 00:00;-0.494968018;-1.159167024;2.47162705
2019-08-05 01:00;0.680338473;0.103020628;4.407471866
2019-08-05 02:00;0.408121376;0.790175031;2.888810198
2019-08-05 03:00;-1.254717723;0.005570688;0.848898281
2019-08-05 04:00;-1.27319798;1.877603766;0.184306407
2019-08-05 05:00;-0.091582522;1.558099776;0.126754277
2019-08-05 06:00;1.541646534;-0.635733882;-0.041437584
2019-08-05 07:00;-1.043125512;0.575722306;-0.12000409
2019-08-05 08:00;1.35628313;-0.345233575;-1.516188021
2019-08-05 09:00;1.492647037;-0.855765975;-0.703709045
2019-08-05 10:00;0.18223141;-0.090335044;-1.008049158
2019-08-05 11:00;-0.683365376;0.35471439;0.705338351
2019-08-05 12:00;-1.406686867;0.942615092;0.192157253
2019-08-05 13:00;-0.184257321;-0.559218616;0.669096724
2019-08-05 14:00;-0.695426522;0.69475592;-0.0008492
2019-08-05 15:00;-1.247651187;0.752984473;-0.674247538
2019-08-05 16:00;-1.246845022;1.553520217;-0.786562231
2019-08-05 17:00;-0.709537399;0.856890048;-0.192426011
2019-08-05 18:00;1.258080554;0.401288499;-0.497725514
2019-08-05 19:00;-0.002628404;0.635633755;0.038460378
2019-08-05 20:00;-0.710050041;-1.222744031;0.127073622
2019-08-05 21:00;-0.959083615;-1.114776272;-0.665155521
2019-08-05 22:00;-1.507487617;-2.288327416;-1.145142592
2019-08-05 23:00;-1.319938825;-1.222494445;-0.804421133
2019-08-06 00:00;-2.705514832;-1.872366564;-1.805648631
2019-08-06 01:00;-1.936988557;-2.18079711;-0.211961152
2019-08-06 02:00;-1.767495381;-1.94467915;0.648183733
2019-08-06 03:00;-4.44368506;1.227939135;0.997712292
2019-08-06 04:00;1.558812228;1.903570782;1.567913464
2019-08-06 05:00;1.543459153;-0.047368443;-0.513450942
2019-08-06 06:00;-0.167219423;0.878735338;-0.798798964
2019-08-06 07:00;1.866378258;1.414513658;-0.537802784
2019-08-06 08:00;2.95904423;0.531559135;-0.307091297
2019-08-06 09:00;2.039221164;1.271661987;-1.515196856
2019-08-06 10:00;3.321142439;1.78010253;-1.572957687
2019-08-06 11:00;3.225183056;0.379275378;-1.283820369
2019-08-06 12:00;2.338059931;0.058905978;1.74401373
2019-08-06 13:00;1.957899116;0.332713471;-0.357254507
2019-08-06 14:00;0.116959201;0.975284037;0.502851786
2019-08-06 15:00;0.355589589;3.027226325;0.707133198
2019-08-06 16:00;0.155810604;2.561570496;-0.231191484
2019-08-06 17:00;2.438154859;2.257068736;-0.626414054
2019-08-06 18:00;3.20744173;0.334727141;-0.605910665
2019-08-06 19:00;2.278937921;0.193847211;-1.165721214
2019-08-06 20:00;1.54537875;-1.617860544;-2.142916808
2019-08-06 21:00;1.626713152;-2.597847665;-2.287709998
2019-08-06 22:00;-1.876020599;-3.859958215;-1.719423684
2019-08-06 23:00;-2.016072454;1.266412246;-2.435417608
2019-08-07 00:00;1.172064338;-0.890580154;-1.386260428
2019-08-07 01:00;1.292092242;-1.465640692;-0.336322451
2019-08-07 02:00;-1.474096991;-1.843364407;1.761022069
2019-08-07 03:00;-2.652155591;-1.36543713;0.872876417
2019-08-07 04:00;-2.570371073;-2.674064386;-0.755410916
2019-08-07 05:00;-4.273204512;-2.816440553;0.085825838
2019-08-07 06:00;-2.627202069;-3.158777725;-1.853273164
2019-08-07 07:00;-3.750188146;-4.398442729;-1.112172799
2019-08-07 08:00;-4.599893264;-3.521327748;-0.971324902
2019-08-07 09:00;-3.753863972;-1.88820388;-1.079649494
2019-08-07 10:00;-2.162884081;-2.924510542;-0.57837218
2019-08-07 11:00;-4.443745147;-2.762139884;-0.305790036
2019-08-07 12:00;-5.044301083;-0.794794593;-0.924294726
2019-08-07 13:00;-5.366494029;-1.747207635;-0.368918079
2019-08-07 14:00;-3.610142259;-1.372229567;-0.258337639
2019-08-07 15:00;-2.019039557;-0.664337047;1.462150218
2019-08-07 16:00;-1.84511633;0.006421509;0.94123703
2019-08-07 17:00;0.466577882;2.324064903;0.617769743
2019-08-07 18:00;1.496722058;2.557133971;0.192176498
2019-08-07 19:00;2.820977304;2.866832447;-1.421166941
2019-08-07 20:00;3.843893831;2.351273142;-1.490770726
2019-08-07 21:00;4.216195099;1.877438882;-0.83473829
2019-08-07 22:00;2.888718077;0.202423862;0.262176767
2019-08-07 23:00;0.62966948;2.245957094;1.477752117
2019-08-08 00:00;2.538152868;2.271953243;0.540531979
2019-08-08 01:00;2.514388409;0.577923942;1.449603187
2019-08-08 02:00;0.061828505;-0.837005625;1.807912625
2019-08-08 03:00;0.688117341;0.661094101;0.997241587
2019-08-08 04:00;0.069488798;-0.288311448;-0.502249968
2019-08-08 05:00;0.308364005;0.038681082;-1.949748794
2019-08-08 06:00;0.350082783;-0.553022666;-0.941233771
2019-08-08 07:00;0.369653709;0.386542274;-1.139564094
2019-08-08 08:00;2.138613606;2.043655999;0.051070734
2019-08-08 09:00;2.372517629;1.259594265;2.138859593
2019-08-08 10:00;1.501551548;0.813873794;0.497339388
2019-08-08 11:00;1.830112723;0.744737138;-0.969667314
2019-08-08 12:00;-0.479030467;0.897630599;-1.717454083
2019-08-08 13:00;-0.433895548;-0.180082369;-0.757979689
2019-08-08 14:00;-0.661801154;1.552264505;1.471633337
2019-08-08 15:00;-0.390042224;0.840607939;1.53096324
2019-08-08 16:00;-1.579160447;0.466372167;-0.123303292
2019-08-08 17:00;-2.711221776;0.451768814;0.531415992
2019-08-08 18:00;-1.781710035;1.408417862;2.166434265
2019-08-08 19:00;0.759236903;0.058776195;1.902351094
2019-08-08 20:00;-0.95304317;-0.207551578;0.224806765
2019-08-08 21:00;-0.642873877;-1.891106774;1.626450209
2019-08-08 22:00;-1.495102998;-0.939390804;2.077180825
2019-08-08 23:00;-2.902599128;-0.28540746;1.670751065
2019-08-09 00:00;-2.026716485;-1.672018738;1.233090767
2019-08-09 01:00;-1.082325641;-0.913512977;1.754898689
2019-08-09 02:00;-0.657180225;0.381608163;1.292154049
2019-08-09 03:00;1.333113262;-0.569308776;2.431582043
2019-08-09 04:00;0.677363667;-0.074773839;4.355259579
2019-08-09 05:00;-1.530505113;0.556286408;2.693243731
2019-08-09 06:00;-1.245837728;0.966697189;0.443391394
2019-08-09 07:00;0.356815616;2.25628931;0.893450736
2019-08-09 08:00;0.809180244;1.59418862;1.028654092
2019-08-09 09:00;1.744328765;-0.17091127;-0.015025187
2019-08-09 10:00;0.814573597;0.936100105;-1.238028543
2019-08-09 11:00;0.792264238;1.050944583;-0.46411401
2019-08-09 12:00;1.519133741;0.048113936;-0.66748565
2019-08-09 13:00;1.757283462;-0.38781044;-1.242704892
2019-08-09 14:00;-0.116867652;-1.657233264;-1.596975658
2019-08-09 15:00;0.13890843;-1.61417304;-1.717869961
2019-08-09 16:00;-1.74972495;-2.270697947;-0.364701778
2019-08-09 17:00;-1.7190649;-0.488281299;0.013983733
2019-08-09 18:00;0.003295192;0.309005265;0.776852975
2019-08-09 19:00;-0.344359374;0.016944628;0.969888206
2019-08-09 20:00;-0.324076911;0.248184479;1.427576664
2019-08-09 21:00;1.824319332;1.067574851;-0.196387805
2019-08-09 22:00;2.555947442;0.53492988;-0.439108104
2019-08-09 23:00;3.217070397;0.168871629;-0.097785885
2019-08-10 00:00;2.480105126;-0.948062708;0.681361161
2019-08-10 01:00;-0.750726083;-1.143384802;1.431703368
2019-08-10 02:00;-1.293658728;0.371552164;-0.161040505
2019-08-10 03:00;0.989366408;1.127406291;-1.283523472
2019-08-10 04:00;1.440502794;2.371295644;-2.101540056
2019-08-10 05:00;2.551989255;1.238179436;-2.622605189
2019-08-10 06:00;1.378913451;0.787185803;-1.845537725
2019-08-10 07:00;2.137859986;0.755284489;-2.908832011
2019-08-10 08:00;-0.148196748;-1.039792895;-3.749217067
2019-08-10 09:00;1.240798848;-1.301621022;-2.117952353
2019-08-10 10:00;-0.019127221;-1.71808335;-2.300257962
2019-08-10 11:00;-0.625709022;-0.947933083;-2.349099072
2019-08-10 12:00;-1.807909589;-1.254489759;-1.65708613
2019-08-10 13:00;-1.665572413;-2.453548722;-0.208248888
2019-08-10 14:00;-3.009618861;-1.354414033;-0.241901263
2019-08-10 15:00;-2.83841134;0.062651115;-0.349611805
2019-08-10 16:00;-1.939290433;-0.154611216;0.700912444
2019-08-10 17:00;-0.274180592;0.515970257;-0.214955488
2019-08-10 18:00;-0.144923398;1.339390838;-1.113354908
2019-08-10 19:00;-0.090245734;-1.26385418;-0.491391002
2019-08-10 20:00;-1.461360798;1.085215388;-0.185220548
2019-08-10 21:00;1.65051243;0.670191805;-0.111974627
2019-08-10 22:00;2.323665136;-0.344613267;-0.411440945
2019-08-10 23:00;2.399828189;-2.145115614;-0.537320307
2019-08-11 00:00;0.242891736;-1.793820397;0.176357264
2019-08-11 01:00;-1.845537471;-0.984439724;0.749334185
2019-08-11 02:00;-0.672739165;-1.29895203;1.13647745
2019-08-11 03:00;-0.904474233;0.051299816;0.108712339
2019-08-11 04:00;-0.971175765;0.086582898;2.080741395
2019-08-11 05:00;-1.076749573;2.697864505;0.834670324
2019-08-11 06:00;-0.395115906;2.147942362;0.869698112
2019-08-11 07:00;1.74401322;2.001316631;-0.918436986
2019-08-11 08:00;2.583972622;0.364137187;0.252380757
2019-08-11 09:00;0.493719824;-2.177118834;-0.687693316
2019-08-11 10:00;-0.668261527;-0.585100814;-0.456852517
2019-08-11 11:00;-0.650700302;-1.650223971;-1.50031508
2019-08-11 12:00;-0.916083183;0.080267092;-0.105680959
2019-08-11 13:00;-1.601810922;0.122769089;-1.355647608
2019-08-11 14:00;0.296819815;0.121378264;0.417432639
2019-08-11 15:00;-0.047882994;0.853735388;0.34964031
2019-08-11 16:00;0.272391391;2.542645639;1.769690857
2019-08-11 17:00;2.577864084;1.483125731;2.535302064
2019-08-11 18:00;1.623752045;-0.292373485;1.982691984
2019-08-11 19:00;1.850208279;0.396929119;3.178049285
2019-08-11 20:00;2.361468808;0.08048264;4.525423772
2019-08-11 21:00;1.101250205;1.986832347;3.859635087
2019-08-11 22:00;1.168740752;1.300372525;4.322446246
2019-08-11 23:00;0.451488194;0.489480022;2.616068368
2019-08-12 00:00;-0.528900691;0.160467702;1.163089823
2019-08-12 01:00;-1.200331887;-0.234250371;1.475878362
2019-08-12 02:00;-0.7894189;0.70092346;0.046970936
2019-08-12 03:00;-0.545955153;0.391179659;0.264919053
2019-08-12 04:00;-1.407018784;1.326359349;1.283963089
2019-08-12 05:00;-0.49856942;1.663713051;2.889019048
2019-08-12 06:00;-0.570946852;1.43646089;4.471597787
2019-08-12 07:00;-0.124776047;1.180186548;4.47884992
2019-08-12 08:00;0.888619606;1.050722461;4.410822218
2019-08-12 09:00;1.885100448;1.706474911;5.344757387
2019-08-12 10:00;0.701143724;1.529030298;2.31284006
2019-08-12 11:00;0.955387722;0.868454765;2.250484648
2019-08-12 12:00;0.576191724;0.310959645;0.918030582
2019-08-12 13:00;0.825445195;3.018167028;2.403493482
2019-08-12 14:00;2.673075999;3.165652342;1.364434742
2019-08-12 15:00;4.075738562;2.507047934;0.398414819
2019-08-12 16:00;4.413639123;2.604971754;-0.622200481
2019-08-12 17:00;4.204718678;1.567134874;-1.246791849
2019-08-12 18:00;4.149480656;1.263854361;-1.565607032
2019-08-12 19:00;5.577591278;0.985234452;-0.297209446
2019-08-12 20:00;2.585085579;0.210934688;2.206379052
2019-08-12 21:00;1.948066827;0.07343534;3.048246966
2019-08-12 22:00;0.144376643;0.482281565;2.187099967
2019-08-12 23:00;1.259190529;-0.219973286;1.534694231
2019-08-13 00:00;0.440994354;1.239972855;0.865840651
2019-08-13 01:00;1.307270495;1.107620164;-1.404548231
2019-08-13 02:00;1.343016928;0.647535586;-1.402692678
2019-08-13 03:00;1.157030184;0.891164272;-0.928133278
2019-08-13 04:00;0.430556319;1.288003768;-0.965896528
2019-08-13 05:00;1.343353848;2.143081043;-2.663809269
2019-08-13 06:00;2.008025789;0.979425033;-0.378617278
2019-08-13 07:00;2.394314745;0.532324115;-0.290444641
2019-08-13 08:00;2.357811071;-0.322729972;2.560102803
2019-08-13 09:00;1.012048078;-0.892650583;3.92862985
2019-08-13 10:00;-0.070671245;-0.25427637;3.759745614
2019-08-13 11:00;0.19408779;0.295660602;1.405446989
2019-08-13 12:00;-0.294148607;-0.672581491;0.276358383
2019-08-13 13:00;0.138452736;-0.481317753;-0.39785594
2019-08-13 14:00;0.016559916;-1.011166616;-0.397232428
2019-08-13 15:00;-0.822592327;-1.107014162;1.495255777
2019-08-13 16:00;-1.113519352;-0.101785589;1.494696158
2019-08-13 17:00;-0.006381106;-0.123271369;2.627430642
2019-08-13 18:00;0.330654887;1.126042187;0.737113197
2019-08-13 19:00;2.017455045;0.857366129;0.650944953
2019-08-13 20:00;1.158605388;1.941570881;1.912500519
2019-08-13 21:00;2.32982952;-2.2292627;2.994438677
2019-08-13 22:00;0.783241627;-1.6327945;0.773373279
2019-08-13 23:00;-1.306441748;2.843321402;1.501838132
2019-08-14 00:00;2.105993932;3.810705459;2.426792801
2019-08-14 01:00;3.236627211;3.818225202;1.296680405
2019-08-14 02:00;4.278482265;1.798641294;1.330416601
2019-08-14 03:00;3.725973619;0.580628207;0.550425027
2019-08-14 04:00;2.847383867;0.084178609;1.967846523
2019-08-14 05:00;0.658851165;-0.721574775;0.725713904
2019-08-14 06:00;-0.307981769;-2.209904908;-0.979950262
2019-08-14 07:00;-2.381772288;-1.127129935;-2.947432884
2019-08-14 08:00;-0.643724356;-1.117716597;-3.89129575
2019-08-14 09:00;-1.614293525;-1.977200649;-4.181324926
2019-08-14 10:00;-2.054633053;-1.13371934;-4.62305981
2019-08-14 11:00;-1.212712881;-1.807776481;-4.238052389
2019-08-14 12:00;-0.665171935;-1.140823347;-3.706296184
2019-08-14 13:00;-0.208700619;-0.623285018;-1.330256493
2019-08-14 14:00;-1.3086135;-1.451131452;-1.789756693
2019-08-14 15:00;-2.747076871;-2.821308112;-0.788831587
2019-08-14 16:00;-1.718167011;-1.067460496;-1.046777531
2019-08-14 17:00;0.245742163;0.125440507;-0.707930335
2019-08-14 18:00;0.306331003;0.847445237;0.212610457
2019-08-14 19:00;1.70962016;0.22913718;-0.235758857
2019-08-14 20:00;1.719962296;-0.446191023;0.169181445
2019-08-14 21:00;-0.084090522;0.945236633;-0.977959817
2019-08-14 22:00;0.858333985;0.724960962;-1.070743299
2019-08-14 23:00;1.460060674;0.820220328;-0.781622483
2019-08-15 00:00;3.220076195;-0.340133149;-0.768745298
2019-08-15 01:00;2.440061789;-0.597657622;-1.555639524
2019-08-15 02:00;1.472552795;-1.399937062;-0.61586642
2019-08-15 03:00;-1.671707035;-0.969390334;0.180439158
2019-08-15 04:00;-1.117127369;-1.84939396;1.17437295
2019-08-15 05:00;-1.983706756;-1.951014274;0.8677869
2019-08-15 06:00;-2.194920481;-1.012783863;2.195099016
2019-08-15 07:00;-3.57015991;-0.515235536;1.458163043
2019-08-15 08:00;-1.941100035;-0.307479759;0.456525452
2019-08-15 09:00;-2.054534733;0.716154632;0.135979938
2019-08-15 10:00;-0.267756511;0.608508086;-1.260018671
2019-08-15 11:00;0.395502552;-0.727543097;-0.881411351
2019-08-15 12:00;-0.033088147;-0.472044112;-0.284832099
2019-08-15 13:00;-0.815138746;1.305817002;-0.840415426
2019-08-15 14:00;1.712089865;0.578802436;-1.194745961
2019-08-15 15:00;2.838645473;0.253218234;-2.277581097
2019-08-15 16:00;1.421440385;-0.112183621;-0.664680932
2019-08-15 17:00;0.080148766;-0.710490391;-2.285523068
2019-08-15 18:00;-0.584333778;-2.434212705;-0.81901197
2019-08-15 19:00;-1.459564642;-1.129949906;-0.380840368
2019-08-15 20:00;-1.21724005;-2.119876463;-0.789684898
2019-08-15 21:00;-3.035783777;-1.343176265;-2.345675587
2019-08-15 22:00;-1.603617868;-0.428825226;-3.352278735
2019-08-15 23:00;0.393721603;-0.028279881;-3.354336265
2019-08-16 00:00;0.9452554;-2.067494973;-4.249086724
2019-08-16 01:00;-0.755823423;-2.756613606;-3.340637067
2019-08-16 02:00;-0.300526177;-1.368005161;-0.910768842
2019-08-16 03:00;-2.005794437;0.045505911;-0.639981702
2019-08-16 04:00;-1.191567582;0.927618824;-1.501801289
2019-08-16 05:00;0.837629664;0.346045949;-1.215068471
2019-08-16 06:00;0.113468941;1.036986876;0.199726192
2019-08-16 07:00;1.193436572;0.53616978;-0.27560478
2019-08-16 08:00;3.676778549;0.373070425;0.182263735
2019-08-16 09:00;1.871854495;-0.067235754;0.073893003
2019-08-16 10:00;0.821273248;0.380462684;-0.292989447
2019-08-16 11:00;0.525748206;-0.174301191;-0.462953662
2019-08-16 12:00;-0.263403856;0.326459804;-0.366390492
2019-08-16 13:00;0.649905603;0.360120255;0.261955243
2019-08-16 14:00;0.304660263;-0.142425554;1.058432035
2019-08-16 15:00;-1.960786225;2.278092808;1.535951285
2019-08-16 16:00;0.08273541;0.727136185;-0.049319438
2019-08-16 17:00;-0.520112365;0.50173783;-0.043620855
2019-08-16 18:00;0.061929131;0.119367938;-1.334859862
2019-08-16 19:00;0.887124047;0.102334088;-2.366037395
2019-08-16 20:00;2.163378497;1.902247362;-3.122934348
2019-08-16 21:00;2.447506407;-0.133155934;-3.929983747
2019-08-16 22:00;1.792994441;0.707466162;-1.384986902
2019-08-16 23:00;3.346219068;1.287248563;-1.906865308
2019-08-17 00:00;2.027907327;1.109565081;-4.391761693
2019-08-17 01:00;1.959725912;0.239756357;-2.383226164
2019-08-17 02:00;1.009750468;2.074038851;-1.474363835
2019-08-17 03:00;2.143820562;1.155751599;0.600719731
2019-08-17 04:00;1.781596225;1.953515827;0.975009708
2019-08-17 05:00;2.486266345;1.06610407;-0.021805678
2019-08-17 06:00;0.806736468;1.562385487;-0.716241594
2019-08-17 07:00;1.154533837;-0.42757192;-0.459400335
2019-08-17 08:00;-0.8520285;-1.577062663;0.007057071
2019-08-17 09:00;-2.936505067;-1.507900137;-0.610851665
2019-08-17 10:00;-2.248287401;-1.59662065;-1.797594818
2019-08-17 11:00;-2.123829197;-1.282341471;-1.75923668
2019-08-17 12:00;-2.018199573;-0.295758709;0.182823021
2019-08-17 13:00;-1.267013889;0.794877765;-0.291002592
2019-08-17 14:00;-0.381557172;1.365527759;-0.299344349
2019-08-17 15:00;-0.078786732;1.103649617;-0.303913491
2019-08-17 16:00;0.580213926;-0.843921767;-0.293551215
2019-08-17 17:00;0.462576361;-2.612549507;1.249879228
2019-08-17 18:00;-0.802553667;-2.563206214;2.736056263
2019-08-17 19:00;-2.475739158;-1.236994472;2.321935565
2019-08-17 20:00;-4.907079372;1.701376306;1.442458429
2019-08-17 21:00;-1.946768213;2.360604786;1.573242392
2019-08-17 22:00;0.651800971;1.511936966;2.485740308
2019-08-17 23:00;-0.439349708;-0.466277704;2.153997877
2019-08-18 00:00;-0.332417552;0.36924269;2.445076892
2019-08-18 01:00;-1.946011873;0.588523787;2.633810667
2019-08-18 02:00;1.142833428;-1.140568972;2.235601766
2019-08-18 03:00;-2.419456515;-0.153677836;0.854075064
2019-08-18 04:00;-1.550433313;1.900375597;0.948734577
2019-08-18 05:00;-0.835681184;1.631018941;-1.10720871
2019-08-18 06:00;0.422702069;1.077766398;-1.615103339
2019-08-18 07:00;1.950864206;0.089181617;-0.171696031
2019-08-18 08:00;1.506828741;0.358327468;-0.835040526
2019-08-18 09:00;0.992198724;-0.051922049;0.024839307
2019-08-18 10:00;1.233727982;-1.058274528;-0.444437933
2019-08-18 11:00;-0.710650218;-1.409046279;0.355225724
2019-08-18 12:00;-2.836071254;-2.115936509;0.524106281
2019-08-18 13:00;-1.325824721;0.25544702;-0.652436244
2019-08-18 14:00;0.323756622;1.606718169;-0.43849209
2019-08-18 15:00;1.757088595;2.786699367;-0.295768415
2019-08-18 16:00;3.224361088;1.443903572;-0.390798649
2019-08-18 17:00;2.542669193;0.127405797;0.671946514
2019-08-18 18:00;0.799246762;1.699105397;-0.765869088
2019-08-18 19:00;1.492597761;-0.550925097;-0.554119379
2019-08-18 20:00;0.538788248;-1.339500546;-1.600418449
2019-08-18 21:00;-0.472603698;-1.424452655;-1.003171332
2019-08-18 22:00;-2.434225987;-2.578203116;0.810336104
2019-08-18 23:00;-4.776527053;-0.78859168;0.296543297
2019-08-19 00:00;-0.838578952;-0.517492284;0.876038451
2019-08-19 01:00;-2.181301945;-1.240919828;-0.348559759
2019-08-19 02:00;-2.621026754;0.503895704;-2.306139707
2019-08-19 03:00;0.233849701;0.374268356;-3.747198264
2019-08-19 04:00;-0.174871904;1.81907798;-3.280753256
2019-08-19 05:00;1.385331078;0.311001979;-3.989715103
2019-08-19 06:00;0.614655115;0.173303268;-3.321912953
2019-08-19 07:00;-0.209920981;0.211251792;-5.186494373
2019-08-19 08:00;1.382927934;-0.57307998;-3.759076904
2019-08-19 09:00;1.341718455;-0.054199133;-3.664981173
2019-08-19 10:00;1.041677382;-0.017604338;-5.53660724
2019-08-19 11:00;0.879578994;-0.41425095;-5.918450238
2019-08-19 12:00;-0.465417429;0.224839642;-4.767195999
2019-08-19 13:00;-0.213988268;-2.062521017;-4.249324159
2019-08-19 14:00;-1.805602117;0.071574535;-4.947300265
2019-08-19 15:00;0.239915383;-1.949503067;-3.3278632
2019-08-19 16:00;-1.917575983;-1.736381491;-3.505875595
2019-08-19 17:00;-2.201766885;-1.463683216;-2.203217536
2019-08-19 18:00;-3.118511966;-1.793194058;-0.391676886
2019-08-19 19:00;-2.610600768;0.399202885;1.223651308
2019-08-19 20:00;1.156150719;1.860581087;1.489540212
2019-08-19 21:00;2.941892431;2.198064089;3.186641381
2019-08-19 22:00;3.391856818;2.730287096;2.937936375
2019-08-19 23:00;4.238360265;2.760039989;3.877401676
2019-08-20 00:00;4.630274015;1.306160253;3.467605869
2019-08-20 01:00;1.981194597;-0.495797815;4.545600745
2019-08-20 02:00;1.382963324;0.395616828;4.663473576
2019-08-20 03:00;0.2919295;-1.094747261;5.908670158
2019-08-20 04:00;-0.836322019;0.98534314;6.488394928
2019-08-20 05:00;-1.549774176;2.161065566;5.262242706
2019-08-20 06:00;2.027456623;3.439674674;3.727593967
2019-08-20 07:00;3.647863691;4.187913877;3.68249776
2019-08-20 08:00;4.009902023;3.135354578;4.230490114
2019-08-20 09:00;1.802147855;3.090546761;4.385163531
2019-08-20 10:00;3.198046303;2.670780859;4.465751684
2019-08-20 11:00;4.865052843;2.399563562;2.874620947
2019-08-20 12:00;2.962401623;0.833202822;1.890531458
2019-08-20 13:00;1.884759577;-0.027282409;1.440264294
2019-08-20 14:00;2.653091691;0.100353901;2.084176944
2019-08-20 15:00;2.357111679;0.825290404;1.728757612
2019-08-20 16:00;2.413311803;0.969281989;1.976339831
2019-08-20 17:00;1.013960039;-0.744643525;3.415139588
2019-08-20 18:00;-1.36648313;-3.079595643;1.338236808
2019-08-20 19:00;-1.522674651;-2.422228535;1.399248834
2019-08-20 20:00;-1.432234041;-3.421999208;0.863072164
2019-08-20 21:00;-2.079092471;-2.964564012;-0.154474162
2019-08-20 22:00;-1.867795417;-0.485337528;0.123196019
2019-08-20 23:00;-1.651049287;-0.982505344;0.570855009
2019-08-21 00:00;-1.862491294;-0.92577072;-0.485461335
2019-08-21 01:00;1.085149882;-1.35796672;0.457825352
2019-08-21 02:00;-0.818824398;-3.188081814;-0.483296667
2019-08-21 03:00;-1.209423839;-0.795812261;0.717064755
2019-08-21 04:00;-1.561633588;-0.608597702;-0.158308663
2019-08-21 05:00;-0.805265691;-0.392998245;-1.460209104
2019-08-21 06:00;-1.308057961;1.765454449;-2.52018817
2019-08-21 07:00;-0.508072323;2.995229873;-2.578380154
2019-08-21 08:00;2.340531693;1.593277601;-2.734981785
2019-08-21 09:00;2.198254163;0.275343249;-2.220865789
2019-08-21 10:00;1.908299358;-0.735330252;-1.23079664
2019-08-21 11:00;0.711536352;-1.763284795;-0.068712987
2019-08-21 12:00;-2.039352898;-2.083821063;1.938239475
2019-08-21 13:00;-1.984931361;-1.52181002;2.280823531
2019-08-21 14:00;-4.256100849;-0.669830568;0.781084224
2019-08-21 15:00;-1.98493519;-1.372587482;0.930261023
2019-08-21 16:00;-2.690717399;-1.87094615;1.503988271
2019-08-21 17:00;-2.798532532;0.491104041;2.091919178
2019-08-21 18:00;-0.345273723;0.988444693;2.963184066
2019-08-21 19:00;2.14149895;1.161113988;1.928150872
2019-08-21 20:00;2.257069876;0.264392422;2.196089676
2019-08-21 21:00;1.750175888;0.591973816;3.471906515
2019-08-21 22:00;1.117964215;0.126716177;3.433584338
2019-08-21 23:00;-0.559297282;-0.048931213;4.57981542
2019-08-22 00:00;0.574465416;2.881716957;3.167883149
2019-08-22 01:00;2.065767159;0.513204655;2.868324315
2019-08-22 02:00;1.725082169;1.37221307;3.882095842
2019-08-22 03:00;0.773695222;-1.120651271;3.968373996
2019-08-22 04:00;-0.632095445;0.041033131;4.014201762
2019-08-22 05:00;-0.790631022;-0.21693231;2.692987659
2019-08-22 06:00;0.851820843;-1.055574354;2.338473779
2019-08-22 07:00;-0.770792212;0.006149302;2.241530212
2019-08-22 08:00;-0.848385592;2.486629675;1.723201005
2019-08-22 09:00;1.528464913;2.35712997;2.994511457
2019-08-22 10:00;1.735482364;2.088273985;2.676575903
2019-08-22 11:00;2.476207671;0.674754357;2.882057929
2019-08-22 12:00;1.149474074;0.585624515;1.937277418
2019-08-22 13:00;2.030478497;1.513705647;1.572299106
2019-08-22 14:00;3.600341466;1.17264279;0.791548446
2019-08-22 15:00;2.183865937;0.643616543;-1.270987966
2019-08-22 16:00;-0.104164798;2.430414524;-0.778046542
2019-08-22 17:00;1.132980505;1.055302136;-0.200348998
2019-08-22 18:00;4.118181198;2.13513754;0.159514135
2019-08-22 19:00;4.498719645;1.056468161;1.352417126
2019-08-22 20:00;1.985424844;1.836468458;1.744770199
2019-08-22 21:00;1.942144089;0.537131334;2.060416709
2019-08-22 22:00;1.842685545;0.822581497;0.659564637
2019-08-22 23:00;2.198996887;-0.429938841;0.268572798
2019-08-23 00:00;0.206194395;-0.083748792;2.146251595
2019-08-23 01:00;0.742988774;-0.713231057;3.581727722
2019-08-23 02:00;-1.683355045;-0.199382707;2.354745604
2019-08-23 03:00;-1.507102338;0.340856212;2.225969656
2019-08-23 04:00;-1.662649681;0.295402361;3.647490485
2019-08-23 05:00;-0.873737218;0.782617552;4.730436376
2019-08-23 06:00;-1.592326962;1.921317796;2.794168675
2019-08-23 07:00;0.64557717;1.782815518;1.091810216
2019-08-23 08:00;3.180714717;1.629841928;1.757326382
2019-08-23 09:00;2.56746802;0.371686821;0.424047691
2019-08-23 10:00;0.773779895;-0.424468871;0.886024335
2019-08-23 11:00;-0.847735583;0.322989709;0.563117788
2019-08-23 12:00;-0.345303411;1.313482786;1.856912398
2019-08-23 13:00;-1.626688028;2.843466283;3.296126481
2019-08-23 14:00;1.244793732;2.541416213;2.161254588
2019-08-23 15:00;-0.769215049;0.275525822;3.540298447
2019-08-23 16:00;1.146305254;0.854804189;2.069276667
2019-08-23 17:00;1.1975945;-0.988360816;2.326042667
2019-08-23 18:00;-0.876034013;-1.544119692;1.820464235
2019-08-23 19:00;-0.075443771;-1.197209977;2.102633404
2019-08-23 20:00;-1.537696535;-0.936137455;1.624410853
2019-08-23 21:00;-1.022047469;-0.047049736;2.806884928
2019-08-23 22:00;-0.358838928;0.198829018;-0.207192106
2019-08-23 23:00;-0.506851302;1.362159039;0.629954377
2019-08-24 00:00;0.03307836;1.222692997;0.960642752
2019-08-24 01:00;1.39315384;0.016570332;-0.492357682
2019-08-24 02:00;-0.556523303;-0.123208166;-0.829223746
2019-08-24 03:00;3.013011499;-0.385891748;-1.148680436
2019-08-24 04:00;1.450136219;-2.253903366;-1.237888251
2019-08-24 05:00;-1.579429298;-1.046399577;-2.685936077
2019-08-24 06:00;-2.070206311;0.122499217;-1.632999718
2019-08-24 07:00;-0.792930728;-1.028851472;-1.177657222
2019-08-24 08:00;-0.335586173;0.074971608;-0.346813778
2019-08-24 09:00;-0.351207098;-1.084642946;-0.383064699
2019-08-24 10:00;-0.785399166;-0.462619409;-1.553008178
2019-08-24 11:00;-0.155917336;-0.198076884;-0.502507107
2019-08-24 12:00;-0.623066328;-2.109517079;-0.162567828
2019-08-24 13:00;-1.182797387;-2.408830563;1.068510794
2019-08-24 14:00;-2.377727619;-1.53581788;0.218551208
2019-08-24 15:00;-2.146360382;2.280535094;0.822557792
2019-08-24 16:00;-0.087321819;-0.084320545;-0.304054525
2019-08-24 17:00;-0.372183394;0.91779057;0.321802652
2019-08-24 18:00;-0.201739421;2.643937901;0.41682597
2019-08-24 19:00;2.221817046;1.943211917;1.223040235
2019-08-24 20:00;5.019852158;1.268861979;-0.807935459
2019-08-24 21:00;3.24876761;0.330193056;-0.699942601
2019-08-24 22:00;0.216707783;-0.57870743;0.289865186
2019-08-24 23:00;-1.385252431;-2.37661207;1.040798985
2019-08-25 00:00;0.281698279;-2.023229798;1.699220228
2019-08-25 01:00;-1.180759416;-0.765010918;-0.322671711
2019-08-25 02:00;-0.570291795;-2.442939144;-0.404793368
2019-08-25 03:00;-0.790970376;-1.417531957;-1.187249516
2019-08-25 04:00;-0.179491626;-1.63222719;-1.366225081
2019-08-25 05:00;-0.506001529;-0.261523573;-0.209093172
2019-08-25 06:00;-0.694087534;-1.481931362;-0.99511745
2019-08-25 07:00;0.068746087;0.338274264;-1.217902217
2019-08-25 08:00;0.150128652;1.029481699;-0.169798131
2019-08-25 09:00;-0.160754999;2.48053748;-0.066113342
2019-08-25 10:00;0.933657496;1.728998446;0.634721248
2019-08-25 11:00;0.673897803;0.688015902;0.86377163
2019-08-25 12:00;-0.232332053;-1.344702344;0.764016871
2019-08-25 13:00;-1.665416582;-0.17277476;0.679595808
2019-08-25 14:00;-1.008010597;-1.422374399;-0.361905172
2019-08-25 15:00;-1.295506048;0.382707363;-0.97528437
2019-08-25 16:00;0.475468271;-0.567403296;-1.24247361
2019-08-25 17:00;0.344266407;-0.494110293;-1.276288159
2019-08-25 18:00;-0.735360545;1.280666091;-2.428456531
2019-08-25 19:00;1.013568201;0.579322758;-0.10199019
2019-08-25 20:00;1.222234094;0.34137272;0.137095423
2019-08-25 21:00;1.864640629;0.748270475;0.10666719
2019-08-25 22:00;1.928088123;0.938709187;2.381011929
2019-08-25 23:00;1.593104644;1.074066996;2.974304166
2019-08-26 00:00;-0.53187771;2.339714541;4.355553218
2019-08-26 01:00;1.587335895;2.82566953;5.332393215
2019-08-26 02:00;1.339756226;1.855184316;5.717362597
2019-08-26 03:00;0.336297614;1.146084334;4.027134569
2019-08-26 04:00;0.148122757;2.635920807;2.511551077
2019-08-26 05:00;3.156244934;3.73298439;2.751799712
2019-08-26 06:00;4.70804286;2.236765543;2.4196366
2019-08-26 07:00;2.411869339;1.386514373;2.450055496
2019-08-26 08:00;0.536081296;2.884389794;0.036225596
2019-08-26 09:00;3.473629235;3.174640384;-1.269675878
2019-08-26 10:00;5.858393869;2.390840916;-1.379544656
2019-08-26 11:00;5.274079084;1.761200566;-1.946029071
2019-08-26 12:00;3.167789864;0.682384929;-0.815189514
2019-08-26 13:00;2.779254238;0.904940796;-2.733446173
2019-08-26 14:00;1.814578654;0.549250873;-1.06533028
2019-08-26 15:00;2.701610032;0.344537857;-1.656929193
2019-08-26 16:00;3.197693752;-1.205738484;-2.379096469
2019-08-26 17:00;1.301673561;-1.346660269;-1.963134103
2019-08-26 18:00;0.542114065;-1.215809089;-1.063359595
2019-08-26 19:00;-0.226171105;-1.216343758;-1.085337083
2019-08-26 20:00;-1.753932342;-0.830630581;-0.631385416
2019-08-26 21:00;-3.313275864;1.577421028;-0.401803954
2019-08-26 22:00;1.462097993;1.364622141;-0.953009559
2019-08-26 23:00;3.635336466;1.485261908;0.565246433
2019-08-27 00:00;3.886953009;-0.620562296;-0.20196939
2019-08-27 01:00;2.468337134;-1.075024577;0.571735238
2019-08-27 02:00;0.543082793;-0.240538571;1.429852232
2019-08-27 03:00;-1.650885215;0.728308986;1.336881312
2019-08-27 04:00;0.506099388;-0.015002398;2.012081476
2019-08-27 05:00;-1.185122724;-0.042788799;1.376616712
2019-08-27 06:00;-2.14298205;0.665549197;-0.790067029
2019-08-27 07:00;-0.979784715;-0.635636888;0.048464509
2019-08-27 08:00;-1.539136155;0.291893956;2.074717585
2019-08-27 09:00;-0.756667703;0.675939066;3.040156061
2019-08-27 10:00;-1.265912317;1.755792453;1.099807726
2019-08-27 11:00;0.654739259;1.037519799;0.101978094
2019-08-27 12:00;0.64697309;0.052898064;-2.222456093
2019-08-27 13:00;1.949524877;-0.30313434;-2.403716586
2019-08-27 14:00;0.748865185;0.076387358;-3.17542164
2019-08-27 15:00;-0.296951573;-0.922439788;-1.740520393
2019-08-27 16:00;1.26217615;-0.55598021;-2.766956264
2019-08-27 17:00;0.208127866;0.297095814;-3.397760904
2019-08-27 18:00;2.313234323;-1.030690666;-4.020341023
2019-08-27 19:00;1.663094548;0.625588803;-3.008324669
2019-08-27 20:00;1.698370495;0.862282614;-2.151143639
2019-08-27 21:00;2.603233134;0.459687902;-1.895578214
2019-08-27 22:00;0.621373412;-1.143514404;-1.254155131
2019-08-27 23:00;-0.809483987;-2.088723331;-0.660522882
2019-08-28 00:00;-3.0873548;-1.672052742;-0.366110746
2019-08-28 01:00;-2.580874833;0.073929148;-0.978308536
2019-08-28 02:00;-1.799594388;-2.102076252;-1.169740451
2019-08-28 03:00;-2.87049491;-2.148617116;-1.12078751
2019-08-28 04:00;-3.521854982;-2.66382032;-0.863479339
2019-08-28 05:00;-4.273513913;-2.317734196;-0.741485458
2019-08-28 06:00;-3.000426062;0.273863989;-2.902698268
2019-08-28 07:00;0.258220698;-0.770266925;-3.626041742
2019-08-28 08:00;-1.624915202;-0.883716799;-0.86370319
2019-08-28 09:00;-1.65265443;-0.73113823;-1.873935101
2019-08-28 10:00;-1.319194271;0.418176303;-0.598527726
2019-08-28 11:00;3.53678987;-0.367030552;-0.191263665
2019-08-28 12:00;2.302568477;0.04863345;-1.075662301
2019-08-28 13:00;0.768095637;0.662433725;0.226825444
2019-08-28 14:00;2.55687153;1.886221936;-0.219759732
2019-08-28 15:00;2.106112293;2.510804691;-2.045333654
2019-08-28 16:00;2.944242182;-0.227941437;-1.320488349
2019-08-28 17:00;0.828002078;-0.313955708;-0.583779964
2019-08-28 18:00;1.533155368;0.501219693;0.213628464
2019-08-28 19:00;0.796145465;2.136966933;1.285803969
2019-08-28 20:00;1.692439063;1.160181238;0.709148227
2019-08-28 21:00;1.907450952;3.420427058;1.510283322
2019-08-28 22:00;3.863499574;3.178360579;0.720490833
2019-08-28 23:00;4.413522252;0.317492584;-1.176684178
2019-08-29 00:00;1.712459787;-0.202617115;-1.325703099
2019-08-29 01:00;-0.43204859;-0.223929143;-1.323577732
2019-08-29 02:00;-0.291905578;1.52203287;-0.839290625
2019-08-29 03:00;1.364167592;-0.075745977;-1.352715794
2019-08-29 04:00;0.706057332;-0.446941053;-1.456775361
2019-08-29 05:00;-0.023557383;0.442088279;-0.675703973
2019-08-29 06:00;0.939400887;1.392298534;-1.270149034
2019-08-29 07:00;1.430576538;2.357434289;0.597328736
2019-08-29 08:00;1.293931876;2.421899451;0.404619267
2019-08-29 09:00;3.078848314;2.167577891;-0.893577165
2019-08-29 10:00;1.985409201;1.262556894;-0.031047163
2019-08-29 11:00;1.428506313;0.861606039;1.429220964
2019-08-29 12:00;1.276625226;2.749653997;0.981886726
2019-08-29 13:00;3.132005587;0.861417999;0.164209437
2019-08-29 14:00;1.273071229;0.35550573;-0.532411393
2019-08-29 15:00;0.315345882;-1.563392787;0.029128169
2019-08-29 16:00;-1.456430555;-3.307266258;0.55941798
2019-08-29 17:00;-4.861230221;-3.079173688;-1.150952907
2019-08-29 18:00;-4.569550254;-2.796259331;-1.42777819
2019-08-29 19:00;-5.325937143;-3.357682408;-2.062971368
2019-08-29 20:00;-3.744257791;-1.198241257;-2.24547207
2019-08-29 21:00;-2.678881594;-0.363176985;-0.630090779
2019-08-29 22:00;-1.076340264;-1.872577389;0.177845859
2019-08-29 23:00;-1.929822602;0.012861031;0.159338658
2019-08-30 00:00;0.066489562;-0.04065349;1.132361513
2019-08-30 01:00;-1.898112893;-0.267794092;1.262724143
2019-08-30 02:00;-0.467799605;-1.710723899;2.242435289
2019-08-30 03:00;-2.085561306;-2.164042071;2.396348193
2019-08-30 04:00;-2.136729207;-0.6912731;1.503582285
2019-08-30 05:00;-1.492912989;-0.885341482;1.829871778
2019-08-30 06:00;-1.7151538;-0.656239023;0.206426938
2019-08-30 07:00;-0.675287695;-0.940886033;1.266382361
2019-08-30 08:00;-0.400629536;-1.275607833;-0.226955113
2019-08-30 09:00;-0.024536874;-1.557137093;-1.350984894
2019-08-30 10:00;-2.668338431;-0.141365161;-1.123589058
2019-08-30 11:00;-0.954659892;-1.949207258;-2.340479194
2019-08-30 12:00;-1.475215222;-3.657297486;0.126615462
2019-08-30 13:00;-3.285005581;-1.951864138;-1.148852904
2019-08-30 14:00;-2.956590027;-0.105533048;-1.428437118
2019-08-30 15:00;-0.86284048;-0.447453393;-0.120903829
2019-08-30 16:00;-0.138005359;1.692847064;1.079858118
2019-08-30 17:00;2.378527891;1.277417053;-0.001059011
2019-08-30 18:00;0.174311692;-0.6494035;-0.786970686
2019-08-30 19:00;-1.630718776;-1.808587608;-0.057288973
2019-08-30 20:00;0.659058183;-1.962082596;-0.404625153
2019-08-30 21:00;-1.124712236;-1.828741612;0.261814916
2019-08-30 22:00;-2.225145044;-1.701159239;0.933116132
2019-08-30 23:00;-2.751972098;-1.094955563;1.084604788
2019-08-31 00:00;-2.471221887;-0.158570183;-1.523330943
2019-08-31 01:00;-0.221299756;-0.567594887;-0.868306055
2019-08-31 02:00;-0.573031869;-0.496621285;-0.690911792
2019-08-31 03:00;-0.111710018;-1.744801527;-0.392763755
2019-08-31 04:00;-1.616882069;-1.524252162;-2.303627612
2019-08-31 05:00;0.131461908;-2.208913785;-1.425397412
2019-08-31 06:00;-1.41423065;-1.030930676;-1.744404683
2019-08-31 07:00;0.288213694;-2.637354504;-2.767628089
2019-08-31 08:00;-2.345620498;-3.455629117;-2.961311012
2019-08-31 09:00;-3.480843796;-2.352731984;-2.007001009
2019-08-31 10:00;-2.864983548;-1.206468676;-2.229539359
2019-08-31 11:00;-1.811634228;-0.855679481;-0.80373613
2019-08-31 12:00;-1.318931707;-0.583833246;-0.772462855
2019-08-31 13:00;-1.200317623;-0.43503981;-1.247138032
2019-08-31 14:00;0.094295031;1.550253806;-1.236985208
2019-08-31 15:00;0.420662498;1.292956847;-1.374916614
2019-08-31 16:00;0.127806731;-0.036367199;-2.662139255
2019-08-31 17:00;-0.170940387;-0.174146553;-2.655979395
2019-08-31 18:00;1.127136029;-0.103520191;-1.056294444
2019-08-31 19:00;0.529010045;1.650577726;-1.191003696
2019-08-31 20:00;1.50398432;2.096741171;-1.087611054
2019-08-31 21:00;2.626093857;2.615477046;-1.104747876
2019-08-31 22:00;2.975453407;4.147297574;0.226895088
2019-08-31 23:00;2.872479447;3.063558506;0.475752605
2019-09-01 00:00;3.178492821;1.218227004;-0.170340354
2019-09-01 01:00;1.561114356;-0.182572665;0.36159578
2019-09-01 02:00;2.093929227;0.39734114;0.056238352
2019-09-01 03:00;1.773776703;0.076658352;0.428798091
2019-09-01 04:00;1.55715425;2.368627991;0.597401309
2019-09-01 05:00;3.102386261;1.155889196;0.627137679
2019-09-01 06:00;3.295669601;-0.480027683;1.079751364
2019-09-01 07:00;2.750007088;0.228322918;0.606505954
2019-09-01 08:00;1.623569748;1.127413312;1.666184519
2019-09-01 09:00;0.647008182;2.256738316;1.800336549
2019-09-01 10:00;1.117320809;2.512830545;-0.728199055
2019-09-01 11:00;2.967658656;2.41624939;-1.136448556
2019-09-01 12:00;3.187867155;2.993920671;-1.30249016
2019-09-01 13:00;3.21776361;2.755674306;-2.075185292
2019-09-01 14:00;4.715479163;3.014398019;-1.544603162
2019-09-01 15:00;6.459416358;1.91886662;-1.600703775
2019-09-01 16:00;5.723498077;1.271950581;-0.994059317
2019-09-01 17:00;5.087170494;-0.640274846;0.355974986
2019-09-01 18:00;2.658920852;-0.853978935;-0.212386717
2019-09-01 19:00;0.905252927;0.378495503;-1.038961637
2019-09-01 20:00;0.523826182;0.575670905;-0.532609977
2019-09-01 21:00;1.176839898;0.128404799;-1.51878587
2019-09-01 22:00;1.272675057;-1.270415718;-0.407203155
2019-09-01 23:00;-0.973182692;-0.381805106;-0.023957488
2019-09-02 00:00;-2.197267304;-0.082599652;-0.64231776
2019-09-02 01:00;-1.019340439;-1.120042266;-1.029634337
2019-09-02 02:00;-2.443944516;-2.550873178;0.09193513
2019-09-02 03:00;-4.801105973;-1.3297936;1.43581863
2019-09-02 04:00;-4.454133587;-2.134354367;1.417398413
2019-09-02 05:00;-3.221684369;-2.276143551;-0.218217596
2019-09-02 06:00;-3.859324202;-1.546962513;-1.122126264
2019-09-02 07:00;-3.462302111;-0.371146168;-1.964223482
2019-09-02 08:00;-2.674543641;-0.035354588;-2.300328419
2019-09-02 09:00;-1.558670496;1.742945829;-1.532898327
2019-09-02 10:00;-0.208524079;0.47667797;-1.631898225
2019-09-02 11:00;3.106706272;0.524463102;-3.420835689
2019-09-02 12:00;2.394600351;-0.500997313;-4.57355683
2019-09-02 13:00;0.622367167;1.23199844;-3.240379839
2019-09-02 14:00;1.120991419;0.79241868;-0.640424873
2019-09-02 15:00;0.912586328;-0.453874387;-0.665058421
2019-09-02 16:00;-0.19338638;0.479779672;-0.657669144
2019-09-02 17:00;0.911536244;0.90690539;-0.520366358
2019-09-02 18:00;2.333086043;1.060188536;-2.187242064
2019-09-02 19:00;3.251703513;0.14900645;-1.497939814
2019-09-02 20:00;3.750747192;-0.715809264;-0.54398876
2019-09-02 21:00;-0.288214902;0.33368579;-0.611186581
2019-09-02 22:00;-0.280557371;0.592262634;-0.074911832
2019-09-02 23:00;1.419833416;-1.113547063;0.317218192
2019-09-03 00:00;1.19732824;-2.158941944;1.713117229
2019-09-03 01:00;-0.318884958;-0.990344714;0.586743566
2019-09-03 02:00;0.100970835;-0.386586042;1.276256771
2019-09-03 03:00;-1.018733667;-0.005470493;1.139676771
2019-09-03 04:00;-1.772872873;0.561336456;0.693749695
2019-09-03 05:00;0.65501263;-0.238202131;1.310771893
2019-09-03 06:00;-0.285862199;0.541585552;1.464228469
2019-09-03 07:00;-2.110550592;1.836563548;0.643268483
2019-09-03 08:00;0.712013191;2.005287718;-1.315916963
2019-09-03 09:00;4.110550963;1.929192754;0.219723242
2019-09-03 10:00;3.875426591;0.996776045;-0.877498954
2019-09-03 11:00;1.788651101;0.46617905;-2.751064358
2019-09-03 12:00;0.123024791;-0.474404485;-3.2267267
2019-09-03 13:00;-0.103903444;-0.604774447;-2.306115216
2019-09-03 14:00;-1.582185681;0.109174811;-1.286273711
2019-09-03 15:00;0.683678467;0.414364372;-1.391238229
2019-09-03 16:00;-0.722473706;1.325801933;-2.225800342
2019-09-03 17:00;-1.931834146;1.777569133;-0.93226588
2019-09-03 18:00;1.158427325;1.755605544;0.663654728
2019-09-03 19:00;2.318173184;3.105286248;-0.068849569
2019-09-03 20:00;3.023905874;1.692047742;-0.554161432
2019-09-03 21:00;3.813025716;1.215005189;-1.911314737
2019-09-03 22:00;2.624029334;1.188614356;-2.783778569
2019-09-03 23:00;3.212726886;2.640582135;-1.464156948
2019-09-04 00:00;2.852525619;1.994421886;0.022261514
2019-09-04 01:00;1.887035558;4.033078227;-0.386416236
2019-09-04 02:00;3.265001225;1.931667799;0.214801642
2019-09-04 03:00;3.737608876;1.109853172;-2.124007252
2019-09-04 04:00;3.841520534;2.245504845;-3.167456549
2019-09-04 05:00;4.295219596;0.316719184;-2.110255561
2019-09-04 06:00;1.933279562;-1.272544384;-3.120835753
2019-09-04 07:00;0.665062833;-1.595680478;-3.512259093
2019-09-04 08:00;-0.29568049;-1.559494819;-4.309815729
2019-09-04 09:00;-2.459366482;-0.496213765;-2.436979533
2019-09-04 10:00;-0.490760861;-0.097058661;-2.840793049
2019-09-04 11:00;0.022367868;-0.15620143;-1.631331911
2019-09-04 12:00;-0.947694485;0.070307734;-0.35048252
2019-09-04 13:00;-0.804379153;1.930917209;0.088903127
2019-09-04 14:00;1.440284049;2.344344044;1.075500964
2019-09-04 15:00;3.963980086;1.563036562;0.734725285
2019-09-04 16:00;2.211703497;1.790422006;0.616306076
2019-09-04 17:00;1.542807492;1.762985655;0.323096945
2019-09-04 18:00;2.054567771;-0.007898742;-0.601232488
2019-09-04 19:00;1.1541574;-0.534177728;-1.506406774
2019-09-04 20:00;-0.209397207;0.862438336;-1.805910249
2019-09-04 21:00;2.225185496;0.898194059;0.198427518
2019-09-04 22:00;2.34274693;2.001561414;1.811480535
2019-09-04 23:00;3.288202503;0.613570246;-0.122385138
2019-09-05 00:00;1.527057231;-0.665828012;-1.465226888
2019-09-05 01:00;-0.630535866;0.11643244;-1.275797081
2019-09-05 02:00;-1.535770728;0.775196604;-1.496099051
2019-09-05 03:00;-0.866036554;1.09054432;-0.987650219
2019-09-05 04:00;0.104690125;-1.456067737;-1.121205658
2019-09-05 05:00;0.214122797;-2.22999394;-0.86745124
2019-09-05 06:00;-1.598385302;-2.529861474;-0.603623523
2019-09-05 07:00;-4.203599735;-0.751976943;-0.001682905
2019-09-05 08:00;-2.852740375;-0.675073497;-0.533745365
2019-09-05 09:00;-1.875721038;-0.51617715;1.116743264
2019-09-05 10:00;-1.569474641;-0.672608941;0.376149651
2019-09-05 11:00;-2.555163203;-0.16739364;-0.325227549
2019-09-05 12:00;-0.691438274;0.508465106;0.800089371
2019-09-05 13:00;-0.829460796;1.869553678;-0.434280132
2019-09-05 14:00;2.505792244;1.06023128;1.06440418
2019-09-05 15:00;0.47435109;-0.182385819;0.793597612
2019-09-05 16:00;1.681892456;-0.506327492;1.134383801
2019-09-05 17:00;0.316829122;0.349334861;1.797629696
2019-09-05 18:00;0.064775138;-0.832215654;0.994097803
2019-09-05 19:00;-0.862651648;-0.319594616;0.344413338
2019-09-05 20:00;-1.733919631;1.235417317;-0.733757857
2019-09-05 21:00;-0.001889318;1.915347826;-3.709491981
2019-09-05 22:00;0.835817692;0.481783817;-3.28275973
2019-09-05 23:00;2.112788974;-1.344800267;-3.413126816
2019-09-06 00:00;-0.736722175;0.198853403;-2.987806411
2019-09-06 01:00;-0.264310605;-1.392239069;-2.750198206
2019-09-06 02:00;0.586912388;-3.76836397;-2.157387057
2019-09-06 03:00;-1.218974847;-2.458391877;-0.175462022
2019-09-06 04:00;-2.489139077;1.0748466;0.987799794
2019-09-06 05:00;0.079518797;0.259983821;0.8600798
2019-09-06 06:00;0.551415896;0.285837837;-0.616414919
2019-09-06 07:00;-1.215186566;-0.635089664;0.118992011
2019-09-06 08:00;-1.57506272;-1.896196821;0.565493773
2019-09-06 09:00;-3.233335035;-1.373922612;1.769843076
2019-09-06 10:00;-3.438409131;-0.492838662;1.46463348
2019-09-06 11:00;-3.221830762;-0.051328106;0.072162493
2019-09-06 12:00;-3.69930148;-0.438338501;0.062133761
2019-09-06 13:00;-1.393403084;0.666838654;0.211667843
2019-09-06 14:00;-2.659982237;-0.362894378;-1.238110695
2019-09-06 15:00;-2.315259068;-0.548915856;-0.684703675
2019-09-06 16:00;-2.174149474;-0.120836722;-0.828761933
2019-09-06 17:00;-1.155861718;-0.013081314;-0.369578231
2019-09-06 18:00;-2.329734916;-1.900067447;-0.376238607
2019-09-06 19:00;-2.99285895;-0.461914223;-0.938985447
2019-09-06 20:00;-2.472643054;-0.808195048;-1.015903691
2019-09-06 21:00;-0.443253547;-0.910461002;0.124740313
2019-09-06 22:00;-0.849205185;-1.208171882;-0.227682466
2019-09-06 23:00;-0.545906282;-1.116514984;0.2838192
2019-09-07 00:00;-0.74038119;-2.753666441;0.865462736
2019-09-07 01:00;-1.221027425;-2.082131293;0.326447033
2019-09-07 02:00;-2.82670984;-1.414961947;-0.514516736
2019-09-07 03:00;-4.038774967;-1.322130271;0.139158389
2019-09-07 04:00;-1.878356212;-2.259151999;1.047500717
2019-09-07 05:00;-2.694783905;-1.369740287;0.613003568
2019-09-07 06:00;-2.413638141;-0.971094732;-0.157135762
2019-09-07 07:00;-2.969261841;0.737228145;-1.352904793
2019-09-07 08:00;-2.097783191;0.624313786;-0.803946678
2019-09-07 09:00;-0.604142922;-1.082788486;1.777535108
2019-09-07 10:00;-0.710452831;-1.938282053;0.877082758
2019-09-07 11:00;-3.837905279;-0.457125805;0.082644184
2019-09-07 12:00;-3.16787265;-0.023742769;0.547924597
2019-09-07 13:00;-1.886540911;-0.529699864;0.332331329
2019-09-07 14:00;-2.636666674;-0.243239627;0.650450054
2019-09-07 15:00;-0.212693824;-0.134185568;0.267840607
2019-09-07 16:00;-1.252960676;0.253392268;1.305323312
2019-09-07 17:00;0.098842483;0.277753247;-0.756326345
2019-09-07 18:00;1.880263829;0.605315136;-0.694689396
2019-09-07 19:00;2.803881481;-1.036486777;0.539884534
2019-09-07 20:00;-1.322970507;-0.902895119;1.548480259
2019-09-07 21:00;-1.55072554;-1.056121785;1.348741374
2019-09-07 22:00;-0.564311566;-0.284150179;1.706772815
2019-09-07 23:00;-0.422089957;-0.453926742;2.292405011
2019-09-08 00:00;-1.198366882;0.150655667;2.078855353
2019-09-08 01:00;-1.212473351;0.087386177;1.01808302
2019-09-08 02:00;0.349052458;-0.985370124;1.643493807
2019-09-08 03:00;-2.341733347;0.210911938;1.72159007
2019-09-08 04:00;-1.40005593;1.985942562;1.514532287
2019-09-08 05:00;1.140802471;2.85385108;-0.026710201
2019-09-08 06:00;3.369196065;3.127377005;0.656492608
2019-09-08 07:00;3.371719464;2.938148518;-0.650656152
2019-09-08 08:00;3.606342857;1.929155785;1.934762657
2019-09-08 09:00;2.139497801;1.291505715;1.888705633
2019-09-08 10:00;1.226183;2.571839517;1.354853846
2019-09-08 11:00;2.146872135;1.279157984;0.919496373
2019-09-08 12:00;2.013258841;1.29938366;1.508725077
2019-09-08 13:00;1.743729034;0.283242493;1.236775336
2019-09-08 14:00;0.237298096;0.373795627;2.870358356
2019-09-08 15:00;0.178539868;2.032670557;2.951288385
2019-09-08 16:00;2.323081229;3.958143734;2.322462118
2019-09-08 17:00;3.204584186;3.803267818;-0.088781798
2019-09-08 18:00;5.08208593;1.759737896;-0.717159924
2019-09-08 19:00;1.835833964;0.142782459;-0.403618938
2019-09-08 20:00;0.677145698;0.640737843;-0.161283905
2019-09-08 21:00;0.496966697;0.833605077;0.711510898
2019-09-08 22:00;2.532708793;0.682520828;0.873354886
2019-09-08 23:00;1.84018798;0.561618304;2.687071795
2019-09-09 00:00;1.370276739;1.521524788;1.845307575
2019-09-09 01:00;2.099888219;1.245399941;2.150277187
2019-09-09 02:00;2.236146878;-0.238319911;2.88168048
2019-09-09 03:00;0.453130957;0.938413811;3.761818688
2019-09-09 04:00;1.044510588;1.194829206;4.754810108
2019-09-09 05:00;0.090370267;1.037491934;4.066688777
2019-09-09 06:00;-0.074017892;1.220696209;3.176557505
2019-09-09 07:00;-1.133140924;1.643812109;1.869690357
2019-09-09 08:00;-0.476231292;1.419633214;1.56898631
2019-09-09 09:00;-0.155672129;1.434428057;2.361885826
2019-09-09 10:00;0.860662674;1.062565039;1.453188228
2019-09-09 11:00;2.166109337;-0.518618136;3.161897485
2019-09-09 12:00;1.767778457;0.436851263;3.084379477
2019-09-09 13:00;2.45345039;0.318700806;1.895007575
2019-09-09 14:00;2.335515516;2.610073944;1.738670635
2019-09-09 15:00;3.343690081;0.195974246;1.329969382
2019-09-09 16:00;1.337249297;1.118158685;1.295388761
2019-09-09 17:00;0.454688846;1.969639377;1.245377033
2019-09-09 18:00;1.889128957;1.852818093;-0.141975972
2019-09-09 19:00;3.622379993;0.266179967;-0.859386368
2019-09-09 20:00;1.664933788;-0.891812739;1.227499871
2019-09-09 21:00;0.253227036;-0.591061669;1.97595214
2019-09-09 22:00;-0.756159906;0.773637653;1.79793287
2019-09-09 23:00;0.634275607;0.309202602;1.943414239
2019-09-10 00:00;0.855922257;-0.634977987;0.810029567
2019-09-10 01:00;-1.802192301;-0.957719611;2.314829204
2019-09-10 02:00;-0.507649885;-3.151580878;3.16538694
2019-09-10 03:00;-2.90505874;-1.510206495;3.437634858
2019-09-10 04:00;-1.156213388;-0.971202347;3.423831138
2019-09-10 05:00;-3.616966335;-0.292550356;3.127483196
2019-09-10 06:00;-2.421791242;0.552218662;3.80448552
2019-09-10 07:00;-1.462657923;0.111443013;2.583152313
2019-09-10 08:00;-1.410546619;0.886864965;2.085185338
2019-09-10 09:00;-0.882537061;2.048153606;-0.370790526
2019-09-10 10:00;1.882558118;-1.598530205;1.257463232
2019-09-10 11:00;0.512009825;-1.467618243;1.936937244
2019-09-10 12:00;-2.608574258;0.953950164;0.32073618
2019-09-10 13:00;-2.25865159;1.995353849;0.534976955
2019-09-10 14:00;-0.223393635;0.85401076;1.223772968
2019-09-10 15:00;1.241395495;0.762908964;1.326583065
2019-09-10 16:00;1.078087132;1.129366963;1.668969591
2019-09-10 17:00;0.117012196;1.689713155;3.251909556
2019-09-10 18:00;1.374291511;1.811228222;2.30650359
2019-09-10 19:00;2.600202573;1.328573713;2.531959662
2019-09-10 20:00;-1.221170513;2.024567917;1.691286735
2019-09-10 21:00;0.898649613;-0.502797194;0.953239753
2019-09-10 22:00;1.051899883;0.075423413;0.819733109
2019-09-10 23:00;-0.086647502;0.046612834;-0.267175626
2019-09-11 00:00;-1.090404026;-3.054691062;-1.023961899
2019-09-11 01:00;-1.719164116;-1.991024821;-0.485194743
2019-09-11 02:00;-3.27688044;-1.413405967;-1.066446197
2019-09-11 03:00;-3.707741859;0.797003008;0.005397952
2019-09-11 04:00;-1.090054004;-0.575497334;-0.694180809
2019-09-11 05:00;0.870067826;0.086713345;0.41735851
2019-09-11 06:00;-0.34771282;-0.683512065;1.742330275
2019-09-11 07:00;-1.56839509;-0.954249315;0.801828224
2019-09-11 08:00;-3.36260732;-0.831863931;0.687541721
2019-09-11 09:00;-4.01667515;-1.215965322;0.729023767
2019-09-11 10:00;-2.220442782;-0.251571865;-0.575455426
2019-09-11 11:00;-1.678067107;-1.965612692;0.192908131
2019-09-11 12:00;-0.979918788;-0.127338182;1.454760965
2019-09-11 13:00;-0.308844135;-0.609486753;0.949337975
2019-09-11 14:00;-0.391063108;0.375901538;0.521325564
2019-09-11 15:00;-0.3865013;1.357822849;0.735631959
2019-09-11 16:00;0.194323779;1.354249828;-0.553535643
2019-09-11 17:00;2.932495432;1.902825613;-0.264073137
2019-09-11 18:00;2.689771507;2.860318527;0.117971427
2019-09-11 19:00;2.856615268;3.854192611;1.467704145
2019-09-11 20:00;2.817166029;2.653328884;-0.47305416
2019-09-11 21:00;3.20212798;2.608472447;-1.007226516
2019-09-11 22:00;3.111042724;1.53508688;-1.707461312
2019-09-11 23:00;4.670678039;0.941142523;-2.749808424
2019-09-12 00:00;3.076731471;-0.144639023;-3.264088548
2019-09-12 01:00;3.030235929;-1.623532938;-2.868470197
2019-09-12 02:00;1.407619066;-2.553142525;-0.618956922
2019-09-12 03:00;-1.565172604;-1.365404232;-0.116909143
2019-09-12 04:00;0.0712188;-0.818669924;-0.375725906
2019-09-12 05:00;-2.871276951;0.665470135;-1.011041924
2019-09-12 06:00;-0.796541453;2.078387956;-3.229501358
2019-09-12 07:00;1.738537292;2.585104996;-4.022645818
2019-09-12 08:00;1.952256251;2.676626016;-3.075805711
2019-09-12 09:00;2.481442801;1.679399263;-2.910197409
2019-09-12 10:00;2.286316336;2.033740771;-2.617632332
2019-09-12 11:00;3.138340294;1.503450199;-2.727468857
2019-09-12 12:00;2.414323005;3.179514633;-0.322150568
2019-09-12 13:00;3.962634669;2.412718878;0.077422843
2019-09-12 14:00;3.41391581;1.540447276;-0.591261375
2019-09-12 15:00;3.42812259;0.941034743;0.731607958
2019-09-12 16:00;3.87740012;1.288783505;0.410989263
2019-09-12 17:00;2.186560187;1.72434799;-0.555904752
2019-09-12 18:00;2.080791616;2.14071452;-1.539143999
2019-09-12 19:00;2.198920167;1.52897367;-1.02206515
2019-09-12 20:00;2.296552292;-0.760235525;-3.739306241
2019-09-12 21:00;1.199192695;-3.120207853;-2.083081863
2019-09-12 22:00;-0.380726644;-0.886122455;-0.026179032
2019-09-12 23:00;-0.67913456;-0.90585858;0.805187925
2019-09-13 00:00;1.28129695;-2.641828936;1.806653947
2019-09-13 01:00;1.146024369;-1.957555748;1.733249037
2019-09-13 02:00;-1.627699756;-0.792000689;1.793141331
2019-09-13 03:00;-0.508209852;-2.185306548;-0.255756679
2019-09-13 04:00;-3.280179795;0.090358255;-2.707889298
2019-09-13 05:00;-0.410777897;-0.788352146;-0.647875081
2019-09-13 06:00;0.049455767;-0.440209644;0.638318393
2019-09-13 07:00;-0.591680521;1.714579384;-0.221827714
2019-09-13 08:00;0.30115065;2.21245394;-1.834765879
2019-09-13 09:00;1.762778137;1.861120029;-1.718043353
2019-09-13 10:00;2.613917969;2.431745959;-1.977502983
2019-09-13 11:00;2.195193934;2.175307355;0.621683782
2019-09-13 12:00;1.384252239;1.840839612;0.876297005
2019-09-13 13:00;1.847679298;1.526386664;-0.758442175
2019-09-13 14:00;1.001546909;0.536945048;-0.767629401
2019-09-13 15:00;-0.461478913;0.762497273;0.514381481
2019-09-13 16:00;0.064458026;-0.774967593;-0.336736572
2019-09-13 17:00;-1.35097539;-0.857985938;-1.681504712
2019-09-13 18:00;-0.319953422;-0.050047123;-1.229419186
2019-09-13 19:00;-0.439506394;0.766504855;0.624539999
2019-09-13 20:00;1.095017509;0.60076268;-1.126859487
2019-09-13 21:00;0.822338983;-0.293681723;-0.76881069
2019-09-13 22:00;-0.374850267;-1.262570764;-0.515755108
2019-09-13 23:00;-2.185093133;-1.065013316;-0.789522718
2019-09-14 00:00;-2.761456575;-0.132945608;-1.191816079
2019-09-14 01:00;-1.039461071;0.782802205;-1.402347327
2019-09-14 02:00;-0.660239694;-1.913777082;-1.589626697
2019-09-14 03:00;-0.355374905;-1.822826801;0.043676187
2019-09-14 04:00;-1.900588422;-0.87227228;0.056607352
2019-09-14 05:00;-0.577125135;-1.075572264;-0.097339861
2019-09-14 06:00;-0.881036051;-2.042469382;-0.520512112
2019-09-14 07:00;-1.804627282;-0.279945258;-0.642968725
2019-09-14 08:00;0.839194913;-0.195701325;0.127859632
2019-09-14 09:00;2.849336177;-1.183955933;-1.893824348
2019-09-14 10:00;-0.611210285;-0.854648878;-1.155585265
2019-09-14 11:00;0.354585886;-0.786251263;-0.828799479
2019-09-14 12:00;-0.300206506;-1.837705636;-1.207981986
2019-09-14 13:00;-1.318444832;-1.906164511;0.125042852
2019-09-14 14:00;-0.329245767;-2.266305132;-0.832896716
2019-09-14 15:00;-0.956239005;-2.31068509;-1.089370888
2019-09-14 16:00;-1.606653725;-1.163013984;-2.163320059
2019-09-14 17:00;-0.850730062;-0.67590861;-1.832936169
2019-09-14 18:00;-0.888774856;-2.107294861;-2.647753819
2019-09-14 19:00;-1.639417161;-1.812116657;-1.449636751
2019-09-14 20:00;-2.916079427;-2.354274927;-0.768169632
2019-09-14 21:00;-3.390452255;-2.006258433;0.180661163
2019-09-14 22:00;-0.166823342;-0.883121082;-0.008832818
2019-09-14 23:00;0.030349056;-0.626752209;0.842490541
2019-09-15 00:00;-0.653377097;-0.376154068;0.878479334
2019-09-15 01:00;-1.244216021;0.992907322;1.275453796
2019-09-15 02:00;-1.212219147;2.111431343;1.58385961
2019-09-15 03:00;1.369174721;1.741065886;0.235440287
2019-09-15 04:00;1.798112523;1.642369538;-0.3533939
2019-09-15 05:00;2.691305245;2.730077778;0.065408781
2019-09-15 06:00;2.727816315;1.36334326;0.480127922
2019-09-15 07:00;-0.677724379;0.613431379;-0.340092579
2019-09-15 08:00;1.792782862;0.35031555;0.231333294
2019-09-15 09:00;1.722354608;-0.443941816;0.949243458
2019-09-15 10:00;-0.241299494;-1.830281276;1.413328057
2019-09-15 11:00;-2.207384557;-1.503661258;0.141268146
2019-09-15 12:00;-4.568423019;0.167696337;0.834369388
2019-09-15 13:00;-2.121858794;-0.274302095;-0.084142043
2019-09-15 14:00;-2.003689088;-0.350726093;-0.324919173
2019-09-15 15:00;0.116472233;0.9779767;-1.568748536
2019-09-15 16:00;-0.560743259;0.330174524;-1.636800923
2019-09-15 17:00;1.643198861;1.844037127;-1.420829457
2019-09-15 18:00;1.300256688;1.554551762;-1.161848177
2019-09-15 19:00;1.160796579;1.436580389;-0.192596313
2019-09-15 20:00;1.515289062;1.502698616;-0.799406109
2019-09-15 21:00;0.290792926;0.737793027;-1.64945026
2019-09-15 22:00;0.308555407;0.408426941;-2.806809122
2019-09-15 23:00;1.248959518;-0.379428051;-2.90603404
2019-09-16 00:00;1.044048551;-1.376738092;-0.508584275
2019-09-16 01:00;0.891377114;0.412818419;0.583813429
2019-09-16 02:00;-0.011258803;-1.506388885;1.014038618
2019-09-16 03:00;-1.237404969;-2.335568546;1.187477928
2019-09-16 04:00;-3.53144213;-1.23717374;1.729257612
2019-09-16 05:00;-2.57564221;-1.359666323;1.371056267
2019-09-16 06:00;-2.157363444;-0.238316388;2.055870448
2019-09-16 07:00;-0.709411658;-1.265487514;0.989918266
2019-09-16 08:00;-2.421268109;-0.461976879;2.725106163
2019-09-16 09:00;-2.915101133;0.666634345;1.113591591
2019-09-16 10:00;-0.096930383;1.198041275;2.009696327
2019-09-16 11:00;-0.505054323;-0.196839741;3.205937825
2019-09-16 12:00;-0.347363946;-0.420821943;2.198379944
2019-09-16 13:00;-1.533574196;-0.54738714;1.774437354
2019-09-16 14:00;-0.095179139;-0.220535582;-0.256443002
2019-09-16 15:00;1.413731197;0.525962643;-1.84956183
2019-09-16 16:00;2.460313062;1.73063386;-1.660992948
2019-09-16 17:00;2.241844574;1.700166534;0.260657537
2019-09-16 18:00;1.754832902;1.421552054;2.675370913
2019-09-16 19:00;2.015651274;1.51891366;1.785141382
2019-09-16 20:00;2.759729702;3.563204891;2.24736953
2019-09-16 21:00;5.531799364;1.695761639;2.00654614
2019-09-16 22:00;3.735799646;2.967018379;2.578706342
2019-09-16 23:00;4.422709995;1.995567398;2.790102597
2019-09-17 00:00;3.919112225;2.351935587;3.183869721
2019-09-17 01:00;3.629646472;1.765909682;2.670471233
2019-09-17 02:00;2.859716215;0.794493585;1.004467865
2019-09-17 03:00;0.715725461;2.358458573;2.96604743
2019-09-17 04:00;1.209538521;2.970071725;2.094227276
2019-09-17 05:00;1.244160151;2.180569188;2.173758199
2019-09-17 06:00;-0.431934027;0.213485669;1.631314143
2019-09-17 07:00;-0.740157084;1.417246431;1.846806938
2019-09-17 08:00;0.711915221;1.347079504;1.130619763
2019-09-17 09:00;0.988388214;-0.243418414;2.126570875
2019-09-17 10:00;-0.88687551;-0.651756205;0.789367788
2019-09-17 11:00;-1.671361293;-1.544260009;0.679891427
2019-09-17 12:00;-3.587291499;-0.763389216;0.504101777
2019-09-17 13:00;-2.133339973;-2.146243152;0.000766625
2019-09-17 14:00;-3.031922131;-1.255347596;-0.430899578
2019-09-17 15:00;-2.675043586;0.015972148;-0.141965502
2019-09-17 16:00;-0.329879476;-1.781730451;1.041463994
2019-09-17 17:00;-0.7056716;-0.902535368;0.452439363
2019-09-17 18:00;-2.033565793;-1.825120067;0.651071573
2019-09-17 19:00;-3.534864958;-1.309658953;-1.05638822
2019-09-17 20:00;-1.77398988;-0.660850331;-1.399063557
2019-09-17 21:00;-0.564295948;-0.01272717;-0.020476228
2019-09-17 22:00;-0.150401603;1.619179732;1.415126862
2019-09-17 23:00;1.139449298;2.211426115;0.977193854
2019-09-18 00:00;1.344719344;2.963296647;2.02572712
2019-09-18 01:00;2.634284857;1.414285438;0.151552862
2019-09-18 02:00;3.707400805;1.335897697;-0.431210575
2019-09-18 03:00;2.970206204;1.004890935;0.692233267
2019-09-18 04:00;1.091424004;1.225611194;0.966865793
2019-09-18 05:00;-1.021359186;0.765157609;0.816618297
2019-09-18 06:00;0.412371034;-0.499993864;0.704425695
2019-09-18 07:00;0.270436091;-0.886672964;1.196717176
2019-09-18 08:00;-2.74196627;-1.954438569;-0.490054435
2019-09-18 09:00;-1.438297655;-0.766362865;0.649280667
2019-09-18 10:00;-0.245767859;-2.475446739;0.821798606
2019-09-18 11:00;-1.602138483;-1.905161145;-0.239562172
2019-09-18 12:00;-1.876794753;-2.729739735;1.065543931
2019-09-18 13:00;-2.694301845;-1.879801137;0.374310467
2019-09-18 14:00;-4.873700204;-1.767511203;-0.058689432
2019-09-18 15:00;-4.497837115;-1.464053618;-1.738827596
2019-09-18 16:00;-3.494397056;-1.572789134;-2.36391485
2019-09-18 17:00;-3.743786375;-1.902207008;-2.886202059
2019-09-18 18:00;-3.533497277;-0.056669436;-3.866615534
2019-09-18 19:00;-1.490011105;0.937541685;-3.091989806
2019-09-18 20:00;-0.980222336;-1.200230528;-3.465810823
2019-09-18 21:00;-0.946181876;-0.436885257;-5.003530844
2019-09-18 22:00;-2.641494191;-1.371279275;-3.559878612
2019-09-18 23:00;-3.326712498;-2.328175414;-2.884531139
2019-09-19 00:00;-4.08161367;-1.763788847;-2.271986844
2019-09-19 01:00;-3.544126625;-0.734860492;-2.63936405
2019-09-19 02:00;-1.745019272;-1.117095689;-2.037760045
2019-09-19 03:00;-2.970238633;-0.844739158;-1.929274118
2019-09-19 04:00;-0.567784299;0.067166647;-2.792215116
2019-09-19 05:00;0.825873374;0.654859142;-1.45420834
2019-09-19 06:00;-0.055206378;-0.252766955;-1.216886263
2019-09-19 07:00;0.502491796;-0.102898136;-1.815215815
2019-09-19 08:00;0.053820197;-1.072410218;-2.323936917
2019-09-19 09:00;-0.204917788;-2.04388829;-1.039599626
2019-09-19 10:00;-3.760116276;-2.566148644;0.733310304
2019-09-19 11:00;-2.485618387;-0.602010871;-1.183028281
2019-09-19 12:00;-0.290128524;1.379150595;-1.139050967
2019-09-19 13:00;1.971130941;0.760110101;-0.057405493
2019-09-19 14:00;2.689675004;-0.694527549;0.072657265
2019-09-19 15:00;2.254507108;0.073795565;-0.606924825
2019-09-19 16:00;2.107872325;-0.433882585;-1.331439804
2019-09-19 17:00;0.3542716;-0.767375417;-0.539893323
2019-09-19 18:00;0.393372598;-1.501438014;-1.032595661
2019-09-19 19:00;0.349023128;-0.566406578;0.264532087
2019-09-19 20:00;-0.09573011;-1.7914337;1.219510947
2019-09-19 21:00;-1.666990278;-0.249194832;1.652029371
2019-09-19 22:00;-0.978454466;0.052085922;1.734375218
2019-09-19 23:00;0.866962644;0.082433631;1.19394235
2019-09-20 00:00;-0.248197377;-1.685856004;1.769670205
2019-09-20 01:00;-1.015005089;-0.026395944;0.750774696
2019-09-20 02:00;-0.893637885;-0.273449903;-0.214185282
2019-09-20 03:00;-0.864239815;-0.944353674;-1.542386475
2019-09-20 04:00;-0.366105505;0.217277922;-0.04096935
2019-09-20 05:00;-2.175631898;1.752344842;-0.019698627
2019-09-20 06:00;2.240286093;1.469040052;1.115733338
2019-09-20 07:00;1.945455082;1.853801474;1.534475005
2019-09-20 08:00;1.764370279;-0.728894341;-0.65208687
2019-09-20 09:00;0.262136674;-1.057726878;1.190759868
2019-09-20 10:00;0.077689697;-1.66943636;0.276936612
2019-09-20 11:00;-2.414912545;-1.366825123;-1.647881658
2019-09-20 12:00;-1.766019002;-1.44257429;-1.902448055
2019-09-20 13:00;-1.180633708;-2.063120611;-1.407889252
2019-09-20 14:00;-0.930905823;-1.543753585;-1.438294638
2019-09-20 15:00;-2.072662148;-0.287572835;-2.102317237
2019-09-20 16:00;-1.15860542;2.640933486;-0.875348929
2019-09-20 17:00;1.207502183;2.741379124;-0.416021113
2019-09-20 18:00;3.190974441;1.847276697;0.123384145
2019-09-20 19:00;4.48978753;0.664548688;-1.201788594
2019-09-20 20:00;1.997797605;-1.020899685;-0.754705935
2019-09-20 21:00;1.558454233;-0.782232257;-0.399433869
2019-09-20 22:00;-1.266274934;-0.96135913;2.356058176
2019-09-20 23:00;-1.720450824;-1.235765617;2.754173574
2019-09-21 00:00;-3.59605726;-1.233137139;2.995493024
2019-09-21 01:00;-2.840129312;1.274615457;2.7815527
2019-09-21 02:00;-1.44032547;1.630309513;3.303934583
2019-09-21 03:00;-0.914166113;3.869991503;2.899542303
2019-09-21 04:00;1.590953081;3.525219174;0.273769159
2019-09-21 05:00;2.071514102;1.73247166;1.529323121
2019-09-21 06:00;2.067849334;0.613505744;2.018774278
2019-09-21 07:00;2.402080747;2.480864456;1.335537263
2019-09-21 08:00;0.79530092;0.804534417;0.052855146
2019-09-21 09:00;0.987268912;-0.073111345;-0.465737748
2019-09-21 10:00;2.626841564;-0.787959288;-1.442122439
2019-09-21 11:00;0.309366904;0.832725634;-1.548627867
2019-09-21 12:00;0.842663259;0.291123451;-2.007137311
2019-09-21 13:00;1.127798507;-1.290655963;-3.038741927
2019-09-21 14:00;1.723394661;-2.464669029;-3.661039003
2019-09-21 15:00;-1.58383837;-1.501331084;-1.397424633
2019-09-21 16:00;-1.166825668;-1.653489415;-0.650224589
2019-09-21 17:00;-1.145108447;-1.631399628;-1.821089719
2019-09-21 18:00;-0.060817164;-0.601687117;-0.818787673
2019-09-21 19:00;-1.067887615;-1.680954258;-0.935979157
2019-09-21 20:00;0.44454802;-2.732542283;-0.409691961
2019-09-21 21:00;-1.747551439;-2.507568006;-0.386341971
2019-09-21 22:00;-1.856063881;-0.363097224;0.289517037
2019-09-21 23:00;-1.496179457;1.646045682;-0.246745473
2019-09-22 00:00;0.197576422;0.532722859;0.44201493
2019-09-22 01:00;0.41364107;0.625388912;0.03263371
2019-09-22 02:00;0.308781518;-2.340373087;0.998211974
2019-09-22 03:00;-2.024071339;0.591174639;2.597240558
2019-09-22 04:00;-0.349112668;1.077361219;1.835199376
2019-09-22 05:00;-0.867509335;1.811520817;2.503771351
2019-09-22 06:00;0.649926239;1.088943792;1.8875405
2019-09-22 07:00;1.948728155;3.249441327;0.706069111
2019-09-22 08:00;2.119232906;1.273744494;1.227059822
2019-09-22 09:00;1.690567031;0.643502122;0.565848075
2019-09-22 10:00;-1.08616499;0.739072987;1.878553621
2019-09-22 11:00;-1.060090922;0.648647594;1.872514211
2019-09-22 12:00;0.9710508;3.117164182;2.816754792
2019-09-22 13:00;1.426263386;2.621116744;2.318469712
2019-09-22 14:00;3.083167898;2.80994914;0.98177695
2019-09-22 15:00;3.440184097;0.079454934;1.021856503
2019-09-22 16:00;3.061704898;0.366592765;1.069020977
2019-09-22 17:00;2.200595229;-0.095576114;2.947840863
2019-09-22 18:00;0.211151982;1.88954796;1.169270684
2019-09-22 19:00;-0.497848186;2.030378091;0.048458787
2019-09-22 20:00;1.273388178;0.52794496;0.42345697
2019-09-22 21:00;0.213394689;0.294906806;0.776813031
2019-09-22 22:00;-0.063147567;-0.387190126;0.952480762
2019-09-22 23:00;0.930847055;-0.011409394;0.014961752
2019-09-23 00:00;0.823426447;0.892507525;-0.596474305
2019-09-23 01:00;-0.115310761;0.473460952;-0.445167981
2019-09-23 02:00;-2.18898872;0.062564836;-2.432382059
2019-09-23 03:00;-2.355719219;-2.281389034;-2.966992701
2019-09-23 04:00;-1.466010817;-1.644262314;-1.761844333
2019-09-23 05:00;0.457651001;-0.767685312;-0.492961128
2019-09-23 06:00;-0.827034701;-1.816122327;0.38940494
2019-09-23 07:00;-3.474887188;-2.499891551;1.598367486
2019-09-23 08:00;-5.81740693;-1.321019169;1.024868149
2019-09-23 09:00;-3.164058179;-0.720646103;1.004633446
2019-09-23 10:00;-1.135746419;-1.483616498;-0.282194349
2019-09-23 11:00;-0.607007253;-2.058039733;0.36848906
2019-09-23 12:00;-1.807249348;-0.94533259;-0.354678516
2019-09-23 13:00;-0.476271543;-1.390266779;2.212076477
2019-09-23 14:00;-1.422334389;-2.2023789;3.644158759
2019-09-23 15:00;-3.258869307;-2.060525276;3.900011165
2019-09-23 16:00;-2.299108536;-1.28053207;3.21618786
2019-09-23 17:00;-3.499895745;-0.431027485;2.160624842
2019-09-23 18:00;0.542124069;0.699616976;2.271817711
2019-09-23 19:00;-1.117735072;0.994346162;2.33658646
2019-09-23 20:00;-0.236944453;0.58725442;1.14962642
2019-09-23 21:00;-0.200518291;0.357129393;-0.344195325
2019-09-23 22:00;0.180828302;0.046819225;1.809369102
2019-09-23 23:00;0.531000258;0.640812614;1.646128937
2019-09-24 00:00;2.730987925;1.124213522;1.373567698
2019-09-24 01:00;2.786490351;-0.436955905;0.598386989
2019-09-24 02:00;0.953822311;1.321598278;0.086963518
2019-09-24 03:00;1.887310652;1.088241646;1.961073007
2019-09-24 04:00;1.005413634;1.818861666;2.138701311
2019-09-24 05:00;1.280792932;1.765371145;1.27757405
2019-09-24 06:00;0.190722032;0.492046009;1.517602993
2019-09-24 07:00;0.128167373;1.405092699;1.880703775
2019-09-24 08:00;0.917355302;0.290843685;-0.786461465
2019-09-24 09:00;0.23085943;0.238099121;-1.336566849
2019-09-24 10:00;1.227442589;-1.156547982;1.238233142
2019-09-24 11:00;-1.58288214;-1.829789682;0.339369981
2019-09-24 12:00;-1.354522573;-0.831423069;0.420730867
2019-09-24 13:00;-1.220646903;-1.716785239;-0.578124341
2019-09-24 14:00;-1.141778173;-1.911796767;0.328183921
2019-09-24 15:00;-2.023932101;-0.492270786;0.270038526
2019-09-24 16:00;-1.139454885;-0.324648584;-1.118894675
2019-09-24 17:00;2.06213161;-0.436863395;-0.39780615
2019-09-24 18:00;2.061190311;-0.232377849;-1.129354193
2019-09-24 19:00;1.755827824;1.262626263;-1.572827816
2019-09-24 20:00;1.584987099;1.235279719;-1.063387467
2019-09-24 21:00;-0.115368283;0.499349266;0.130905496
2019-09-24 22:00;1.342454496;-1.338500651;0.154211657
2019-09-24 23:00;0.632471899;-0.528421232;-0.208954968
2019-09-25 00:00;-0.472469314;0.847184295;-1.47562671
2019-09-25 01:00;1.555000804;0.1617126;-1.73992216
2019-09-25 02:00;0.220096008;-0.739246458;-0.874262281
2019-09-25 03:00;0.576152886;-0.759517008;-1.169221531
2019-09-25 04:00;0.885066452;-0.579514522;-1.646518133
2019-09-25 05:00;-0.705079709;-1.958764963;-1.259475958
2019-09-25 06:00;-1.402684804;-1.737569507;-2.188431125
2019-09-25 07:00;-0.369435156;-0.342943729;-1.851544566
2019-09-25 08:00;-1.621122955;-0.527836735;-1.659192758
2019-09-25 09:00;-0.283984853;0.693115694;-1.21805445
2019-09-25 10:00;0.708955329;1.269498767;0.175056533
2019-09-25 11:00;1.467461859;1.11918721;2.255510591
2019-09-25 12:00;1.624714157;2.676639141;1.474069664
2019-09-25 13:00;2.740141898;2.213130319;2.846344301
2019-09-25 14:00;2.211609863;3.503770645;2.59951673
2019-09-25 15:00;3.30967598;3.755143873;3.328953986
2019-09-25 16:00;4.47928245;3.336864478;2.08170957
2019-09-25 17:00;4.722034605;1.965617267;1.881494023
2019-09-25 18:00;4.816594397;1.017884342;0.955894422
2019-09-25 19:00;3.803902203;1.73547407;1.927429418
2019-09-25 20:00;4.491876755;0.754691805;2.86442724
2019-09-25 21:00;2.542067653;0.204555222;1.731696541
2019-09-25 22:00;1.88052249;0.243783085;1.116516048
2019-09-25 23:00;1.681083385;-0.810763463;-0.647317572
2019-09-26 00:00;-0.525579539;-2.169731451;0.489994422
2019-09-26 01:00;0.423751313;-2.91908773;-0.50263944
2019-09-26 02:00;-1.250649125;-1.138591616;-1.252331929
2019-09-26 03:00;-2.302612659;-1.433749768;-1.171010653
2019-09-26 04:00;-2.759415437;-0.466818622;-1.383485137
2019-09-26 05:00;-0.854651524;-0.50084087;-0.250589966
2019-09-26 06:00;-0.989796569;2.295755603;0.920196018
2019-09-26 07:00;1.624923785;2.743097907;1.185546129
2019-09-26 08:00;2.013463067;3.951754702;-0.264372489
2019-09-26 09:00;3.729371683;3.308810528;-1.610247171
2019-09-26 10:00;5.717576194;2.319661853;-1.224472397
2019-09-26 11:00;5.543568728;0.630607622;-1.756785763
2019-09-26 12:00;4.30572078;-0.659816951;-0.344267662
2019-09-26 13:00;1.000047166;0.705655898;-0.741904524
2019-09-26 14:00;0.996359856;0.395660022;-1.01364199
2019-09-26 15:00;-1.380437947;0.088591536;-0.987690443
2019-09-26 16:00;-1.15146379;0.882727569;-1.130950236
2019-09-26 17:00;-0.403656982;0.913759741;-0.722972212
2019-09-26 18:00;0.730686638;2.118136787;-0.640425428
2019-09-26 19:00;2.01355651;2.852271306;-3.674579145
2019-09-26 20:00;2.621655032;0.32242342;-4.310439173
2019-09-26 21:00;0.759648895;-1.510315214;-2.087163109
2019-09-26 22:00;0.204100741;-0.564987218;-3.020160993
2019-09-26 23:00;-1.101960057;-1.035931536;-2.542944217
2019-09-27 00:00;-2.878916623;-1.403642973;-3.440886595
2019-09-27 01:00;-2.067231621;-0.300108266;-3.085441274
2019-09-27 02:00;-0.901630971;-1.342710745;-2.554333959
2019-09-27 03:00;-0.563846515;0.734488066;-0.746521352
2019-09-27 04:00;-0.673478087;0.89416227;-2.545077374
2019-09-27 05:00;0.967141166;0.210327298;-2.301827072
2019-09-27 06:00;0.384753244;0.652938788;-1.711628926
2019-09-27 07:00;-0.879568287;2.231592411;-2.51093967
2019-09-27 08:00;1.362610803;2.240797611;-1.461541721
2019-09-27 09:00;3.562770394;0.018920564;-1.359964551
2019-09-27 10:00;0.896303098;0.630618855;-0.877670024
2019-09-27 11:00;3.017768118;0.227267341;-0.116141251
2019-09-27 12:00;2.300189694;1.260946017;1.00154257
2019-09-27 13:00;2.203165992;0.149286688;1.227976925
2019-09-27 14:00;0.023305317;0.526070177;1.27957459
2019-09-27 15:00;0.104661661;0.115289175;1.556165877
2019-09-27 16:00;-1.121493012;-0.521391382;-0.35258496
2019-09-27 17:00;-1.987527859;1.021672352;0.293056415
2019-09-27 18:00;-0.774891122;0.769460334;0.237459186
2019-09-27 19:00;-0.932047644;3.874535867;0.5112402
2019-09-27 20:00;1.131766471;3.061306715;0.329714086
2019-09-27 21:00;2.652226915;3.544008298;0.623287629
2019-09-27 22:00;4.332539896;3.214999805;1.248182147
2019-09-27 23:00;4.522180968;3.075738182;2.187987389
2019-09-28 00:00;4.497639961;3.428446524;3.312774998
2019-09-28 01:00;4.27212529;2.602990587;3.069196484
2019-09-28 02:00;2.193629878;2.833920235;2.020967212
2019-09-28 03:00;3.507227631;3.605308678;1.823151599
2019-09-28 04:00;5.483404837;4.808027409;0.077839181
2019-09-28 05:00;5.945612935;4.076220115;0.141387208
2019-09-28 06:00;6.510727967;3.912887653;-2.40198316
2019-09-28 07:00;6.399265426;2.164767941;-1.002478367
2019-09-28 08:00;4.900510503;1.915155143;-0.270653893
2019-09-28 09:00;4.947317374;3.1339697;-0.381395882
2019-09-28 10:00;4.242450135;3.605289863;0.059090303
2019-09-28 11:00;4.79048961;0.893608746;0.36460486
2019-09-28 12:00;2.301662328;-0.593674677;-0.157332558
2019-09-28 13:00;2.937301744;0.60168508;-1.208118157
2019-09-28 14:00;1.329801226;0.751168299;0.032648565
2019-09-28 15:00;-1.224739678;1.01235571;0.626455149
2019-09-28 16:00;-0.659498397;0.631518911;0.705131558
2019-09-28 17:00;-1.837588039;0.907313227;0.754801528
2019-09-28 18:00;-0.669231225;0.06394921;1.875634613
2019-09-28 19:00;0.643382499;-0.094426181;0.579637393
2019-09-28 20:00;1.325226874;0.672027189;0.749073732
2019-09-28 21:00;2.314233452;0.519426374;0.620742207
2019-09-28 22:00;3.203618655;0.624133376;-1.753432323
2019-09-28 23:00;0.452970417;1.86500456;-0.182283877
2019-09-29 00:00;1.462520779;1.867173106;0.544007139
2019-09-29 01:00;2.07478539;2.71462814;1.42552662
2019-09-29 02:00;2.956790019;1.742446932;2.111746689
2019-09-29 03:00;3.23631639;2.186865723;0.59658871
2019-09-29 04:00;3.658096472;3.375415602;1.407534488
2019-09-29 05:00;4.331999841;3.405792669;0.570496445
2019-09-29 06:00;5.190837555;1.649881013;-0.546841801
2019-09-29 07:00;3.818899555;1.110397518;-0.862841896
2019-09-29 08:00;3.387941438;1.894729653;-1.174003283
2019-09-29 09:00;2.350373184;2.692507706;-0.018380111
2019-09-29 10:00;2.571159125;3.367074098;0.949430316
2019-09-29 11:00;3.611090527;2.110036194;0.463686634
2019-09-29 12:00;3.689365124;1.320875028;2.538477689
2019-09-29 13:00;2.756771885;2.119147399;3.866376057
2019-09-29 14:00;2.804018466;1.085069459;4.073167748
2019-09-29 15:00;2.749905624;1.968872089;1.682528623
2019-09-29 16:00;2.775588462;0.755964591;1.378503592
2019-09-29 17:00;2.802257924;1.020365266;0.500320216
2019-09-29 18:00;1.301319714;1.413039074;1.786999034
2019-09-29 19:00;1.92550127;2.745091809;3.064647683
2019-09-29 20:00;3.521380948;1.996830296;1.6467588
2019-09-29 21:00;3.914567072;2.046824023;0.33135225
2019-09-29 22:00;3.116849422;0.866130803;1.08343755
2019-09-29 23:00;1.602637408;3.173715362;1.293933613
2019-09-30 00:00;1.209461429;2.579586385;-0.134863862
2019-09-30 01:00;2.653845443;2.515070952;0.351317502
2019-09-30 02:00;2.380390152;1.747294466;0.607630193
2019-09-30 03:00;1.930093436;1.098290181;1.975663451
2019-09-30 04:00;2.483770025;0.569930905;2.685648989
2019-09-30 05:00;1.669232933;-0.089053017;1.37165383
2019-09-30 06:00;0.711945538;1.299436275;0.923379866
2019-09-30 07:00;2.250480265;0.794306651;1.194718664
2019-09-30 08:00;1.436178979;0.526205977;-0.709424179
2019-09-30 09:00;0.223311868;-0.342138996;-0.835569995
2019-09-30 10:00;0.442437422;0.410431617;0.175435938
2019-09-30 11:00;1.408786008;-2.88163461;0.416211934
2019-09-30 12:00;-3.159580979;-2.069645327;-0.027535489
2019-09-30 13:00;-2.757278727;-2.215161385;1.868893552
2019-09-30 14:00;-3.062194579;-1.70350943;3.13099887
2019-09-30 15:00;-2.722811582;-0.931232834;2.634527166
2019-09-30 16:00;-1.507702135;0.602771329;1.823827047
2019-09-30 17:00;0.492027747;0.687974754;3.284184389
2019-09-30 18:00;-0.544025212;2.201733671;2.637421287
2019-09-30 19:00;2.077726485;2.15551297;2.581033101
2019-09-30 20:00;2.823275321;1.59022897;2.910616482
2019-09-30 21:00;1.800718796;2.12733474;2.189533514
2019-09-30 22:00;2.013256282;2.19426793;0.332012614
2019-09-30 23:00;1.576998141;0.948483771;0.030847262
2019-10-01 00:00;1.965593792;1.028296617;1.361117278
2019-10-01 01:00;1.550057187;-0.443467356;1.056151323
2019-10-01 02:00;1.480118149;0.361873261;-0.515121902
2019-10-01 03:00;0.454688835;-0.234125008;-0.193542316
2019-10-01 04:00;-1.3042965;-0.677809883;-0.359151635
2019-10-01 05:00;-2.062002178;0.062059008;-1.036652899
2019-10-01 06:00;-0.401967863;2.635280013;-0.345010502
2019-10-01 07:00;1.559011013;1.760934069;0.215533515
2019-10-01 08:00;1.22402502;2.208702408;-1.035434922
2019-10-01 09:00;3.412734336;0.419222406;-0.045175968
2019-10-01 10:00;2.608187781;0.363698771;-0.437047633
2019-10-01 11:00;0.653031214;0.625701165;0.855012074
2019-10-01 12:00;0.849661791;0.681115959;-0.112071963
2019-10-01 13:00;-0.307495188;-1.138315234;-0.656129319
2019-10-01 14:00;0.165127095;-1.646144377;-1.997047934
2019-10-01 15:00;-0.079957023;-1.668245188;-0.684961622
2019-10-01 16:00;-0.381029167;-0.871916604;0.007327438
2019-10-01 17:00;-1.218084013;-0.274357427;0.961293104
2019-10-01 18:00;0.028992115;0.676675712;-0.722123366
2019-10-01 19:00;1.291130519;-0.822963491;-0.667050469
2019-10-01 20:00;-0.850095331;-1.117044874;0.347648055
2019-10-01 21:00;0.197625011;-1.069538349;-0.003649434
2019-10-01 22:00;-0.524539241;-1.081397433;0.231194723
2019-10-01 23:00;-2.291804278;0.701014556;-1.650086796
2019-10-02 00:00;-0.028382939;0.530609032;-1.845776335
2019-10-02 01:00;-0.377153859;0.246532286;0.374567472
2019-10-02 02:00;-0.280122159;0.255945232;-0.980328481
2019-10-02 03:00;0.183924218;0.218851671;-0.319626079
2019-10-02 04:00;-0.210521924;0.774596886;-0.344486402
2019-10-02 05:00;-1.127624604;1.94395728;-1.272651619
2019-10-02 06:00;1.192923889;2.28665522;-0.645573378
2019-10-02 07:00;2.156601216;3.142371422;0.054614333
2019-10-02 08:00;2.06270638;2.91072206;0.664149191
2019-10-02 09:00;2.003730733;0.376450142;-0.290835302
2019-10-02 10:00;1.826665751;-0.303510063;-1.052049095
2019-10-02 11:00;-0.630529909;-0.827773293;-0.546384793
2019-10-02 12:00;-1.457838606;-1.004699956;-0.585170748
2019-10-02 13:00;-1.321297658;-1.686002991;0.892434606
2019-10-02 14:00;-1.966691319;-3.401312475;2.134086994
2019-10-02 15:00;-3.485853478;-2.052029134;0.914134773
2019-10-02 16:00;-2.546738531;-0.335180022;1.438026322
2019-10-02 17:00;-1.637555492;0.799141192;0.02401878
2019-10-02 18:00;-0.649840239;-0.663444346;1.281589554
2019-10-02 19:00;-1.276039503;0.627379546;0.688654316
2019-10-02 20:00;-0.295350574;0.09580301;0.447146717
2019-10-02 21:00;-1.36811925;-0.055059325;1.005912493
2019-10-02 22:00;-3.189998584;0.670948933;3.453671055
2019-10-02 23:00;-1.266236091;-0.914331871;2.03788024
2019-10-03 00:00;-0.942688328;-0.043538764;0.686395918
2019-10-03 01:00;-2.695032068;0.800619471;0.438527357
2019-10-03 02:00;-0.088970861;0.49020345;-0.329330211
2019-10-03 03:00;1.980963814;0.744087207;-1.155468838
2019-10-03 04:00;1.864003008;-0.394225185;0.987647714
2019-10-03 05:00;-0.002669274;0.298678241;0.450735331
2019-10-03 06:00;0.555250083;2.15973387;1.590459739
2019-10-03 07:00;2.34472324;1.380231709;1.19704929
2019-10-03 08:00;0.076093391;1.830733615;1.437712218
2019-10-03 09:00;1.468471088;1.679729413;2.682699468
2019-10-03 10:00;2.894678174;2.879327862;2.065884455
2019-10-03 11:00;4.623224062;2.593768468;1.911538337
2019-10-03 12:00;1.66504134;0.269234729;2.453657243
2019-10-03 13:00;-0.667634026;-1.530947195;2.772547794
2019-10-03 14:00;-0.246838944;0.241604635;2.479679801
2019-10-03 15:00;-1.661833884;0.033249362;2.64751598
2019-10-03 16:00;-0.190608518;0.557693672;2.581855439
2019-10-03 17:00;-0.044556806;2.607319799;0.157889923
2019-10-03 18:00;2.340219843;2.475253402;-0.187499026
2019-10-03 19:00;1.587931368;0.992202338;0.099956076
2019-10-03 20:00;1.50536255;-0.573486867;2.123846419
2019-10-03 21:00;1.202155601;-0.745660616;1.010176366
2019-10-03 22:00;1.815015103;-0.569539062;1.350855947
2019-10-03 23:00;2.023440597;1.126871441;0.298390476
2019-10-04 00:00;2.022908484;0.491464897;0.431904915
2019-10-04 01:00;2.150080689;-1.823245814;0.821769539
2019-10-04 02:00;0.126078927;-0.428452927;1.409292889
2019-10-04 03:00;-0.295314844;-0.878475967;2.198049618
2019-10-04 04:00;0.474956001;-1.240300395;0.331010349
2019-10-04 05:00;-0.397080715;-1.680414026;-0.234868627
2019-10-04 06:00;-1.441197427;-0.481144059;0.942525629
2019-10-04 07:00;-3.456824396;-0.009318445;0.768166982
2019-10-04 08:00;-1.827565052;0.197081403;1.253434002
2019-10-04 09:00;-2.171937457;0.489783306;2.579518758
2019-10-04 10:00;-3.043869137;1.508490156;1.821155174
2019-10-04 11:00;-1.527844276;0.643666472;0.564970176
2019-10-04 12:00;0.135576871;1.194864979;1.509281025
2019-10-04 13:00;0.081317133;1.909382779;0.875148294
2019-10-04 14:00;2.761205473;1.74923562;-0.610264844
2019-10-04 15:00;1.427713488;3.670406754;-2.481856438
2019-10-04 16:00;3.947950611;3.695227237;-3.196696371
2019-10-04 17:00;5.451901425;1.90875596;-1.590376906
2019-10-04 18:00;4.081854585;0.514479485;-0.949409687
2019-10-04 19:00;1.168894033;0.802931197;-1.043144929
2019-10-04 20:00;2.676730358;1.951584299;1.247504023
2019-10-04 21:00;3.839924529;0.353115084;0.347696706
2019-10-04 22:00;3.748051125;-0.003235;0.768607326
2019-10-04 23:00;0.889552951;-1.393400146;0.210230964
2019-10-05 00:00;-0.921342584;-2.398881415;-0.375394345
2019-10-05 01:00;-2.95698486;-1.366132892;0.845540838
2019-10-05 02:00;-2.245450646;-1.420058498;1.704432472
2019-10-05 03:00;-2.42207423;-0.510295453;1.140738846
2019-10-05 04:00;-1.727435578;-0.337768498;1.149889686
2019-10-05 05:00;0.986190802;-1.878646452;0.886726697
2019-10-05 06:00;-2.990994328;-0.590620172;1.911742406
2019-10-05 07:00;-2.682133966;-1.482059486;1.247611991
2019-10-05 08:00;-2.295503994;-1.218690054;0.57976642
2019-10-05 09:00;-1.386265652;-0.491447308;0.230349587
2019-10-05 10:00;-1.576252432;0.210345207;-0.056239356
2019-10-05 11:00;-2.14271851;2.579947768;-0.076620447
2019-10-05 12:00;0.520802294;0.582532388;0.94472815
2019-10-05 13:00;0.532396963;-0.727684577;1.217623675
2019-10-05 14:00;-0.019976214;-0.879446249;0.684876115
2019-10-05 15:00;-1.847541072;0.331136063;1.216523077
2019-10-05 16:00;-1.505654835;0.94067122;0.929231938
2019-10-05 17:00;0.447250259;1.256762158;0.600541124
2019-10-05 18:00;0.715891762;0.646776451;0.614264203
2019-10-05 19:00;0.9203525;1.457920946;2.198543809
2019-10-05 20:00;0.786063953;1.115172306;3.035223799
2019-10-05 21:00;1.90039606;0.994360373;3.117151168
2019-10-05 22:00;-0.927163516;-0.206690219;0.762516256
2019-10-05 23:00;-0.397992905;1.125749059;1.267675435
2019-10-06 00:00;1.190093532;0.542123614;0.589752853
2019-10-06 01:00;1.113662825;1.795852784;0.420560085
2019-10-06 02:00;1.432882601;-0.082321615;0.8787469
2019-10-06 03:00;0.905720135;-0.753570074;1.061828891
2019-10-06 04:00;2.347802511;-0.830077146;-0.057889427
2019-10-06 05:00;-0.513556787;-0.478008942;1.285847585
2019-10-06 06:00;0.226094711;0.105289434;-0.061568277
2019-10-06 07:00;0.613778447;0.287452675;0.007279203
2019-10-06 08:00;-0.241201514;3.435368121;0.312750698
2019-10-06 09:00;3.472226551;1.531427789;0.274144311
2019-10-06 10:00;2.169517269;1.510381661;-1.088053271
2019-10-06 11:00;3.907526363;1.503153776;-1.545815038
2019-10-06 12:00;2.733793375;1.84744866;0.17805376
2019-10-06 13:00;3.456471353;0.900252753;1.11686213
2019-10-06 14:00;2.151374583;-0.011685793;0.446602105
2019-10-06 15:00;0.326739015;-1.459047242;0.081931142
2019-10-06 16:00;-0.956082898;-1.518135056;-0.540908386
2019-10-06 17:00;0.382571095;-3.03317908;0.127143546
2019-10-06 18:00;-2.128271914;-2.355309549;-0.602772419
2019-10-06 19:00;-2.654737611;-1.810621754;-0.331599981
2019-10-06 20:00;-2.241766734;-0.264747093;-1.48837379
2019-10-06 21:00;0.934883302;0.722697037;-0.859536418
2019-10-06 22:00;1.881082927;-0.114526223;0.476696152
2019-10-06 23:00;-0.685854087;0.267227988;2.878858037
2019-10-07 00:00;-2.505032421;2.204847421;1.410934303
2019-10-07 01:00;0.008081293;1.654127815;0.222722037
2019-10-07 02:00;-0.443283305;-0.223803718;0.076298995
2019-10-07 03:00;-0.940644414;-0.310283453;-0.896704351
2019-10-07 04:00;-2.033545237;0.672343723;-0.256553759
2019-10-07 05:00;-2.368126508;1.282989931;0.064360845
2019-10-07 06:00;1.157109049;-0.060168541;1.320261391
2019-10-07 07:00;0.815485507;-0.514586865;1.925501918
2019-10-07 08:00;-0.686165172;-0.480728479;0.668699241
2019-10-07 09:00;-2.345851413;0.525261275;-1.027971821
2019-10-07 10:00;-0.373046486;1.321586603;-1.43404866
2019-10-07 11:00;2.847200827;2.204617193;1.048435566
2019-10-07 12:00;2.186026563;2.440571947;1.226213968
2019-10-07 13:00;0.957190641;-0.954751162;1.494351988
2019-10-07 14:00;-0.620156935;0.697676707;0.514673529
2019-10-07 15:00;1.093771709;-1.019872519;0.632423603
2019-10-07 16:00;-1.671097058;-0.807540315;-1.348055069
2019-10-07 17:00;-2.858757354;0.04345711;-2.245330305
2019-10-07 18:00;-0.258301656;0.062891112;-3.838071485
2019-10-07 19:00;-0.879022651;0.602662941;-4.195113369
2019-10-07 20:00;0.465495493;0.215307958;-3.973770011
2019-10-07 21:00;1.025858363;0.923790599;-4.12128836
2019-10-07 22:00;1.541998113;-0.144970807;-4.443266364
2019-10-07 23:00;0.651550287;0.331937999;-2.945438623
2019-10-08 00:00;0.945843258;-1.361311483;-2.084443124
2019-10-08 01:00;0.317914488;-0.772893749;-1.661053424
2019-10-08 02:00;0.807070666;1.055315811;-1.775361009
2019-10-08 03:00;1.318648785;1.897761665;-1.196055464
2019-10-08 04:00;1.722307938;0.838638932;-2.490430174
2019-10-08 05:00;1.009510753;-0.009159928;-0.545050488
2019-10-08 06:00;0.716813722;-0.249527954;-1.626423301
2019-10-08 07:00;0.48998243;-0.919981916;-0.354973631
2019-10-08 08:00;-0.588258603;-0.328696634;0.168928764
2019-10-08 09:00;-2.685961159;-0.372306325;1.289355494
2019-10-08 10:00;-1.972169055;0.367720997;3.198132398
2019-10-08 11:00;0.321632342;0.677395089;4.141457392
2019-10-08 12:00;0.155609385;1.3182794;2.76666306
2019-10-08 13:00;-0.109558091;1.604687645;1.870996781
2019-10-08 14:00;0.737236722;1.103047164;1.047406613
2019-10-08 15:00;2.631260969;1.578029604;1.708019052
2019-10-08 16:00;3.388237232;1.718818439;1.566796957
2019-10-08 17:00;1.530203939;1.529792897;1.721489822
2019-10-08 18:00;1.657869623;0.331450779;1.850426138
2019-10-08 19:00;1.577016741;0.518506945;1.055785847
2019-10-08 20:00;3.235833554;-1.334384616;0.332006106
2019-10-08 21:00;1.979240093;-1.181794591;-0.873624251
2019-10-08 22:00;0.009099411;-0.62460345;0.450568011
2019-10-08 23:00;0.800023656;-0.324084002;0.230089047
2019-10-09 00:00;-0.228529143;0.185203169;0.091756627
2019-10-09 01:00;1.36453678;0.103441973;-0.418921612
2019-10-09 02:00;2.781963516;-0.089032671;0.553937269
2019-10-09 03:00;-0.273783614;0.412489281;0.353796058
2019-10-09 04:00;0.974951107;2.181147548;0.914308156
2019-10-09 05:00;1.566243962;-0.679527434;0.08548665
2019-10-09 06:00;1.689633809;-0.750122164;-0.707927045
2019-10-09 07:00;-0.806726607;-0.295290225;-1.110721425
2019-10-09 08:00;-0.320099192;-0.569194794;-0.84880891
2019-10-09 09:00;-0.721540652;-0.04888563;-0.167657861
2019-10-09 10:00;-1.18759532;1.045633412;-0.459546038
2019-10-09 11:00;0.851092593;0.7981512;0.18136172
2019-10-09 12:00;0.667644896;1.396238315;1.915588
2019-10-09 13:00;-0.334187614;1.297469458;2.012059186
2019-10-09 14:00;0.765753447;1.362976041;1.312551151
2019-10-09 15:00;1.019003646;0.796571936;0.48067759
2019-10-09 16:00;1.786092384;2.081315755;-1.377368499
2019-10-09 17:00;1.085779672;1.615248551;-0.520221781
2019-10-09 18:00;3.395995673;2.021402277;-0.390875578
2019-10-09 19:00;4.056123638;2.212313541;-0.103120561
2019-10-09 20:00;3.451856802;0.433377408;-0.859679749
2019-10-09 21:00;2.046365004;0.717312954;-1.360996773
2019-10-09 22:00;1.995776443;-1.069184687;-0.515187833
2019-10-09 23:00;0.655501163;-0.507685743;-0.988391399
2019-10-10 00:00;0.174000114;-0.601104979;-1.041936617
2019-10-10 01:00;-0.184999065;-0.643078392;-1.699424796
2019-10-10 02:00;-1.843117278;-0.141713631;-0.747746722
2019-10-10 03:00;-0.806593859;0.298060945;-1.463668879
2019-10-10 04:00;0.011993517;1.366030651;0.579035923
2019-10-10 05:00;-0.513831782;1.050881429;-0.434145267
2019-10-10 06:00;1.580202637;-0.865819103;0.838053509
2019-10-10 07:00;-0.598975354;-0.867937407;1.472554514
2019-10-10 08:00;-0.716077455;-1.296541566;2.420406851
2019-10-10 09:00;-0.038737734;-0.042916471;1.477556521
2019-10-10 10:00;0.121155552;-0.592332743;1.93457488
2019-10-10 11:00;0.79431567;-1.082579693;3.117146399
2019-10-10 12:00;-0.517718553;-1.92068298;1.614285153
2019-10-10 13:00;-2.119467096;-1.586689988;1.431230334
2019-10-10 14:00;-1.7760593;-1.980199772;1.979532507
2019-10-10 15:00;-1.346725867;-0.854566375;2.751194102
2019-10-10 16:00;-1.261439222;-0.300233311;0.810256767
2019-10-10 17:00;-1.14159019;1.288393242;-2.118448357
2019-10-10 18:00;-0.490007878;1.709941929;-1.105831433
2019-10-10 19:00;0.305432727;-0.091117411;-0.35942404
2019-10-10 20:00;-0.401359871;0.95740108;-2.068081043
2019-10-10 21:00;0.369314523;0.275695738;0.201080715
2019-10-10 22:00;0.750814161;1.389691539;-0.135021184
2019-10-10 23:00;0.779698103;0.051092346;-1.435531208
2019-10-11 00:00;0.964416832;-0.414614902;-2.446961044
2019-10-11 01:00;0.776151488;0.335453391;-1.922162151
2019-10-11 02:00;0.750568098;0.842333896;-1.656632868
2019-10-11 03:00;-0.317925695;-2.780901435;1.052965393
2019-10-11 04:00;-2.441915913;-2.462801459;0.148328236
2019-10-11 05:00;-3.769079715;-2.392204049;-2.751766306
2019-10-11 06:00;-0.532800972;-3.217480513;-2.959136497
2019-10-11 07:00;-4.251068993;-2.202059554;-2.255527925
2019-10-11 08:00;-4.817887055;-1.084435527;-1.752041581
2019-10-11 09:00;-2.639198923;-1.141151353;0.305786183
2019-10-11 10:00;-2.526261235;-0.761209568;-0.602864994
2019-10-11 11:00;-2.754491295;-0.973965586;-3.109895761
2019-10-11 12:00;-0.497263614;-2.208854421;-1.504622437
2019-10-11 13:00;-0.888111736;-2.509475712;-0.959167463
2019-10-11 14:00;-3.808311068;-1.405246588;-0.829788973
2019-10-11 15:00;-2.587211551;-1.312215492;-0.935610453
2019-10-11 16:00;-3.793495649;-0.434766457;0.066080972
2019-10-11 17:00;-1.998381658;0.662454445;0.072252478
2019-10-11 18:00;-0.18803075;1.739445685;0.693989236
2019-10-11 19:00;-0.666631309;1.265256435;1.758140364
2019-10-11 20:00;-0.470330581;1.327463126;2.386426435
2019-10-11 21:00;1.912733029;1.051903487;2.551104749
2019-10-11 22:00;3.221252149;0.325569943;1.582305838
2019-10-11 23:00;1.583057717;1.140615002;-0.224224622
2019-10-12 00:00;1.282646076;0.168570249;0.384389695
2019-10-12 01:00;1.057655011;-0.894960522;0.11668847
2019-10-12 02:00;0.229984716;-0.240595694;1.633293548
2019-10-12 03:00;-1.062700557;0.111998824;0.719090233
2019-10-12 04:00;-1.890618206;0.763215675;0.402245457
2019-10-12 05:00;0.290491428;-0.072993423;2.144310308
2019-10-12 06:00;-0.576464535;0.135797042;1.802382298
2019-10-12 07:00;-0.802294468;-1.539179517;2.646924985
2019-10-12 08:00;-2.886169648;-0.268868108;2.633868948
2019-10-12 09:00;-1.32600947;0.288004208;1.942873361
2019-10-12 10:00;0.397666903;0.086494146;1.321967593
2019-10-12 11:00;-0.604536109;0.887110977;2.633707528
2019-10-12 12:00;1.706644985;1.451335264;2.740374491
2019-10-12 13:00;1.481123724;0.517310477;2.095059038
2019-10-12 14:00;-0.178326664;0.474472863;1.656076153
2019-10-12 15:00;-0.921079171;1.033541328;1.466144418
2019-10-12 16:00;0.949476515;-1.100307807;2.277788686
2019-10-12 17:00;0.038874999;1.355425673;3.356834718
2019-10-12 18:00;1.4577092;1.311237691;1.704335118
2019-10-12 19:00;2.388860628;0.729217892;1.896214166
2019-10-12 20:00;0.819361937;0.2365597;2.488361399
2019-10-12 21:00;0.821251814;2.189113768;1.711750159
2019-10-12 22:00;0.58104702;1.513306409;2.414033218
2019-10-12 23:00;0.88641873;-0.798952454;0.15695307
2019-10-13 00:00;0.96623622;-0.992214454;-0.960664668
2019-10-13 01:00;-1.120010131;-0.116126526;-0.941249819
2019-10-13 02:00;-1.008925149;-1.964479782;0.387576135
2019-10-13 03:00;-0.795568412;-1.705034265;-0.431483017
2019-10-13 04:00;-0.767245252;0.184851415;-1.136129163
2019-10-13 05:00;0.788638053;-0.536872906;-2.447018636
2019-10-13 06:00;-0.324374303;-0.101655825;-0.790085391
2019-10-13 07:00;-0.114274333;-2.134984206;-1.103032386
2019-10-13 08:00;-1.41126794;-2.490952503;-0.360094338
2019-10-13 09:00;-2.373989007;-1.938927;-1.306053786
2019-10-13 10:00;-2.35158963;-0.823530474;-1.036662437
2019-10-13 11:00;-0.91405024;-1.412890916;-4.281356232
2019-10-13 12:00;-1.811910648;-0.616252493;-3.695237847
2019-10-13 13:00;-1.15945976;-1.399112476;-3.97246147
2019-10-13 14:00;-1.990120932;-1.064375443;-2.171422447
2019-10-13 15:00;0.452605712;-1.565338674;-0.865002825
2019-10-13 16:00;-0.388759186;-1.521971748;0.473902963
2019-10-13 17:00;-2.487592569;-3.313763758;-0.34815261
2019-10-13 18:00;-2.526947061;-3.678477827;1.360554625
2019-10-13 19:00;-4.296342164;-1.788559626;1.784482712
2019-10-13 20:00;-4.220560997;-0.256780454;1.569391236
2019-10-13 21:00;-3.013414963;-1.263668081;-0.516081322
2019-10-13 22:00;-1.852987354;-2.576595296;-0.703123569
2019-10-13 23:00;-3.122521471;-2.105490506;0.028733479
2019-10-14 00:00;-2.721661805;-0.994827965;1.831374118
2019-10-14 01:00;-1.747242597;0.006402166;-0.047935933
2019-10-14 02:00;-0.2341597;0.65874409;0.226592113
2019-10-14 03:00;0.881516514;0.432157491;-0.761908296
2019-10-14 04:00;1.472030924;2.236615979;-2.694542681
2019-10-14 05:00;3.794226553;0.56027423;-2.273205049
2019-10-14 06:00;3.490877119;-0.904235661;-2.375026177
2019-10-14 07:00;1.441654325;-1.094262983;-2.941490579
2019-10-14 08:00;1.948818251;-1.595387842;-0.252362612
2019-10-14 09:00;-1.23709948;-1.459826285;1.135363307
2019-10-14 10:00;-2.374625847;1.330961295;1.474146741
2019-10-14 11:00;0.26801238;0.436691515;2.57553887
2019-10-14 12:00;-0.900077825;-0.641269221;2.113530309
2019-10-14 13:00;-2.445137899;0.181437352;2.26339155
2019-10-14 14:00;-0.989681862;1.171169089;0.332898698
2019-10-14 15:00;-0.025205622;1.412756491;1.998648936
2019-10-14 16:00;1.545953237;1.482211883;0.221778667
2019-10-14 17:00;1.014040963;0.165870297;-1.242540656
2019-10-14 18:00;0.351583222;1.154146527;-0.841218392
2019-10-14 19:00;1.734692192;0.512685403;0.951900958
2019-10-14 20:00;0.746292808;1.125956214;-0.549208248
2019-10-14 21:00;2.583100193;-1.164403765;-0.855424282
2019-10-14 22:00;-0.136394011;-0.586901624;0.045542908
2019-10-14 23:00;-0.290294199;-1.067608145;0.120652835
2019-10-15 00:00;-0.516984479;-1.185661162;-0.958670743
2019-10-15 01:00;-0.603919266;-1.860139605;-2.661204805
2019-10-15 02:00;-0.790119485;0.182280186;-1.708123952
2019-10-15 03:00;-1.52425005;0.080062399;-1.670032609
2019-10-15 04:00;-0.423235684;1.818209974;-1.794116928
2019-10-15 05:00;0.127685325;-0.094636403;-1.642497462
2019-10-15 06:00;-0.143863525;-1.806329066;-0.540904432
2019-10-15 07:00;-0.923956537;-2.379353127;-0.825401533
2019-10-15 08:00;-2.244312273;-2.558271267;-1.733206495
2019-10-15 09:00;-3.273855775;0.253636295;-0.437587111
2019-10-15 10:00;-1.314883512;-0.272499573;0.512095193
2019-10-15 11:00;-0.434275057;-0.264599609;0.134404923
2019-10-15 12:00;-0.47949919;0.533373424;0.297290313
2019-10-15 13:00;0.325967771;-0.41305577;0.8843834
2019-10-15 14:00;-0.310849308;0.147477138;1.475028637
2019-10-15 15:00;0.444741803;0.225165157;1.426302998
2019-10-15 16:00;1.042053253;-0.187368973;1.196565325
2019-10-15 17:00;0.22810165;0.84264788;0.881902723
2019-10-15 18:00;1.638442579;0.167419673;0.133356925
2019-10-15 19:00;0.011973664;0.727972203;1.190386173
2019-10-15 20:00;1.058831657;-1.299135303;3.022205799
2019-10-15 21:00;-0.884821183;0.408609499;2.510096031
2019-10-15 22:00;0.330399172;0.881979296;2.206480159
2019-10-15 23:00;1.704249268;-0.944700072;-0.559958684
2019-10-16 00:00;-1.310723428;-0.574859243;-0.232863648
2019-10-16 01:00;-1.176417513;-1.145640369;1.506869521
2019-10-16 02:00;-0.776263056;-3.000154969;1.647656298
2019-10-16 03:00;-2.04364264;-1.916151737;1.334589771
2019-10-16 04:00;-1.942979767;-0.218688562;-0.690071761
2019-10-16 05:00;-2.014115663;0.487397852;-0.598671542
2019-10-16 06:00;-1.414201119;-0.136189516;0.630408488
2019-10-16 07:00;-1.38303825;1.413199064;0.08542251
2019-10-16 08:00;0.924133483;2.160554068;-0.110884189
2019-10-16 09:00;2.544050718;1.950246064;0.038700584
2019-10-16 10:00;2.278573768;1.663008592;-1.42146582
2019-10-16 11:00;2.625735573;0.339098013;-1.596147884
2019-10-16 12:00;3.060840618;-0.624897145;-1.64400721
2019-10-16 13:00;1.027233752;0.12264579;-2.206619869
2019-10-16 14:00;-0.615553017;1.70278301;-2.739470792
2019-10-16 15:00;1.149008924;1.298390062;-1.303814234
2019-10-16 16:00;1.626550841;0.480241188;-2.073173195
2019-10-16 17:00;2.968662784;-0.594913302;-1.170315195
2019-10-16 18:00;0.004819702;-1.441085609;-2.463192136
2019-10-16 19:00;-0.901125013;-2.472025674;-1.609150242
2019-10-16 20:00;-1.055142919;-2.534940207;0.618788538
2019-10-16 21:00;-3.553559966;-1.534917089;1.225732521
2019-10-16 22:00;-2.266318721;-1.06686459;0.7662351
2019-10-16 23:00;-1.630802692;0.249897041;2.639545756
2019-10-17 00:00;-0.565153883;0.24026343;1.399214661
2019-10-17 01:00;1.094202915;1.981233732;1.257976206
2019-10-17 02:00;2.001841178;0.673420475;2.641625918
2019-10-17 03:00;2.139197265;0.361741253;2.974945812
2019-10-17 04:00;-0.922867241;0.38132511;3.018264278
2019-10-17 05:00;-2.853646011;-1.56814116;3.229885244
2019-10-17 06:00;-3.106298848;1.882932437;2.456633612
2019-10-17 07:00;-0.683031192;2.422074296;4.079340709
2019-10-17 08:00;0.85142191;0.343694291;4.001228383
2019-10-17 09:00;0.130334985;0.650107012;3.077860228
2019-10-17 10:00;0.674558562;1.041179259;1.732577997
2019-10-17 11:00;-0.380265071;1.632386046;1.170090133
2019-10-17 12:00;0.791233162;1.904228991;1.298754523
2019-10-17 13:00;1.981336385;2.031258557;1.831990884
2019-10-17 14:00;3.41802758;1.997441217;1.071588737
2019-10-17 15:00;3.974041089;3.213572896;0.143910173
2019-10-17 16:00;5.933010033;1.216303656;1.012771733
2019-10-17 17:00;3.036568304;0.994628135;1.58236239
2019-10-17 18:00;1.977850987;1.501888625;0.883191905
2019-10-17 19:00;0.637293401;1.091549808;1.321520043
2019-10-17 20:00;0.153046736;1.246517085;0.735210037
2019-10-17 21:00;2.06133005;2.434066105;1.882478224
2019-10-17 22:00;2.120747013;2.474071206;0.461928223
2019-10-17 23:00;3.102641338;2.43685642;-0.494953581
2019-10-18 00:00;3.106573004;2.183064991;-0.117270709
2019-10-18 01:00;3.926008513;2.294207849;0.945385332
2019-10-18 02:00;2.407016398;0.62790465;1.453066047
2019-10-18 03:00;0.384233195;1.0476418;0.641233922
2019-10-18 04:00;-0.270123473;2.032461664;-0.2653512
2019-10-18 05:00;0.782052485;1.298617453;-0.399996916
2019-10-18 06:00;1.149902577;-0.53025316;-1.503271658
2019-10-18 07:00;0.134240487;0.044361375;-2.129890881
2019-10-18 08:00;3.102712596;1.193144236;-0.893001607
2019-10-18 09:00;0.690958897;0.678809862;-1.270394062
2019-10-18 10:00;-0.407816869;1.249040395;-0.607170235
2019-10-18 11:00;0.808071956;0.155900979;-1.762260164
2019-10-18 12:00;2.672780975;0.487270649;-0.320028343
2019-10-18 13:00;2.604864062;0.048428049;1.099556429
2019-10-18 14:00;0.743894314;0.118817439;2.070780631
2019-10-18 15:00;-0.826746463;1.454037602;1.596098565
2019-10-18 16:00;-0.72009281;2.099090818;1.799900977
2019-10-18 17:00;-0.898647516;1.636203211;1.635944478
2019-10-18 18:00;1.491681278;1.244729386;0.484654019
2019-10-18 19:00;2.460207517;0.234224714;1.737556626
2019-10-18 20:00;2.714915941;-0.683424209;3.07127174
2019-10-18 21:00;-0.882195939;-0.727537938;2.417151994
2019-10-18 22:00;-2.039119628;-0.861265894;1.157619279
2019-10-18 23:00;-2.102530332;-0.626984798;0.687911255
2019-10-19 00:00;-1.084757564;-1.267278586;-0.399885121
2019-10-19 01:00;-1.407421805;-0.714259194;0.338955996
2019-10-19 02:00;-1.340591576;-1.452783557;-1.5491593
2019-10-19 03:00;-4.143523641;-0.675583126;-2.478402301
2019-10-19 04:00;-1.587475615;-0.136815986;-0.447639098
2019-10-19 05:00;-0.438569721;0.229272945;0.070476253
2019-10-19 06:00;0.294156728;0.604026765;-0.270117513
2019-10-19 07:00;1.113930535;0.396428706;-0.384788537
2019-10-19 08:00;1.922754743;-2.090403584;-1.563537777
2019-10-19 09:00;-0.111989293;-1.126496591;-3.149949988
2019-10-19 10:00;-1.568822265;-1.392483751;-1.74795449
2019-10-19 11:00;-1.841826704;-2.161930398;0.738132743
2019-10-19 12:00;-3.053462499;-0.660771618;1.551310745
2019-10-19 13:00;-3.42419838;-0.393800321;1.477325318
2019-10-19 14:00;-3.654895692;0.19506074;-0.038047955
2019-10-19 15:00;-2.662105563;1.358763792;0.596468319
2019-10-19 16:00;1.44785686;2.249326109;0.263950008
2019-10-19 17:00;2.168525634;0.857149001;0.427139715
2019-10-19 18:00;1.456339004;1.616642362;-0.728750984
2019-10-19 19:00;1.417164482;1.228083843;-0.331566388
2019-10-19 20:00;2.785525338;-0.602092095;-0.539357274
2019-10-19 21:00;3.728191797;-0.742329821;-0.414749741
2019-10-19 22:00;2.195345617;-0.788654855;-1.071262491
2019-10-19 23:00;0.075505074;0.163422625;-1.983163794
2019-10-20 00:00;1.046848805;-0.184608144;-0.375906799
2019-10-20 01:00;-0.595548354;-0.684794621;0.183617908
2019-10-20 02:00;-0.447764977;-0.056123004;-0.634212288
2019-10-20 03:00;-0.93828217;0.748853842;0.070545415
2019-10-20 04:00;-0.861599874;1.92508908;-0.257521085
2019-10-20 05:00;0.353073297;2.146724423;-0.76943574
2019-10-20 06:00;0.82030046;1.842331053;-2.011661992
2019-10-20 07:00;2.363911897;2.412697762;-2.630259499
2019-10-20 08:00;3.399776975;1.474708898;-2.180853338
2019-10-20 09:00;2.885027188;0.796112198;-0.120286657
2019-10-20 10:00;3.11248473;1.897241183;-1.028199469
2019-10-20 11:00;3.345930169;1.951058869;-1.197380909
2019-10-20 12:00;3.742315681;0.79585043;-0.774581561
2019-10-20 13:00;1.071765874;0.009293905;-2.51346887
2019-10-20 14:00;0.505508763;-0.806843436;-0.998330253
2019-10-20 15:00;-0.341686322;-1.13917336;-1.296373304
2019-10-20 16:00;-0.109646248;-0.320756627;-0.992402598
2019-10-20 17:00;-0.760161678;1.045684853;0.030921011
2019-10-20 18:00;-0.372889688;1.181210471;-0.00042932
2019-10-20 19:00;1.559266792;0.828794244;1.066464388
2019-10-20 20:00;2.545900204;2.405491881;2.299487323
2019-10-20 21:00;4.064232941;1.199253171;2.239932528
2019-10-20 22:00;3.569798841;2.158597288;2.427027266
2019-10-20 23:00;1.86642192;0.934259471;3.736345758
2019-10-21 00:00;2.204474521;1.350359967;3.443491913
2019-10-21 01:00;1.152535938;0.858541489;2.705024384
2019-10-21 02:00;0.210873266;2.13879581;0.627468918
2019-10-21 03:00;1.186947749;2.40418646;1.924596547
2019-10-21 04:00;1.372754252;2.034950633;2.717140123
2019-10-21 05:00;3.270734491;2.106360858;0.123874203
2019-10-21 06:00;3.927969638;1.736712358;-1.467922449
2019-10-21 07:00;1.823987302;1.515090765;-0.240392978
2019-10-21 08:00;1.193202613;2.361227628;-1.429110776
2019-10-21 09:00;1.609002355;-0.093870233;-1.498633231
2019-10-21 10:00;-0.042688389;0.969489899;-0.385711441
2019-10-21 11:00;1.119580915;1.177743148;-2.087527578
2019-10-21 12:00;1.365357403;-1.103249403;-0.834780337
2019-10-21 13:00;0.676321873;-1.543227248;-1.179169854
2019-10-21 14:00;-0.562892809;-1.444568861;0.297210048
2019-10-21 15:00;-1.329123103;-0.838206608;-1.117631455
2019-10-21 16:00;-0.114790114;-0.547242323;-0.468221498
2019-10-21 17:00;1.060245381;-0.30577085;-1.028088816
2019-10-21 18:00;-0.342992386;0.974309402;-1.28346566
2019-10-21 19:00;1.446095039;0.075435478;-0.999637547
2019-10-21 20:00;1.522896042;2.014273888;-0.854645612
2019-10-21 21:00;3.20729744;1.876854573;-2.34495551
2019-10-21 22:00;3.747615791;-0.012800045;-1.214473133
2019-10-21 23:00;3.055008603;-0.396222196;-0.180363363
2019-10-22 00:00;-0.116443636;0.160811032;-0.103592863
2019-10-22 01:00;-1.129208995;-0.086360558;0.961230397
2019-10-22 02:00;-1.106447926;-2.289141963;1.049863436
2019-10-22 03:00;-2.671145237;-0.083476762;2.086818712
2019-10-22 04:00;-2.874392641;-0.152485876;-1.212797242
2019-10-22 05:00;-2.00163895;-1.552263511;1.263847013
2019-10-22 06:00;-3.731682664;-0.639138598;2.364953371
2019-10-22 07:00;-4.385723329;0.010912175;1.059638481
2019-10-22 08:00;-2.220202115;0.127756063;0.034674924
2019-10-22 09:00;-2.472674302;2.594491392;0.271553421
2019-10-22 10:00;0.366518518;0.650335181;1.084261892
2019-10-22 11:00;0.355318622;-0.746460876;1.841035054
2019-10-22 12:00;0.000303538;-0.439244659;3.785292131
2019-10-22 13:00;0.115399017;-0.00597387;1.430566852
2019-10-22 14:00;0.694752035;-0.876156045;2.012231274
2019-10-22 15:00;0.715822038;1.114308229;1.954486169
2019-10-22 16:00;1.253399783;-1.588499544;2.581011208
2019-10-22 17:00;-0.689372389;-2.371644231;2.58866141
2019-10-22 18:00;-0.954806097;-1.481944359;1.254955083
2019-10-22 19:00;-2.476980879;-1.426793943;-0.261576327
2019-10-22 20:00;-2.299835595;-0.343206607;0.01447469
2019-10-22 21:00;-1.451503957;-1.056413034;-1.087746055
2019-10-22 22:00;-0.751296728;-0.331515251;0.848870317
2019-10-22 23:00;-2.969841261;-0.951989356;-0.797784101
2019-10-23 00:00;-3.89817411;-0.388465905;0.750865385
2019-10-23 01:00;-1.519278139;0.477247511;-0.437251258
2019-10-23 02:00;-0.39606284;-1.876605969;1.094256116
2019-10-23 03:00;-0.760280268;-1.484685066;0.979843862
2019-10-23 04:00;-1.827416148;-2.287315772;0.178009746
2019-10-23 05:00;-3.563700659;-0.916339406;-0.160086862
2019-10-23 06:00;-5.218148283;-0.040832288;-0.418205408
2019-10-23 07:00;-3.224571734;-0.370149908;-2.022712557
2019-10-23 08:00;-2.645485811;-2.009865931;-1.681966429
2019-10-23 09:00;-2.895251646;-2.055140464;-0.584776049
2019-10-23 10:00;-3.01959912;-1.309224354;-1.706786106
2019-10-23 11:00;-3.068457986;-1.766928624;-1.981890239
2019-10-23 12:00;-2.173235585;-0.035758675;-3.944580802
2019-10-23 13:00;0.972362695;0.066195196;-5.763288405
2019-10-23 14:00;0.759387136;-0.458421985;-4.182638688
2019-10-23 15:00;0.18380211;-2.029134383;-2.403119818
2019-10-23 16:00;-1.903078494;-2.990239261;-3.225827173
2019-10-23 17:00;-2.672313884;-3.01837192;-3.079763932
2019-10-23 18:00;-2.810033667;-4.068645256;-3.617975968
2019-10-23 19:00;-1.537985511;-4.20564841;-4.480218569
2019-10-23 20:00;-3.473247735;-4.224972625;-2.590441392
2019-10-23 21:00;-4.689087705;-1.566788424;-3.866755151
2019-10-23 22:00;-3.442878704;-2.074236223;-4.132559011
2019-10-23 23:00;-2.080799464;-1.13435675;-4.826112835
2019-10-24 00:00;-1.195320577;-0.719828619;-5.358749436
2019-10-24 01:00;0.939387189;0.82012495;-4.738384703
2019-10-24 02:00;-0.58474344;1.306613267;-3.692428891
2019-10-24 03:00;2.930605092;0.287017468;-5.366596966
2019-10-24 04:00;1.566902955;-1.709834188;-4.812965839
2019-10-24 05:00;0.117727324;-2.456051337;-3.075418524
2019-10-24 06:00;0.368130292;-1.32327384;-2.554061142
2019-10-24 07:00;-0.710160634;0.991191284;-1.806224077
2019-10-24 08:00;0.146638021;1.070976036;-1.631397516
2019-10-24 09:00;1.680767529;1.643421557;-1.263880285
2019-10-24 10:00;3.559033423;0.384516804;0.694566568
2019-10-24 11:00;3.325014819;-1.159689363;-0.262348292
2019-10-24 12:00;1.192347588;-2.373088918;0.400886317
2019-10-24 13:00;0.078635683;-3.606995195;1.043098032
2019-10-24 14:00;-1.033154737;-2.367383171;0.935029059
2019-10-24 15:00;-1.264442058;-2.003450458;0.887910272
2019-10-24 16:00;-0.665163222;-1.570664664;1.300272452
2019-10-24 17:00;-2.15778959;-1.167629598;-1.332002542
2019-10-24 18:00;-3.049363344;-0.503476169;-0.80085162
2019-10-24 19:00;-2.721290841;0.302354309;-0.729955462
2019-10-24 20:00;-2.735383462;-0.046539932;-0.648801891
2019-10-24 21:00;-1.873981578;0.243310125;0.38554282
2019-10-24 22:00;-0.682230472;0.249585673;0.070784785
2019-10-24 23:00;0.494438758;-0.750392028;-1.14995682
2019-10-25 00:00;-0.423418085;0.226858711;-1.318681363
2019-10-25 01:00;0.954280242;-0.566410796;-1.717231446
2019-10-25 02:00;0.774692353;1.342922513;-1.872877999
2019-10-25 03:00;0.782783108;-0.523355189;-1.452334156
2019-10-25 04:00;0.94040911;0.692805773;-0.559747915
2019-10-25 05:00;2.929294466;0.730868225;-0.946939219
2019-10-25 06:00;1.312526267;-0.982672162;-0.806694568
2019-10-25 07:00;0.418046055;-0.032320795;-1.184061573
2019-10-25 08:00;0.656575007;1.922772338;-1.7286049
2019-10-25 09:00;1.950816407;0.402400309;-1.965912888
2019-10-25 10:00;1.606682965;-0.102880198;-2.354442811
2019-10-25 11:00;0.534493499;0.804743539;-3.491221209
2019-10-25 12:00;0.112764135;0.759664285;-3.050290334
2019-10-25 13:00;-0.30777783;1.324929548;-1.78328523
2019-10-25 14:00;2.594563579;0.59280786;-1.556034967
2019-10-25 15:00;2.317949412;0.220809902;-1.718940005
2019-10-25 16:00;2.731943364;-0.458685283;-1.245928534
2019-10-25 17:00;0.906138662;0.586096974;-3.099770907
2019-10-25 18:00;1.351738985;-1.054912303;-3.31656637
2019-10-25 19:00;-1.437138646;-2.633591811;-1.382229908
2019-10-25 20:00;-1.746155917;-3.185271473;-1.304501907
2019-10-25 21:00;-2.469460767;-0.580171773;-1.551889745
2019-10-25 22:00;-1.407620954;0.028473069;-0.760728975
2019-10-25 23:00;-2.022707762;-0.161927391;-2.390221914
2019-10-26 00:00;-2.204490517;-2.860032511;-1.795769933
2019-10-26 01:00;-1.780560053;-1.325926426;-0.255690011
2019-10-26 02:00;-2.097137365;-0.755642097;-0.379502188
2019-10-26 03:00;-0.849192897;0.069931812;-0.588707008
2019-10-26 04:00;-0.060327606;0.039369656;0.104380074
2019-10-26 05:00;-0.730917745;1.143688231;-1.04276693
2019-10-26 06:00;0.557997098;1.230153099;-0.57421766
2019-10-26 07:00;0.547887574;1.122801861;0.257300446
2019-10-26 08:00;1.731014177;-0.140565915;-0.237349394
2019-10-26 09:00;-0.994162276;-1.617978927;-0.202991234
2019-10-26 10:00;-1.297872763;-0.188013561;-0.372255813
2019-10-26 11:00;-1.4824487;-1.48250511;0.444010615
2019-10-26 12:00;-1.816684642;0.186748567;1.953886927
2019-10-26 13:00;-2.200213298;0.132897694;0.430382991
2019-10-26 14:00;0.155046426;1.028196954;1.528516638
2019-10-26 15:00;1.673912133;2.152719873;2.092610734
2019-10-26 16:00;2.107628382;1.493122106;1.235449391
2019-10-26 17:00;2.711361969;0.089686837;0.957319122
2019-10-26 18:00;2.126501493;-0.29217374;0.33302763
2019-10-26 19:00;-0.413978059;-1.07115724;0.686637696
2019-10-26 20:00;-2.510735124;-2.524036539;0.712498275
2019-10-26 21:00;-3.509983118;-3.953813483;1.536756666
2019-10-26 22:00;-7.418584789;-1.11047414;2.203092435
2019-10-26 23:00;-5.142568265;0.837134801;1.274261346
2019-10-27 00:00;-0.18377234;2.037310696;-0.369507334
2019-10-27 01:00;0.883017507;3.394994069;0.924938426
2019-10-27 02:00;1.428687913;1.627100321;1.475964725
2019-10-27 03:00;0.461207275;0.944921874;1.469692566
2019-10-27 04:00;1.710963789;1.216771225;3.17938726
2019-10-27 05:00;1.30493071;0.221811085;1.64669582
2019-10-27 06:00;-1.508642493;1.563639753;1.816264681
2019-10-27 07:00;0.187605821;3.33288843;3.644127087
2019-10-27 08:00;1.80943422;3.790650887;3.805903897
2019-10-27 09:00;4.166621904;4.589104571;1.992225157
2019-10-27 10:00;5.044818781;4.545005541;0.87470897
2019-10-27 11:00;4.899717406;4.735071865;2.497504261
2019-10-27 12:00;6.25808946;3.574712236;1.516458158
2019-10-27 13:00;5.376309853;2.266209263;1.549912608
2019-10-27 14:00;3.338188645;2.340749039;1.227711283
2019-10-27 15:00;4.938229869;0.300601244;1.814376019
2019-10-27 16:00;2.881415423;1.165859934;0.045141314
2019-10-27 17:00;2.500752005;2.644914272;0.972200481
2019-10-27 18:00;2.099338572;1.413876645;0.250847463
2019-10-27 19:00;3.482546934;2.284841121;1.447417788
2019-10-27 20:00;2.4441488;1.625736908;1.01233068
2019-10-27 21:00;2.113976111;0.473106292;1.294275554
2019-10-27 22:00;1.154838743;1.670201403;1.629682389
2019-10-27 23:00;0.226921283;0.503072065;2.362485345
2019-10-28 00:00;-0.823984152;-0.809979211;3.111921192
2019-10-28 01:00;-1.230247437;0.644042496;1.613704065
2019-10-28 02:00;0.661524959;-0.692930131;2.40042961
2019-10-28 03:00;-1.74629687;-0.387254371;3.797346956
2019-10-28 04:00;-0.978658631;-0.589676828;3.698920946
2019-10-28 05:00;-1.554109611;0.920679762;4.535868929
2019-10-28 06:00;-0.04427473;2.584897563;1.632790669
2019-10-28 07:00;2.895944476;2.147999541;1.333078007
2019-10-28 08:00;2.837844527;1.010512909;0.672765285
2019-10-28 09:00;2.301340664;0.381158269;-0.051627025
2019-10-28 10:00;1.907552254;-0.587070787;-1.433906778
2019-10-28 11:00;1.481980773;-1.401292072;-1.83607704
2019-10-28 12:00;0.378409178;0.107080884;-1.934895762
2019-10-28 13:00;-0.321288412;-0.145604375;-1.873306395
2019-10-28 14:00;0.510776278;-0.984575079;-1.269377183
2019-10-28 15:00;0.147279756;-0.675126172;-1.183578175
2019-10-28 16:00;0.55110515;-0.811437745;-0.856546056
2019-10-28 17:00;0.385998238;-0.174084142;0.385972799
2019-10-28 18:00;-0.889854725;0.539402795;-1.428873491
2019-10-28 19:00;2.584726037;1.446543703;-0.44130607
2019-10-28 20:00;1.693561574;2.954538078;-2.618411095
2019-10-28 21:00;2.843702852;3.587803195;-1.386754234
2019-10-28 22:00;2.08017162;1.838964998;-0.844971633
2019-10-28 23:00;4.449208978;-0.094813833;1.160919312
2019-10-29 00:00;4.075900193;2.08674398;1.577766773
2019-10-29 01:00;2.912847426;1.151288653;2.447799185
2019-10-29 02:00;3.258080911;0.869355456;1.540403727
2019-10-29 03:00;3.354960585;3.05985311;1.197705991
2019-10-29 04:00;1.240559508;2.348522495;0.504743123
2019-10-29 05:00;3.062448582;0.228049875;-1.004819502
2019-10-29 06:00;1.6942725;-1.279220319;0.032041255
2019-10-29 07:00;1.017380544;-1.106210507;0.565808232
2019-10-29 08:00;0.753516523;-0.760892603;-0.378339746
2019-10-29 09:00;0.025688184;0.980158261;0.977763378
2019-10-29 10:00;1.207094701;0.328299869;-0.443243975
2019-10-29 11:00;-0.229953998;0.041999047;0.373936294
2019-10-29 12:00;-0.685291386;-0.543484028;1.603726133
2019-10-29 13:00;-1.9586896;0.277183617;0.518801231
2019-10-29 14:00;-0.712151646;1.260038543;-0.404912219
2019-10-29 15:00;0.402494303;3.450663038;-1.069865072
2019-10-29 16:00;2.936966759;0.840479116;-0.8667589
2019-10-29 17:00;1.749616066;0.279298194;-1.435283979
2019-10-29 18:00;0.30042774;0.837100491;-0.785809612
2019-10-29 19:00;1.854166853;1.19735137;-0.605778821
2019-10-29 20:00;0.93592237;2.929773384;1.869914661
2019-10-29 21:00;2.699364607;2.321022668;1.231680965
2019-10-29 22:00;3.250663027;0.372317939;2.097152455
2019-10-29 23:00;1.166878229;2.331198764;-0.097359074
2019-10-30 00:00;0.186856882;3.051431862;-0.219358395
2019-10-30 01:00;0.917772172;1.895131149;-0.37583847
2019-10-30 02:00;1.994228196;1.312027191;0.509996381
2019-10-30 03:00;2.907943567;1.415712043;0.753424859
2019-10-30 04:00;0.948157067;0.696177826;-1.270670261
2019-10-30 05:00;-0.302907063;0.861920679;-0.286164524
2019-10-30 06:00;0.080968937;0.679261495;0.234907408
2019-10-30 07:00;0.070925643;1.246185056;1.417286006
2019-10-30 08:00;1.084476977;0.075357037;1.607925311
2019-10-30 09:00;0.538452938;-0.437562974;0.831636647
2019-10-30 10:00;-0.012145373;0.989157118;0.19952326
2019-10-30 11:00;0.463523404;1.265794578;0.835282282
2019-10-30 12:00;-0.49474587;0.346492544;0.536433945
2019-10-30 13:00;0.106275832;1.021709127;0.516673414
2019-10-30 14:00;-0.27309726;0.456340657;0.565457178
2019-10-30 15:00;-0.4094417;0.451990203;0.013702845
2019-10-30 16:00;1.903091241;2.33714275;0.55536798
2019-10-30 17:00;2.007502208;0.042942932;3.060261697
2019-10-30 18:00;2.833068743;-0.35164313;1.502042515
2019-10-30 19:00;2.649093769;-0.550912553;1.689103006
2019-10-30 20:00;1.606850314;-2.201922594;1.109219951
2019-10-30 21:00;-1.047606865;-1.116853813;1.038733641
2019-10-30 22:00;-1.198523076;-0.007691957;1.660876568
2019-10-30 23:00;1.06628963;-0.117586511;1.452747885
2019-10-31 00:00;0.8824603;0.914668904;1.570995436
2019-10-31 01:00;0.347693569;0.398570077;1.644382578
2019-10-31 02:00;0.757883001;0.68012743;0.871164948
2019-10-31 03:00;-1.904324805;1.483167747;-1.002125412
2019-10-31 04:00;1.082982578;0.326844828;-1.749500855
2019-10-31 05:00;2.616343725;-0.807423854;-2.045249806
2019-10-31 06:00;0.890704814;-1.775148186;-1.621070096
2019-10-31 07:00;-0.760400531;-1.403448542;0.559927756
2019-10-31 08:00;-1.7661685;-0.654702654;0.904377147
2019-10-31 09:00;-1.26364033;-1.650906904;-0.458747666
2019-10-31 10:00;-2.367904335;-1.355637982;-1.198630521
2019-10-31 11:00;-1.595449778;-0.297912766;-0.842960355
2019-10-31 12:00;-2.070370681;-0.541576067;-0.67274658
2019-10-31 13:00;-0.125738684;-1.24236627;-1.595731197
2019-10-31 14:00;-2.618605514;0.954323869;-0.625470784
2019-10-31 15:00;-0.049161392;0.31781679;-2.63309229
2019-10-31 16:00;0.737351025;-1.347404459;-3.363069218
2019-10-31 17:00;-0.707931943;-3.288249897;-2.865801297
2019-10-31 18:00;-1.621998452;-3.494053766;-1.239096832
2019-10-31 19:00;-2.116529687;-1.891295555;-1.737994093
2019-10-31 20:00;-2.366679687;-1.155352775;-2.600316969
2019-10-31 21:00;-0.712796183;-2.772705218;-2.265175194
2019-10-31 22:00;-1.931836111;-0.917876649;-1.549999718
2019-10-31 23:00;-2.198570947;-1.065570481;-1.526991641
2019-11-01 00:00;-1.40638129;-0.829234009;-1.568913209
2019-11-01 01:00;-1.123852103;0.038797691;-0.690091405
2019-11-01 02:00;2.112274809;-0.784321109;-0.669292681
2019-11-01 03:00;1.612795511;1.398440787;-0.525264778
2019-11-01 04:00;1.327972939;1.386725366;0.6717257
2019-11-01 05:00;1.847218514;1.228310807;-1.077668511
2019-11-01 06:00;0.739876458;2.080225985;0.095198071
2019-11-01 07:00;-0.02709392;1.591531657;-0.710390913
2019-11-01 08:00;1.442734599;1.573136141;-0.783583073
2019-11-01 09:00;1.820037088;0.786988353;0.741097454
2019-11-01 10:00;1.408220822;1.268316365;0.853878146
2019-11-01 11:00;2.341346125;1.408882402;0.479289279
2019-11-01 12:00;2.790498203;1.780955747;2.036704621
2019-11-01 13:00;2.607703871;2.455578583;2.219140001
2019-11-01 14:00;1.54334467;2.70873342;2.126661994
2019-11-01 15:00;4.825296785;4.046942933;1.609837416
2019-11-01 16:00;4.346774207;1.783957756;0.430570427
2019-11-01 17:00;3.813844491;1.742582943;1.011089765
2019-11-01 18:00;4.459332117;0.908102389;2.061750101
2019-11-01 19:00;2.945870823;0.978019827;2.850830171
2019-11-01 20:00;1.306469102;2.297765555;1.973069178
2019-11-01 21:00;2.37281498;2.005982655;-0.54516773
2019-11-01 22:00;1.768027497;1.57100425;-1.986947972
2019-11-01 23:00;2.274648734;0.95234253;-1.652771785
2019-11-02 00:00;0.742937383;-1.100408435;-0.892663328
2019-11-02 01:00;-0.104730743;-0.879056449;-0.382107898
2019-11-02 02:00;1.140118679;-0.712419355;-0.788862468
2019-11-02 03:00;0.249685893;0.549708732;-1.123892652
2019-11-02 04:00;-0.680550612;-1.865790015;-1.233627807
2019-11-02 05:00;-1.858408045;-3.015946902;-2.777866148
2019-11-02 06:00;-1.670818243;-2.366066902;-1.683932381
2019-11-02 07:00;-3.044866356;-1.597887097;-0.941375536
2019-11-02 08:00;-3.136942328;0.236500964;-1.285712423
2019-11-02 09:00;-2.343167374;0.526718587;-2.424922781
2019-11-02 10:00;-1.23261892;0.575327385;-3.065729774
2019-11-02 11:00;1.973920425;-0.578064543;-2.150889857
2019-11-02 12:00;0.249352562;-0.044600421;-2.434034657
2019-11-02 13:00;1.700229089;0.148189059;-3.329389068
2019-11-02 14:00;0.656886552;-1.142326269;-3.27705434
2019-11-02 15:00;-1.404009419;-1.5337806;-3.039904125
2019-11-02 16:00;0.108209994;-1.250807064;-3.006671742
2019-11-02 17:00;-1.072579486;0.050718666;-2.235143712
2019-11-02 18:00;0.608139245;-1.287558147;-2.853806696
2019-11-02 19:00;0.764617602;0.215638992;-3.378203391
2019-11-02 20:00;2.878498431;0.877010678;-3.734626205
2019-11-02 21:00;2.907940108;0.511730871;-2.247696176
2019-11-02 22:00;2.878680236;1.840175016;-3.525014786
2019-11-02 23:00;3.331309094;-0.144649398;-3.322454594
2019-11-03 00:00;1.700169949;-0.406787926;-1.754356961
2019-11-03 01:00;0.747382401;-1.079185102;-0.667522251
2019-11-03 02:00;-1.731420822;-0.258055502;-0.743900162
2019-11-03 03:00;-0.84393473;-0.655457412;-0.918758272
2019-11-03 04:00;-0.226762756;0.201060252;-3.273128895
2019-11-03 05:00;1.488441194;-1.001469827;-2.680534836
2019-11-03 06:00;0.437204718;-0.675205272;-2.31450421
2019-11-03 07:00;-0.999234375;0.537773831;-1.201049309
2019-11-03 08:00;1.132672203;0.562356541;-0.976627265
2019-11-03 09:00;2.642157913;-2.476284052;-1.172239376
2019-11-03 10:00;-1.624892827;-2.961563073;0.558014887
2019-11-03 11:00;-2.507041824;-1.235470407;1.79666442
2019-11-03 12:00;-3.234384984;-2.010808045;1.243469695
2019-11-03 13:00;-3.175385308;-2.418794654;2.200236353
2019-11-03 14:00;-3.812466659;-1.833160794;2.056736026
2019-11-03 15:00;-3.530795591;0.067530886;1.673178416
2019-11-03 16:00;-2.643486803;-0.862862305;1.999880941
2019-11-03 17:00;-2.314642558;0.326449643;2.47114077
2019-11-03 18:00;-0.699567611;1.705061968;1.931176331
2019-11-03 19:00;0.373956628;2.828124525;3.263895482
2019-11-03 20:00;2.88526972;1.710260513;0.985483012
2019-11-03 21:00;2.849682735;0.949543436;2.364458394
2019-11-03 22:00;1.138486524;0.849180247;2.256738308
2019-11-03 23:00;2.322220514;-0.192724551;1.240725987
2019-11-04 00:00;-0.536264683;-0.377563926;1.179873167
2019-11-04 01:00;0.139117488;-1.359908929;2.866097546
2019-11-04 02:00;-0.37934289;-0.109805031;2.641372636
2019-11-04 03:00;1.101413909;-0.419923082;2.284418764
2019-11-04 04:00;-0.201647605;-1.161373448;2.772907079
2019-11-04 05:00;-0.292891831;-0.403031926;1.778502661
2019-11-04 06:00;-3.153758927;-1.52571185;2.482201333
2019-11-04 07:00;-1.950362464;1.26208021;2.548460988
2019-11-04 08:00;0.293759058;0.715300936;2.82303369
2019-11-04 09:00;0.658994032;0.881266914;1.494553362
2019-11-04 10:00;-0.393945461;1.731227936;0.64180739
2019-11-04 11:00;0.797929199;2.075333049;0.752890393
2019-11-04 12:00;1.709083485;0.37311125;-0.849800742
2019-11-04 13:00;0.490833658;-1.476341943;-3.110442806
2019-11-04 14:00;-0.756885732;-1.079668219;-4.110222674
2019-11-04 15:00;-0.384696829;-1.987838815;-4.006722367
2019-11-04 16:00;-0.269694266;-1.986770992;-4.053752856
2019-11-04 17:00;-1.119787204;-1.528831618;-1.561609912
2019-11-04 18:00;-1.11234774;-1.977284034;-0.484203117
2019-11-04 19:00;-3.380162266;-2.226662138;-3.134829395
2019-11-04 20:00;-2.498234053;-0.599083681;-2.719150448
2019-11-04 21:00;-2.703771736;-1.013461446;-1.247076544
2019-11-04 22:00;-1.965903024;-0.152729649;-1.818133245
2019-11-04 23:00;-0.651568747;0.112659319;-1.644346229
2019-11-05 00:00;0.932578476;0.123883643;-0.473799142
2019-11-05 01:00;1.238150817;1.71661976;0.392990816
2019-11-05 02:00;-0.178295817;1.272318108;-0.154852927
2019-11-05 03:00;-1.357470853;1.094074526;-0.250896464
2019-11-05 04:00;-0.038342521;0.481967796;-1.11451002
2019-11-05 05:00;0.013871141;0.533384375;-0.08610197
2019-11-05 06:00;-1.20161323;-0.825861333;0.027617831
2019-11-05 07:00;-1.431685219;-0.589887129;-0.774013297
2019-11-05 08:00;1.408939187;0.569368676;0.290225206
2019-11-05 09:00;2.015494215;0.163225646;1.576780419
2019-11-05 10:00;0.783558001;-0.354829048;0.542202416
2019-11-05 11:00;1.166186088;0.086226081;0.75309739
2019-11-05 12:00;0.485374886;-0.063781642;0.707322965
2019-11-05 13:00;2.775690503;2.304619804;1.63731148
2019-11-05 14:00;2.646765622;1.812343038;0.811159406
2019-11-05 15:00;2.381961177;3.261969369;2.057474639
2019-11-05 16:00;3.915324995;2.616328684;1.971061121
2019-11-05 17:00;3.279168552;1.563280192;3.488581838
2019-11-05 18:00;2.43929651;1.120213034;2.710832862
2019-11-05 19:00;0.281410741;0.010162146;3.539192443
2019-11-05 20:00;-2.074127286;-0.161561214;1.888345788
2019-11-05 21:00;-1.334136609;-2.693366257;0.50455379
2019-11-05 22:00;-2.653031351;-2.794137709;-0.100340542
2019-11-05 23:00;-4.566253682;-1.59470688;0.791400351
2019-11-06 00:00;-2.546145053;-1.551602799;-0.345603115
2019-11-06 01:00;-2.773187753;-1.150964093;-0.383965876
2019-11-06 02:00;-1.594148376;-1.446951036;0.595886093
2019-11-06 03:00;-2.758821832;0.035352525;-0.449433881
2019-11-06 04:00;-1.987987002;-0.248939693;0.738801944
2019-11-06 05:00;-0.959556262;-1.061223533;1.197121609
2019-11-06 06:00;-1.639932438;-0.235094656;0.374897192
2019-11-06 07:00;-0.118604119;0.41914569;-0.591504267
2019-11-06 08:00;0.956740213;-0.137762867;-0.650082523
2019-11-06 09:00;0.998600359;0.138044064;0.558269939
2019-11-06 10:00;2.51074944;1.521501246;-1.392967767
2019-11-06 11:00;2.188499974;1.791745268;-0.826626616
2019-11-06 12:00;1.338992278;0.819255732;-1.929863706
2019-11-06 13:00;2.424584468;0.864751934;0.033997702
2019-11-06 14:00;0.422094796;1.177483503;0.399030519
2019-11-06 15:00;1.114943654;1.450856838;1.806086958
2019-11-06 16:00;1.558271396;-0.413106444;2.359669757
2019-11-06 17:00;-0.484987223;0.092786037;1.752182887
2019-11-06 18:00;-0.627852024;-0.004241782;0.134537169
2019-11-06 19:00;-0.694062587;-0.615322271;0.189099868
2019-11-06 20:00;-1.536355119;0.903189528;-0.175726912
2019-11-06 21:00;-0.61108999;0.084091255;1.884619776
2019-11-06 22:00;-0.188729575;-0.172058319;2.330156699
2019-11-06 23:00;-0.471065861;-0.0078745;2.661927604
2019-11-07 00:00;-0.17274701;-0.532558094;1.022615532
2019-11-07 01:00;2.072741431;-0.567475805;-0.294979383
2019-11-07 02:00;1.44981257;-0.931472178;0.82956849
2019-11-07 03:00;-0.578186762;-2.401652474;0.7318137
2019-11-07 04:00;-1.093925173;-1.353772435;1.505057269
2019-11-07 05:00;-3.323185;-1.740345243;0.949653923
2019-11-07 06:00;-1.160806223;-1.980158828;3.036602614
2019-11-07 07:00;-2.763697447;-0.366140691;4.83688226
2019-11-07 08:00;-0.51318388;-0.480750873;3.758110646
2019-11-07 09:00;-0.961027558;-0.500174908;4.108443542
2019-11-07 10:00;-1.743769966;-0.269326448;4.413982965
2019-11-07 11:00;-1.224209687;-1.338706281;4.953284306
2019-11-07 12:00;-3.498314146;0.167300347;3.408034254
2019-11-07 13:00;-1.986023439;1.275211224;3.956632841
2019-11-07 14:00;-0.677113902;1.058285605;2.056145828
2019-11-07 15:00;2.285656651;1.403422725;0.800129109
2019-11-07 16:00;2.7352263;1.068539755;1.801603371
2019-11-07 17:00;2.84198081;1.679907411;2.445515717
2019-11-07 18:00;1.95097815;2.407912944;1.788737137
2019-11-07 19:00;3.06312324;0.658657557;0.941745619
2019-11-07 20:00;0.715615605;0.086467143;1.861694254
2019-11-07 21:00;1.327493452;-0.162196566;2.09132268
2019-11-07 22:00;0.902114016;0.845378364;1.957155701
2019-11-07 23:00;1.490672887;1.639368197;1.611804965
2019-11-08 00:00;1.605226577;1.168626516;0.517292459
2019-11-08 01:00;1.271555209;1.597931427;1.853132118
2019-11-08 02:00;3.284660799;1.520923701;0.595081847
2019-11-08 03:00;2.869108172;0.763396132;1.024771437
2019-11-08 04:00;3.203440855;0.685940911;2.747250142
2019-11-08 05:00;2.777247369;1.046202937;3.436914217
2019-11-08 06:00;2.927735869;1.396053215;0.647625077
2019-11-08 07:00;1.429488939;2.473516818;0.321178021
2019-11-08 08:00;3.843785939;2.468283933;0.672894521
2019-11-08 09:00;4.669451213;2.360465593;0.660624081
2019-11-08 10:00;4.037005954;0.746730271;1.158417532
2019-11-08 11:00;2.626215759;1.440311557;0.292376178
2019-11-08 12:00;2.387200114;2.018780601;0.057230547
2019-11-08 13:00;2.675728754;2.373452043;1.676417194
2019-11-08 14:00;2.43276304;-0.078147698;0.94576115
2019-11-08 15:00;0.684249638;0.075265804;1.335854636
2019-11-08 16:00;0.170231286;1.023812333;-0.665590848
2019-11-08 17:00;0.826361542;1.40363661;0.075125784
2019-11-08 18:00;2.878043677;1.627989062;0.358615761
2019-11-08 19:00;3.155260933;2.329906938;-0.29100584
2019-11-08 20:00;2.280345033;-0.14866727;1.26538468
2019-11-08 21:00;1.321345972;1.117388493;1.484980983
2019-11-08 22:00;0.850056878;0.443074836;1.382011081
2019-11-08 23:00;0.601120013;-0.379991785;1.149805979
2019-11-09 00:00;-1.493722508;-0.229224452;1.141435242
2019-11-09 01:00;-1.186958548;-0.959775776;0.301780519
2019-11-09 02:00;-1.733956407;-0.106666835;-0.90126404
2019-11-09 03:00;-0.658096095;2.23759293;-1.950354491
2019-11-09 04:00;1.69642387;0.442623398;-1.786103896
2019-11-09 05:00;2.347910671;-1.157012107;-2.097756092
2019-11-09 06:00;1.231362681;-1.497259561;-0.440695079
2019-11-09 07:00;0.226481049;-2.654686704;-1.170443412
2019-11-09 08:00;-0.471975481;-1.202523786;-1.585815723
2019-11-09 09:00;0.728766328;-2.292674667;-1.47205027
2019-11-09 10:00;-0.359987321;-4.117531014;-0.726941362
2019-11-09 11:00;-0.596268664;-3.144451031;-1.793008318
2019-11-09 12:00;-1.106418549;-3.519458176;-1.984233794
2019-11-09 13:00;-2.544197564;-3.260866301;-0.480134208
2019-11-09 14:00;-4.378429076;0.675422935;0.898904764
2019-11-09 15:00;-1.625169604;0.182922336;1.717484514
2019-11-09 16:00;-0.260546363;0.96168249;1.306289353
2019-11-09 17:00;-0.531467382;0.361469894;0.568714506
2019-11-09 18:00;1.30892955;-0.541495557;0.830457767
2019-11-09 19:00;0.994730048;0.98576775;-0.370935139
2019-11-09 20:00;0.785457725;2.07339509;-1.303192374
2019-11-09 21:00;3.919203486;-0.427098776;0.19907491
2019-11-09 22:00;1.673288449;-0.548066039;0.151082025
2019-11-09 23:00;-0.25895887;-1.368564567;-0.906916394
2019-11-10 00:00;1.857311655;-2.625946509;-1.33232798
2019-11-10 01:00;-0.846482266;-4.097049294;-0.153836454
2019-11-10 02:00;-2.121185503;-3.797269785;0.631849645
2019-11-10 03:00;-4.366689861;-2.698152253;0.272740778
2019-11-10 04:00;-4.286356699;-2.997443456;-0.573220528
2019-11-10 05:00;-2.406079075;-1.340320587;-0.01954318
2019-11-10 06:00;-2.457035839;-0.386520608;1.685763262
2019-11-10 07:00;-0.654401084;2.162361616;1.312329086
2019-11-10 08:00;0.597647922;2.698414426;1.178750799
2019-11-10 09:00;4.625729722;1.213209667;1.371454778
2019-11-10 10:00;2.959373803;0.471253097;-0.420753118
2019-11-10 11:00;2.899445762;0.179695751;-2.109019448
2019-11-10 12:00;2.090905189;-0.294516364;-1.664905005
2019-11-10 13:00;2.659665728;-0.774787989;0.28262444
2019-11-10 14:00;0.277008407;-0.146310563;1.092649294
2019-11-10 15:00;0.684823056;1.46502943;1.620352313
2019-11-10 16:00;3.020372927;3.010445455;2.785186799
2019-11-10 17:00;4.246674677;3.444786837;3.125628391
2019-11-10 18:00;5.084543311;3.431856164;3.023771938
2019-11-10 19:00;5.007827949;2.800747743;0.63325943
2019-11-10 20:00;4.021098972;1.274378865;1.263256596
2019-11-10 21:00;2.656740022;0.66706543;3.339953771
2019-11-10 22:00;2.232038384;1.141011006;3.98814539
2019-11-10 23:00;3.253768745;0.661425224;3.863430019
2019-11-11 00:00;2.181008503;0.490385301;2.606751371
2019-11-11 01:00;2.035848341;0.954283513;4.381952732
2019-11-11 02:00;-0.19568092;0.41558123;4.001154617
2019-11-11 03:00;0.023357905;0.623962542;2.509862859
2019-11-11 04:00;0.107094486;2.198831356;1.276934842
2019-11-11 05:00;0.606219627;1.560974998;0.534105188
2019-11-11 06:00;1.63649931;2.027261636;1.507489623
2019-11-11 07:00;1.636474809;3.588889175;1.683586975
2019-11-11 08:00;3.783407566;2.744765712;1.951628202
2019-11-11 09:00;3.857849568;1.840936613;1.215060201
2019-11-11 10:00;2.11712326;0.749393259;-0.348042719
2019-11-11 11:00;3.224328947;-0.221267137;-0.240563592
2019-11-11 12:00;1.480000307;-0.534056753;-1.300307344
2019-11-11 13:00;0.305150023;-0.925918715;-0.630203978
2019-11-11 14:00;-0.138742112;-1.099378433;-1.254037498
2019-11-11 15:00;0.097393576;0.064321156;-1.825160355
2019-11-11 16:00;-0.043206152;-2.76531903;-0.539992166
2019-11-11 17:00;-1.675678147;-3.070352268;-1.555954332
2019-11-11 18:00;-4.008344958;-1.803298891;-1.583233289
2019-11-11 19:00;-4.282009406;-0.487682276;-1.137843802
2019-11-11 20:00;-2.943271339;-1.039778233;-0.977988128
2019-11-11 21:00;-1.408772867;-1.96478242;-1.93983272
2019-11-11 22:00;-2.068143494;-3.124315362;-3.011123634
2019-11-11 23:00;-1.984043299;-2.307394969;-2.463081231
2019-11-12 00:00;-2.203765762;-2.546569238;-2.134155221
2019-11-12 01:00;-2.384911627;-1.038239382;-3.527553037
2019-11-12 02:00;-3.160038982;-1.901260028;-4.709300416
2019-11-12 03:00;-3.377397037;-0.440993966;-3.496827303
2019-11-12 04:00;-1.252302607;-0.637160413;-2.906480465
2019-11-12 05:00;0.336443404;-1.811067118;-2.220208066
2019-11-12 06:00;-2.665177053;-1.831891988;-2.874669989
2019-11-12 07:00;-2.612019349;-1.790430969;-1.469831402
2019-11-12 08:00;-2.834984635;-2.376774306;-2.088067381
2019-11-12 09:00;-4.060520714;-1.39829674;-1.909042267
2019-11-12 10:00;-4.322045493;-1.092245948;-0.53078019
2019-11-12 11:00;-0.908190714;-1.314689133;-1.179889143
2019-11-12 12:00;-1.557143055;-1.71348533;-1.761643386
2019-11-12 13:00;-3.593812235;-0.011370983;-0.238905834
2019-11-12 14:00;-2.061664829;-0.182482354;-0.525095356
2019-11-12 15:00;0.124688144;-1.374043684;-2.329554819
2019-11-12 16:00;-0.10755115;0.814468205;-1.67290743
2019-11-12 17:00;0.769372099;0.102197484;-2.337239018
2019-11-12 18:00;0.816284687;-0.226389879;-1.686863806
2019-11-12 19:00;-0.334601622;0.679497372;-1.040397558
2019-11-12 20:00;-1.178261371;0.58409371;-0.626080277
2019-11-12 21:00;-0.130428921;-1.20823109;0.493159162
2019-11-12 22:00;-1.116275476;0.310639138;0.851495042
2019-11-12 23:00;0.342303515;0.616812194;0.483441465
2019-11-13 00:00;0.187840243;0.93589396;1.585987081
2019-11-13 01:00;1.165176093;-0.791334951;-0.507648633
2019-11-13 02:00;0.476356352;-1.524508057;-0.075918148
2019-11-13 03:00;-2.224710074;-0.627561935;-0.599732738
2019-11-13 04:00;-1.399338681;-1.201938121;0.592064661
2019-11-13 05:00;-1.755712066;-0.793065931;0.772555504
2019-11-13 06:00;-1.393371655;-0.643454173;-1.008450013
2019-11-13 07:00;-1.989890493;-0.686507586;0.349725776
2019-11-13 08:00;-0.700505882;2.518965174;-0.660735104
2019-11-13 09:00;2.065825365;0.981026385;-0.685290817
2019-11-13 10:00;1.311616274;0.479013627;-0.318492499
2019-11-13 11:00;1.768215795;0.224525329;0.620998479
2019-11-13 12:00;0.649022111;0.10820523;0.80029944
2019-11-13 13:00;0.598155098;-1.228159602;1.277847802
2019-11-13 14:00;-1.582793548;-1.494985448;1.681630815
2019-11-13 15:00;-1.436934688;-1.38997845;0.617167866
2019-11-13 16:00;-2.364635163;-1.53706174;1.308999995
2019-11-13 17:00;-2.350753149;-1.617614718;-0.323073911
2019-11-13 18:00;-2.59059543;-3.123629879;-0.230719405
2019-11-13 19:00;-2.760559245;-0.958032455;0.779808421
2019-11-13 20:00;-2.711239414;-0.353482506;-2.318679264
2019-11-13 21:00;-0.574108866;1.18666673;-1.32592829
2019-11-13 22:00;1.894520757;0.972175617;-0.943960045
2019-11-13 23:00;1.387519443;2.551165053;-1.71919993
2019-11-14 00:00;3.569896733;1.300155989;-0.927528009
2019-11-14 01:00;3.601373313;-0.544095834;-0.573087329
2019-11-14 02:00;0.942855021;0.304853443;-1.420291605
2019-11-14 03:00;0.433892918;-0.016963945;-3.093632459
2019-11-14 04:00;-0.162799673;0.974093992;-3.286224926
2019-11-14 05:00;1.328082732;1.513246552;-3.48929954
2019-11-14 06:00;1.34901753;1.392487314;-3.585824298
2019-11-14 07:00;1.201852562;-1.027382567;-2.475764273
2019-11-14 08:00;0.124600051;1.408038449;-1.659249737
2019-11-14 09:00;1.213091335;0.718268005;0.11629532
2019-11-14 10:00;0.486824886;-1.014498294;-0.034170951
2019-11-14 11:00;0.285349074;-1.855466812;1.376762002
2019-11-14 12:00;-0.76603201;0.593169576;1.958986899
2019-11-14 13:00;0.628077259;-0.89361233;3.329453436
2019-11-14 14:00;-1.414302567;1.70216141;2.252114852
2019-11-14 15:00;0.757093079;-1.034322063;0.448138155
2019-11-14 16:00;-0.867892342;-2.418163775;0.07586563
2019-11-14 17:00;-1.759827716;-0.772691074;-0.761588482
2019-11-14 18:00;-1.31713773;0.080629629;-1.462875631
2019-11-14 19:00;0.304559935;1.972581836;-2.206661321
2019-11-14 20:00;1.466361535;0.378505091;-3.008711947
2019-11-14 21:00;1.855211546;0.303063329;-3.408508673
2019-11-14 22:00;0.59801103;0.382739432;-2.612160446
2019-11-14 23:00;2.596438927;1.27627731;-0.215036764
2019-11-15 00:00;3.111294351;1.904747907;-1.160819179
2019-11-15 01:00;1.288333035;-0.097417574;0.590960182
2019-11-15 02:00;0.808885415;0.958792886;0.955255862
2019-11-15 03:00;-2.170236614;2.299354594;1.189342007
2019-11-15 04:00;3.068025328;1.670754018;0.098416125
2019-11-15 05:00;3.398384724;1.390707219;-0.507499564
2019-11-15 06:00;3.816795923;1.645857322;0.068382587
2019-11-15 07:00;3.662813245;0.293515951;0.834534202
2019-11-15 08:00;2.124785805;-0.6155906;0.571104784
2019-11-15 09:00;-0.815780289;-0.458755876;1.598704309
2019-11-15 10:00;-1.397821651;-0.471089916;0.300008012
2019-11-15 11:00;-1.246534801;1.091690184;1.230780565
2019-11-15 12:00;0.532777018;2.537148256;0.921105081
2019-11-15 13:00;1.651875022;2.27137478;2.582893039
2019-11-15 14:00;4.492740529;2.832634634;2.210856471
2019-11-15 15:00;3.692240638;3.20000122;2.614203555
2019-11-15 16:00;3.393908241;4.278428856;3.076931237
2019-11-15 17:00;5.201786371;6.191306189;1.392393208
2019-11-15 18:00;7.012701419;4.24657062;1.804349466
2019-11-15 19:00;5.805725959;1.569719095;2.272544997
2019-11-15 20:00;4.332893213;1.200613272;4.460419191
2019-11-15 21:00;1.263564016;1.336049368;4.181262157
2019-11-15 22:00;1.317152292;2.991643952;4.994411057
2019-11-15 23:00;1.515307568;2.9890235;3.473269664
2019-11-16 00:00;3.68141253;4.438554083;2.68830299
2019-11-16 01:00;3.857693838;1.463605725;0.759378551
2019-11-16 02:00;4.267166508;1.796982279;0.702150483
2019-11-16 03:00;4.498635591;2.062363823;0.706553626
2019-11-16 04:00;2.775849418;2.05936642;0.537071589
2019-11-16 05:00;3.249506748;-0.152158893;-0.349745155
2019-11-16 06:00;2.661089617;1.327661367;0.422535771
2019-11-16 07:00;0.98361412;2.163879215;1.016943284
2019-11-16 08:00;2.595059036;3.441424271;1.628518766
2019-11-16 09:00;3.960965776;1.199858814;1.761581181
2019-11-16 10:00;2.43744242;0.064640819;0.914067545
2019-11-16 11:00;0.73397568;0.773675151;1.075296559
2019-11-16 12:00;0.570798116;-2.523280151;0.897759563
2019-11-16 13:00;0.61334802;-4.017529806;0.624007788
2019-11-16 14:00;0.054655757;-1.552294302;0.225514556
2019-11-16 15:00;-0.49814268;-1.971724459;1.393472791
2019-11-16 16:00;-2.75795234;-0.983830844;1.604191858
2019-11-16 17:00;-1.556967703;1.317767796;0.362983561
2019-11-16 18:00;-0.828646538;0.092111888;1.005476665
2019-11-16 19:00;-0.391005542;-0.895938701;-0.676170043
2019-11-16 20:00;-0.226790763;-1.175002309;0.812034919
2019-11-16 21:00;0.583993856;0.054755922;-0.447423624
2019-11-16 22:00;-0.988127776;-0.585132969;-1.286869551
2019-11-16 23:00;-1.319681908;-0.68623523;-2.374022947
2019-11-17 00:00;-1.228385716;-2.188223137;-0.52860345
2019-11-17 01:00;-1.882113075;-2.070994215;-1.109077412
2019-11-17 02:00;0.054922146;-1.104895819;0.050602542
2019-11-17 03:00;-1.132982029;-2.936093348;-0.458687818
2019-11-17 04:00;-1.437191629;-1.871208827;-1.838457224
2019-11-17 05:00;-1.89302193;-0.868789445;-0.05848317
2019-11-17 06:00;-2.092971351;0.531832722;-1.305783762
2019-11-17 07:00;-0.619464485;-0.621400123;-2.227419072
2019-11-17 08:00;1.958698516;-1.813704733;-1.911868107
2019-11-17 09:00;1.108026495;-2.015709025;-2.961717734
2019-11-17 10:00;0.001387465;-3.341966837;-1.79896463
2019-11-17 11:00;-0.872553829;-3.715842635;0.565254224
2019-11-17 12:00;-4.352284481;-3.862986646;1.446106546
2019-11-17 13:00;-4.161777996;-2.989853312;0.062348691
2019-11-17 14:00;-4.916055094;-2.082627514;0.199388572
2019-11-17 15:00;-3.663627983;0.713512305;0.29297205
2019-11-17 16:00;-3.404106959;1.387910367;0.441678751
2019-11-17 17:00;-2.53076824;-0.043806;-0.302722694
2019-11-17 18:00;-1.211145652;1.447347327;0.255911505
2019-11-17 19:00;0.461251376;-0.134264109;0.887049718
2019-11-17 20:00;0.331688428;-0.300940556;-1.591126498
2019-11-17 21:00;1.288631162;-1.219901131;-2.174406688
2019-11-17 22:00;0.502973465;-0.810555566;-2.402357489
2019-11-17 23:00;0.805819135;-1.090965764;-2.474943527
2019-11-18 00:00;-0.874278384;-0.667380729;-2.694549048
2019-11-18 01:00;0.558625098;0.214554454;-2.440031355
2019-11-18 02:00;0.492559131;1.041848833;-1.752510464
2019-11-18 03:00;1.352033248;1.700935906;-2.363774
2019-11-18 04:00;2.807060862;0.689549777;-2.224852242
2019-11-18 05:00;3.606016522;0.514038262;-1.87412149
2019-11-18 06:00;1.212213225;0.968715218;-1.519619635
2019-11-18 07:00;1.029023863;1.921475009;-0.401420724
2019-11-18 08:00;-0.57721922;1.725794665;-1.522673104
2019-11-18 09:00;1.798319669;0.874378788;-2.292915488
2019-11-18 10:00;2.635913323;1.140399167;-1.515185094
2019-11-18 11:00;0.813967823;2.453496662;0.516869191
2019-11-18 12:00;2.348061545;1.730454897;-0.779642603
2019-11-18 13:00;1.287208969;1.528184021;-1.308955706
2019-11-18 14:00;2.801489686;0.342737061;-2.461117577
2019-11-18 15:00;2.058766338;2.037556092;-2.018298727
2019-11-18 16:00;2.500835355;1.679089277;-2.279360856
2019-11-18 17:00;0.78598384;-0.361270639;-1.387695111
2019-11-18 18:00;0.015804047;0.123530388;-1.594285572
2019-11-18 19:00;0.719301057;-0.829651943;-1.18723944
2019-11-18 20:00;0.808865944;-0.962748653;-2.036408763
2019-11-18 21:00;0.017629349;-1.158975629;-1.688939623
2019-11-18 22:00;1.170556585;0.119665347;-1.658578291
2019-11-18 23:00;0.21548778;0.979432289;-1.405433947
2019-11-19 00:00;0.54233222;-0.848816803;-0.129951402
2019-11-19 01:00;0.143446267;-0.99804771;-0.057345693
2019-11-19 02:00;1.364494054;-0.269759506;-1.722549654
2019-11-19 03:00;0.216861541;-1.181229107;-0.846312846
2019-11-19 04:00;-0.899525665;-1.253645014;-2.536744926
2019-11-19 05:00;-1.789123884;-0.057833248;-2.882719963
2019-11-19 06:00;-0.009482968;1.014066384;-2.677328751
2019-11-19 07:00;-0.366569198;-0.045045692;-2.796454144
2019-11-19 08:00;-0.352338228;-0.178098981;-2.572473862
2019-11-19 09:00;0.700387983;0.061187944;-2.382054294
2019-11-19 10:00;1.24197044;-0.181795036;-3.232138436
2019-11-19 11:00;1.085530754;-1.44581118;-3.152052581
2019-11-19 12:00;0.955261922;-2.131375206;-2.077000476
2019-11-19 13:00;-2.243369339;-2.129473206;-0.337560318
2019-11-19 14:00;-0.41843995;-1.10534613;0.112537225
2019-11-19 15:00;0.323535964;-1.097020632;1.244708237
2019-11-19 16:00;0.006187725;1.026111737;1.451964115
2019-11-19 17:00;-0.01853599;0.640643396;1.328648402
2019-11-19 18:00;-0.083693167;0.410711239;0.736842636
2019-11-19 19:00;-1.445399668;0.702642697;0.117323384
2019-11-19 20:00;-1.668411755;1.015493431;-0.638064329
2019-11-19 21:00;-0.298992075;0.211631503;0.154851678
2019-11-19 22:00;0.415807497;0.39887401;-0.159976219
2019-11-19 23:00;1.4951425;2.767862262;0.100033374
2019-11-20 00:00;1.17613912;2.388635703;0.279742794
2019-11-20 01:00;2.661180445;0.149778313;0.923760969
2019-11-20 02:00;0.480423404;2.535991247;-0.501627406
2019-11-20 03:00;1.617970833;2.437069342;1.299989204
2019-11-20 04:00;1.261709007;2.494411381;1.823391008
2019-11-20 05:00;3.793430255;2.614168274;0.626802447
2019-11-20 06:00;5.567852398;1.740181478;-0.170718597
2019-11-20 07:00;4.41073546;2.099297111;2.165734093
2019-11-20 08:00;2.657465664;1.984420608;3.392530783
2019-11-20 09:00;1.697506813;0.347254698;1.752155212
2019-11-20 10:00;0.735251079;1.555062401;1.71831734
2019-11-20 11:00;3.333255689;2.078497668;0.497204427
2019-11-20 12:00;2.813307852;2.862939198;0.992816473
2019-11-20 13:00;4.058046717;2.995743524;-1.027167572
2019-11-20 14:00;2.476132708;-0.323664414;0.18328116
2019-11-20 15:00;2.658107783;-1.646954538;1.05898604
2019-11-20 16:00;-0.113494847;-0.151388138;-0.724514946
2019-11-20 17:00;-0.771947379;-0.751038078;-1.506091615
2019-11-20 18:00;-0.559446989;-2.653395917;-1.321507221
2019-11-20 19:00;-2.458580704;-3.718482936;0.492824556
2019-11-20 20:00;-2.856733888;-1.912570285;1.215698881
2019-11-20 21:00;-4.436982818;-2.463142685;1.260483337
2019-11-20 22:00;-5.968068692;0.752449137;1.567221124
2019-11-20 23:00;-2.105138257;-0.612940005;2.443423992
2019-11-21 00:00;-1.3030095;-0.231374685;2.785679277
2019-11-21 01:00;-0.749727528;0.842799563;2.574295003
2019-11-21 02:00;0.958291934;-0.784589956;2.289974998
2019-11-21 03:00;-0.868890861;-0.432512562;2.297374889
2019-11-21 04:00;1.255992981;-0.449370206;2.150721546
2019-11-21 05:00;0.410674478;-0.811637354;1.561088361
2019-11-21 06:00;-0.49606168;-1.066721523;-0.176062694
2019-11-21 07:00;-0.867222659;-2.141171866;-0.436476233
2019-11-21 08:00;-3.751953153;-0.528183048;-0.684405826
2019-11-21 09:00;-1.48247218;0.279358895;-0.753726251
2019-11-21 10:00;-0.493509098;-0.836048383;0.479489606
2019-11-21 11:00;-0.079537376;-1.853747933;1.275983392
2019-11-21 12:00;-1.171793076;-0.907188928;0.870497545
2019-11-21 13:00;-0.771311113;-0.251426625;0.216194361
2019-11-21 14:00;-0.965167741;-0.695822565;-0.416597793
2019-11-21 15:00;-1.658972774;-0.096729922;1.589490485
2019-11-21 16:00;-0.924110044;-0.299417639;0.90604004
2019-11-21 17:00;-0.736119162;0.784148971;-0.144405088
2019-11-21 18:00;-0.943697162;0.573103718;1.131680604
2019-11-21 19:00;0.662070254;-1.111071936;2.253328922
2019-11-21 20:00;1.042009558;0.074543693;1.571056272
2019-11-21 21:00;-0.212767381;0.690257736;3.499609668
2019-11-21 22:00;1.022550761;-0.496022723;3.56675174
2019-11-21 23:00;-0.235846791;0.049856565;3.199763804
2019-11-22 00:00;0.185217671;-0.556421815;2.122075842
2019-11-22 01:00;-0.585726208;0.957812279;1.9838481
2019-11-22 02:00;0.701939471;0.169967235;0.160241657
2019-11-22 03:00;1.327100053;-1.289950999;-0.002056384
2019-11-22 04:00;0.847192856;-0.169036084;0.225169129
2019-11-22 05:00;-1.797808348;0.346787804;1.480651635
2019-11-22 06:00;-1.164967196;0.821577021;2.269445713
2019-11-22 07:00;-0.403317556;0.563673352;3.96369534
2019-11-22 08:00;-1.643862342;2.44573843;4.143498987
2019-11-22 09:00;-0.227961148;2.715814803;2.6216542
2019-11-22 10:00;1.285165133;0.722978155;1.501532947
2019-11-22 11:00;1.931298713;2.07977492;0.127023073
2019-11-22 12:00;1.801842391;1.679117289;0.515662179
2019-11-22 13:00;1.470460533;1.866843116;1.042219121
2019-11-22 14:00;2.672152039;1.614453759;0.629891626
2019-11-22 15:00;1.472706026;1.888997533;0.980423144
2019-11-22 16:00;1.020132578;2.901840214;1.348304713
2019-11-22 17:00;2.50087124;3.116596956;-0.122681507
2019-11-22 18:00;2.444064113;2.589331441;0.205449257
2019-11-22 19:00;2.906747639;2.335207243;0.408724364
2019-11-22 20:00;2.082319251;2.175613603;1.191269593
2019-11-22 21:00;0.743243387;1.210728929;0.726654754
2019-11-22 22:00;2.703878193;1.339116338;0.829479082
2019-11-22 23:00;2.874843993;0.921983142;-0.879964377
2019-11-23 00:00;0.447277984;1.797953736;-0.127751787
2019-11-23 01:00;-0.008434465;2.310043205;-0.217230092
2019-11-23 02:00;2.292100936;1.555217331;1.717076855
2019-11-23 03:00;1.899235107;2.254715516;1.968938384
2019-11-23 04:00;1.849277741;2.949628975;1.987267228
2019-11-23 05:00;2.385845632;2.391661435;1.626940185
2019-11-23 06:00;3.879601116;1.877575481;0.90510265
2019-11-23 07:00;5.735486276;2.429485567;0.770142634
2019-11-23 08:00;3.74401391;2.066225347;1.060860051
2019-11-23 09:00;3.090977044;1.995295473;1.081146749
2019-11-23 10:00;3.927815339;2.599281709;2.518975615
2019-11-23 11:00;3.424361102;1.629515407;1.655296247
2019-11-23 12:00;3.289196647;3.147757017;1.116260952
2019-11-23 13:00;2.498769192;3.265820185;0.238299756
2019-11-23 14:00;3.565969128;2.309183208;-1.765345557
2019-11-23 15:00;4.419055044;1.431611741;-1.822075814
2019-11-23 16:00;4.091308829;0.833062554;-0.207819547
2019-11-23 17:00;1.083155389;0.532952742;0.017728004
2019-11-23 18:00;0.800976947;-0.52901357;1.664302746
2019-11-23 19:00;-1.136810998;-1.015476842;0.293564696
2019-11-23 20:00;-1.781828297;0.069869602;0.499092248
2019-11-23 21:00;-0.876782653;0.111312787;-0.746388984
2019-11-23 22:00;1.215539161;0.572354786;-0.690220026
2019-11-23 23:00;2.391792574;-0.298001604;0.040307726
2019-11-24 00:00;0.321082746;0.19481305;1.53219622
2019-11-24 01:00;-0.289555876;-0.856752405;2.151540373
2019-11-24 02:00;-2.235030822;0.195796632;2.098962571
2019-11-24 03:00;-1.093135042;1.59883547;0.797381274
2019-11-24 04:00;-0.828416483;1.142557369;-1.587138169
2019-11-24 05:00;0.094981382;1.026521898;-0.387910473
2019-11-24 06:00;-0.015348925;0.207265731;0.026399746
2019-11-24 07:00;-1.665596709;-1.399864415;-0.196690159
2019-11-24 08:00;-1.49217112;-0.288179457;-0.258377263
2019-11-24 09:00;-2.19107351;-1.547266986;0.20783885
2019-11-24 10:00;-2.099074393;0.044109434;-1.54141369
2019-11-24 11:00;-3.061847238;0.366342697;-1.254174628
2019-11-24 12:00;-0.918943612;-0.75397264;-1.940674345
2019-11-24 13:00;-0.528120216;-0.570507123;-0.413565493
2019-11-24 14:00;0.592319138;-0.383098629;-0.599599885
2019-11-24 15:00;-1.465596111;1.045177288;0.026377529
2019-11-24 16:00;-1.006029953;2.273290912;0.258902126
2019-11-24 17:00;1.160339346;2.609448767;-0.155733453
2019-11-24 18:00;2.216883767;3.322902741;0.808748485
2019-11-24 19:00;2.81185734;2.384920105;2.165885912
2019-11-24 20:00;1.925472351;4.154636046;2.067782028
2019-11-24 21:00;4.728913747;3.617988021;3.878425256
2019-11-24 22:00;3.672192903;3.998943387;2.397188346
2019-11-24 23:00;4.35306002;2.883805193;4.437244893
2019-11-25 00:00;3.412666866;1.729910665;4.379329417
2019-11-25 01:00;0.572929893;1.327448474;2.381970092
2019-11-25 02:00;1.180661921;1.530464116;2.260638645
2019-11-25 03:00;0.643310156;-0.036767133;1.84572936
2019-11-25 04:00;-0.08360363;-0.869412487;1.799210573
2019-11-25 05:00;-1.260439334;-0.735912068;1.051732747
2019-11-25 06:00;-2.163932155;0.346132091;-0.125234516
2019-11-25 07:00;-2.866641766;0.357015176;-0.654889823
2019-11-25 08:00;-2.875215893;0.326565264;-1.722473681
2019-11-25 09:00;0.702717318;1.18703992;-1.951131468
2019-11-25 10:00;0.196957939;0.892457955;-0.73977874
2019-11-25 11:00;2.28178893;-1.695741603;-1.027658986
2019-11-25 12:00;1.692609608;-1.496810162;-0.254115305
2019-11-25 13:00;0.345756565;-1.940921658;-0.87912066
2019-11-25 14:00;-0.354110601;-1.022302435;-1.770728238
2019-11-25 15:00;-0.05940404;-2.090675095;-1.997708003
2019-11-25 16:00;-2.078327041;-1.942722762;-2.501160021
2019-11-25 17:00;-1.055837456;-0.825623142;-3.090114225
2019-11-25 18:00;-1.054302909;-0.530558607;-3.115429792
2019-11-25 19:00;-1.279477301;0.197154183;-3.987973601
2019-11-25 20:00;-0.945831579;-0.226322907;-2.961123352
2019-11-25 21:00;-0.228701366;0.500173518;-2.254054635
2019-11-25 22:00;-0.065102281;-0.545566956;-2.936009043
2019-11-25 23:00;0.98529895;-0.909423937;-2.543112358
2019-11-26 00:00;1.445827509;-0.219799657;-3.047448756
2019-11-26 01:00;1.986230358;-3.149977203;-4.319510275
2019-11-26 02:00;-2.549724804;-3.412732533;-3.646653006
2019-11-26 03:00;-2.649925746;-2.934046155;-3.476942243
2019-11-26 04:00;-1.388199102;-5.314956844;-1.389307306
2019-11-26 05:00;-4.366243792;-3.980870229;-1.630178718
2019-11-26 06:00;-5.37673583;-3.904262781;-2.338084549
2019-11-26 07:00;-6.128587985;-3.587458241;-2.270314539
2019-11-26 08:00;-5.224773541;-1.482943742;-3.409773161
2019-11-26 09:00;-4.110525452;-1.55890787;-3.429211598
2019-11-26 10:00;-3.702602377;-1.081464454;-1.108630253
2019-11-26 11:00;-3.432296412;-1.027450452;-0.994460444
2019-11-26 12:00;-3.156656287;-0.741276698;-0.908473102
2019-11-26 13:00;-2.425507583;0.579273776;0.55528242
2019-11-26 14:00;0.484594293;1.754810521;0.201892909
2019-11-26 15:00;-1.445059634;0.478923446;-0.115135033
2019-11-26 16:00;0.328845542;0.002363989;-0.130466666
2019-11-26 17:00;-0.479930407;-0.473495308;0.128902306
2019-11-26 18:00;-0.133771097;-1.24793512;1.062678455
2019-11-26 19:00;-1.151125634;-0.451176082;0.534804945
2019-11-26 20:00;-1.433261954;-1.486610672;-0.989386775
2019-11-26 21:00;-2.394208586;0.776574054;-0.124687748
2019-11-26 22:00;0.050900375;-0.381793751;-1.250166503
2019-11-26 23:00;0.189139947;1.093126357;-1.043338624
2019-11-27 00:00;-0.00242668;-0.000459472;-0.834834554
2019-11-27 01:00;0.80101807;0.069772402;-0.572602198
2019-11-27 02:00;1.76119331;-0.700781938;1.765985773
2019-11-27 03:00;2.316463321;-1.664343922;0.711400779
2019-11-27 04:00;-2.225784564;1.062085271;0.297493274
2019-11-27 05:00;0.232344023;0.5771342;-1.218030635
2019-11-27 06:00;1.092050102;1.867259772;-0.788769909
2019-11-27 07:00;1.664171785;1.350353232;-1.808461735
2019-11-27 08:00;0.612980847;0.53406269;-2.123832374
2019-11-27 09:00;0.437174802;0.079942589;-1.199062812
2019-11-27 10:00;0.965153762;0.404174394;-0.423037892
2019-11-27 11:00;2.144448607;0.380665584;-0.948968454
2019-11-27 12:00;2.206758246;1.53319321;-1.173950907
2019-11-27 13:00;0.517318751;1.84066094;-1.849313608
2019-11-27 14:00;2.538825644;1.182226708;-1.546718524
2019-11-27 15:00;0.455576423;1.158079228;0.207099528
2019-11-27 16:00;1.307917489;2.124674437;0.342993864
2019-11-27 17:00;0.856261164;1.779088017;0.137817669
2019-11-27 18:00;1.866341949;1.484050634;0.29675989
2019-11-27 19:00;3.043459834;1.106351283;-0.836550458
2019-11-27 20:00;1.89439189;1.521946904;-0.212753089
2019-11-27 21:00;2.750536832;0.426862315;-0.778301904
2019-11-27 22:00;2.627733449;0.92889259;-0.776252588
2019-11-27 23:00;2.991660452;0.041127457;0.119332535
2019-11-28 00:00;2.252632395;2.038514435;1.40126382
2019-11-28 01:00;3.457098317;1.278623911;0.797324465
2019-11-28 02:00;2.040108673;0.377116204;-0.457664555
2019-11-28 03:00;2.237683228;-1.163248696;-0.799633962
2019-11-28 04:00;-1.322408838;-2.436908148;0.365860852
2019-11-28 05:00;-1.384060471;-1.55123876;1.102342751
2019-11-28 06:00;-3.069680976;-1.275617261;1.1857301
2019-11-28 07:00;-2.553668808;-0.081577407;-1.100402637
2019-11-28 08:00;-1.93382642;0.106735616;0.620936869
2019-11-28 09:00;0.338605303;-0.593391559;1.302463698
2019-11-28 10:00;-0.091225863;-0.933165567;0.160975748
2019-11-28 11:00;0.061802477;-0.987176611;-0.209348616
2019-11-28 12:00;-0.301553985;-0.89839056;-1.877758963
2019-11-28 13:00;-1.046363679;-0.781040843;-2.610896044
2019-11-28 14:00;-0.65858952;-1.434648286;-1.451457127
2019-11-28 15:00;-2.045506696;-0.139404653;-1.76869738
2019-11-28 16:00;-0.680102545;-1.30618458;-3.117680956
2019-11-28 17:00;-1.456212453;-0.87925211;-3.162946465
2019-11-28 18:00;-2.235389282;-0.604305423;-2.118323611
2019-11-28 19:00;-2.698501245;0.325710446;-1.796027423
2019-11-28 20:00;-0.872723165;-0.109812432;0.272001236
2019-11-28 21:00;0.738297857;-0.259600481;0.092779504
2019-11-28 22:00;-2.144418518;-0.103565987;-0.676189519
2019-11-28 23:00;-0.035956743;0.000846827;-1.9412768
2019-11-29 00:00;1.177135646;1.293334795;-2.926233714
2019-11-29 01:00;1.26269608;1.508487843;-2.772395309
2019-11-29 02:00;1.230654031;1.970861109;-4.884731038
2019-11-29 03:00;4.191619175;0.607364094;-2.55999005
2019-11-29 04:00;1.707167848;0.228130482;-0.682256969
2019-11-29 05:00;-0.281029364;-1.033011913;-0.215522043
2019-11-29 06:00;1.183478688;-1.312479324;0.776353573
2019-11-29 07:00;-1.687509545;1.263562651;0.436854516
2019-11-29 08:00;1.336194182;1.993317107;0.275048814
2019-11-29 09:00;1.136320923;0.269002753;-0.194521103
2019-11-29 10:00;1.376838864;1.406110291;-0.200474923
2019-11-29 11:00;2.998201931;0.649003607;0.67131804
2019-11-29 12:00;2.500423369;-0.352500375;-0.807216206
2019-11-29 13:00;-0.339862679;-1.345608998;-0.309564282
2019-11-29 14:00;-0.466254696;-1.698913144;-1.388098979
2019-11-29 15:00;-1.473118764;-2.111767784;-3.061055736
2019-11-29 16:00;-0.92978912;-2.880465292;-1.584413942
2019-11-29 17:00;-1.176517704;-3.488820881;-1.295852833
2019-11-29 18:00;-3.732100223;-0.812061529;-2.421991814
2019-11-29 19:00;-2.562902114;0.114277658;-2.25978628
2019-11-29 20:00;-0.741690046;0.357093837;-2.770482353
2019-11-29 21:00;1.805716564;1.515570628;-2.804426264
2019-11-29 22:00;2.304159459;1.232982358;-1.566665155
2019-11-29 23:00;3.133267407;1.455144495;-0.180566621
2019-11-30 00:00;1.760298617;2.70756706;0.673526729
2019-11-30 01:00;3.810137247;1.646309459;0.647057998
2019-11-30 02:00;3.190921484;0.989522411;-0.975026715
2019-11-30 03:00;1.944147157;0.682950536;-0.7329929
2019-11-30 04:00;1.543006137;1.141308062;0.366180682
2019-11-30 05:00;0.49777655;0.212702518;1.009620967
2019-11-30 06:00;0.420895608;-2.018758409;-0.418641894
2019-11-30 07:00;-0.781205611;-1.791460197;-0.806900915
2019-11-30 08:00;-1.21611377;-1.043766213;-1.215167156
2019-11-30 09:00;-1.33229795;-0.10942662;1.581319297
2019-11-30 10:00;-0.388457011;0.196774372;2.601077033
2019-11-30 11:00;-0.182142166;-0.003780547;3.11099397
2019-11-30 12:00;-0.359454608;-2.07681191;3.324012366
2019-11-30 13:00;-1.207581409;-1.147809154;2.659133475
2019-11-30 14:00;-1.54945238;-0.711713504;0.697506064
2019-11-30 15:00;-2.063981515;0.75670003;1.210154202
2019-11-30 16:00;1.313996034;1.826719182;-0.586607888
2019-11-30 17:00;2.129226489;1.631764248;-1.405131219
2019-11-30 18:00;3.455078412;1.379927915;-2.707558078
2019-11-30 19:00;4.153403578;0.970715896;-2.970287135
2019-11-30 20:00;2.489236265;-1.150039833;0.003874577
2019-11-30 21:00;-0.040658085;-0.653987504;0.580744829
2019-11-30 22:00;-0.007132152;-2.777120124;0.852174451
2019-11-30 23:00;-0.731563608;-0.917342524;0.562746628
2019-12-01 00:00;-1.529093761;-0.223167771;1.188913658
2019-12-01 01:00;-0.20280472;1.290207251;1.126492619
2019-12-01 02:00;2.052639065;2.015496138;-0.357749111
2019-12-01 03:00;1.979764385;1.575152991;0.090787457
2019-12-01 04:00;2.871802338;0.821348957;0.121116964
2019-12-01 05:00;2.097905902;0.943272392;0.19556396
2019-12-01 06:00;2.424307602;0.248311954;0.561896429
2019-12-01 07:00;1.926044713;-0.034574799;0.717632634
2019-12-01 08:00;-0.719525464;0.816233106;-0.380942414
2019-12-01 09:00;-0.668245345;1.576287387;-0.523694905
2019-12-01 10:00;0.52611282;0.022111321;-0.616458086
2019-12-01 11:00;0.480151503;0.270570594;-2.028924465
2019-12-01 12:00;1.448940632;-0.680275484;-4.030459546
2019-12-01 13:00;-0.347791663;-1.225898682;-4.475342197
2019-12-01 14:00;2.263618381;-2.054849451;-4.623425532
2019-12-01 15:00;0.019328712;-1.71076014;-2.420885134
2019-12-01 16:00;-0.665339407;-0.73977034;-1.66300442
2019-12-01 17:00;-0.745920697;-2.303531998;-1.072105152
2019-12-01 18:00;-2.717005594;-1.877461782;-0.723915963
2019-12-01 19:00;-1.939421311;-1.402792318;-1.227607182
2019-12-01 20:00;-2.468923233;-1.153428437;-1.823824248
2019-12-01 21:00;-0.729557535;-2.054358568;-0.641074971
2019-12-01 22:00;-1.077576555;-1.387944856;-0.630472735
2019-12-01 23:00;-1.500415722;-2.775798679;-0.435973373
2019-12-02 00:00;-1.014510245;-0.265834544;-0.952790349
2019-12-02 01:00;0.225720596;0.628135443;0.975922833
2019-12-02 02:00;0.979065527;1.072102742;0.524610647
2019-12-02 03:00;1.891685873;1.41999304;-0.567266642
2019-12-02 04:00;2.505480757;-0.601513546;-0.854815101
2019-12-02 05:00;2.01254575;-0.395331318;-0.237033286
2019-12-02 06:00;-0.070929214;1.244375729;-0.089433335
2019-12-02 07:00;0.889247837;0.840545846;1.945041028
2019-12-02 08:00;0.24074799;1.799566619;2.449143845
2019-12-02 09:00;0.396629353;2.530596601;2.374761862
2019-12-02 10:00;0.370798614;2.791042579;2.355090872
2019-12-02 11:00;1.772960986;0.679794855;1.742765988
2019-12-02 12:00;0.242061704;-0.680590454;1.096992332
2019-12-02 13:00;-1.630680095;-1.605587722;-0.905585957
2019-12-02 14:00;0.086222682;-0.864192198;-1.283939036
2019-12-02 15:00;1.33403706;-1.655027378;-0.392802638
2019-12-02 16:00;1.547904084;-0.50358654;-1.907082144
2019-12-02 17:00;3.171288102;-1.948789748;-1.053212155
2019-12-02 18:00;2.513388735;-0.166462105;-0.672022297
2019-12-02 19:00;0.982148394;-0.986047657;-2.064835101
2019-12-02 20:00;0.054109388;0.62239432;-2.997467362
2019-12-02 21:00;-1.206940747;1.060848744;-1.837485199
2019-12-02 22:00;-1.007497483;0.039300507;-1.77673745
2019-12-02 23:00;-0.564219211;-0.349798703;-1.938081245
2019-12-03 00:00;1.154211334;-1.631704975;-0.851426265
2019-12-03 01:00;0.960744915;-2.537008366;-1.608700223
2019-12-03 02:00;-1.531126477;-1.256198699;0.407769106
2019-12-03 03:00;-2.927778723;-1.168232555;1.106564306
2019-12-03 04:00;-1.320719327;-1.15899699;1.245140362
2019-12-03 05:00;-1.531680715;-1.784718797;-0.15504739
2019-12-03 06:00;-1.375658585;0.299750624;-0.196117496
2019-12-03 07:00;1.023781824;-2.190822654;-1.406494565
2019-12-03 08:00;-0.220437785;-2.778166679;-0.279824243
2019-12-03 09:00;-1.989624928;-3.094026283;-0.872057369
2019-12-03 10:00;-2.460789818;-2.457567457;0.958411049
2019-12-03 11:00;-3.18013384;-1.197609611;2.190735162
2019-12-03 12:00;-4.025730616;-2.058149579;1.562945479
2019-12-03 13:00;-4.40175223;-1.852373609;2.055317037
2019-12-03 14:00;-4.385341254;-0.962863222;0.716815136
2019-12-03 15:00;-2.32614329;-0.221712994;1.561890754
2019-12-03 16:00;-2.841786135;1.839923636;1.782391478
2019-12-03 17:00;0.612248151;2.157496452;1.363325914
2019-12-03 18:00;2.135843235;-0.003524323;0.774988362
2019-12-03 19:00;2.261638447;-0.390566277;1.58701849
2019-12-03 20:00;-0.476353019;-0.848565956;4.068156122
2019-12-03 21:00;-1.328247305;-0.106393655;3.715106137
2019-12-03 22:00;-0.920959158;1.327166343;3.279339876
2019-12-03 23:00;-1.047795435;0.328243812;2.829645863
2019-12-04 00:00;-1.844446213;1.472999563;4.787483013
2019-12-04 01:00;0.207035798;1.10224092;3.726693364
2019-12-04 02:00;0.604513796;0.975810327;3.212007191
2019-12-04 03:00;-0.068909919;-0.042250357;2.451338055
2019-12-04 04:00;-0.553700436;1.538488481;0.496757584
2019-12-04 05:00;0.861567549;1.858148903;0.977165696
2019-12-04 06:00;0.695803457;1.755033816;0.536366505
2019-12-04 07:00;3.314303226;-0.177013476;2.492262476
2019-12-04 08:00;1.470998787;0.236664477;2.300312205
2019-12-04 09:00;0.40797581;-0.638434487;1.496336734
2019-12-04 10:00;0.26563739;-0.09814116;3.436317426
2019-12-04 11:00;-1.073986217;0.521175254;0.542939844
2019-12-04 12:00;0.229079947;1.140671664;1.512537778
2019-12-04 13:00;0.943205062;1.273733098;2.355152551
2019-12-04 14:00;0.656651483;-0.437995198;3.657593136
2019-12-04 15:00;1.130023664;0.072190968;2.721495392
2019-12-04 16:00;0.26514371;-0.426985317;2.486907302
2019-12-04 17:00;-0.685311859;-0.343781135;4.01828731
2019-12-04 18:00;0.484904931;-0.512174539;1.946764785
2019-12-04 19:00;0.681030066;-1.279958327;1.387492601
2019-12-04 20:00;-1.663043251;-1.110371236;2.6932274
2019-12-04 21:00;-2.033046461;-2.921407821;2.865234611
2019-12-04 22:00;-4.531362704;-2.974433327;0.585521538
2019-12-04 23:00;-5.374443142;-2.762650905;1.122211197
2019-12-05 00:00;-4.90433671;-0.657396618;0.659439212
2019-12-05 01:00;-4.000050151;-1.646939077;0.484215866
2019-12-05 02:00;-2.798117909;-1.093985799;-0.603602119
2019-12-05 03:00;-2.45249843;-0.115118581;-1.518888516
2019-12-05 04:00;-2.809642482;0.222797275;-2.063605495
2019-12-05 05:00;-0.483805719;0.283791348;-0.365038152
2019-12-05 06:00;0.71638095;1.593535562;-1.677136047
2019-12-05 07:00;1.30894398;1.27195674;-1.462381413
2019-12-05 08:00;2.373279634;-0.410520751;-1.599280276
2019-12-05 09:00;-0.739466553;-2.146598125;-1.151066585
2019-12-05 10:00;-1.216073398;-1.699789809;0.638539123
2019-12-05 11:00;-1.524182584;-1.120940086;2.162732589
2019-12-05 12:00;-0.251275857;-0.521782456;1.892846146
2019-12-05 13:00;-1.310894477;0.237122535;2.213234037
2019-12-05 14:00;-0.241492972;0.055500175;2.095425114
2019-12-05 15:00;2.208313456;1.547542763;0.493746899
2019-12-05 16:00;2.219405928;-0.079714182;-0.900793498
2019-12-05 17:00;-0.63761656;0.280957158;-1.80049274
2019-12-05 18:00;-0.786776718;-0.373438259;-0.65237647
2019-12-05 19:00;-0.823652056;1.622540979;0.702619577
2019-12-05 20:00;2.159683663;2.533982212;0.571167961
2019-12-05 21:00;1.782999478;0.86706981;-0.584679204
2019-12-05 22:00;2.093357342;0.688627334;0.120318371
2019-12-05 23:00;0.93601393;-1.170697089;1.539923189
2019-12-06 00:00;0.239004728;-1.20241986;0.527681082
2019-12-06 01:00;-1.14388204;-1.855903192;0.155013346
2019-12-06 02:00;-0.909266052;-1.345644081;-0.339154219
2019-12-06 03:00;-1.290100688;-1.367744288;1.183804632
2019-12-06 04:00;-2.225038571;0.09985438;0.209440056
2019-12-06 05:00;-1.234705648;0.241671878;-1.615568919
2019-12-06 06:00;-0.634387278;1.037313906;-1.92169999
2019-12-06 07:00;2.294515381;-1.545700857;-0.652013239
2019-12-06 08:00;2.732549332;-2.371458895;-0.834249957
2019-12-06 09:00;0.575034217;-1.871598866;-0.699476031
2019-12-06 10:00;-1.340657468;-0.923637496;-2.292511009
2019-12-06 11:00;-0.776248132;0.608731164;-3.637939751
2019-12-06 12:00;-0.447423681;0.563378682;-2.311088831
2019-12-06 13:00;-1.146394885;-1.422098176;-1.484812832
2019-12-06 14:00;-2.266704064;-2.249597263;-1.170713783
2019-12-06 15:00;-0.911473969;-1.704313584;0.756357159
2019-12-06 16:00;-1.3256383;-2.821984858;0.629380532
2019-12-06 17:00;-2.258560227;-0.799136209;2.406954646
2019-12-06 18:00;-1.899964504;-0.886479022;2.055196213
2019-12-06 19:00;-3.194043508;-1.141203664;3.174455801
2019-12-06 20:00;-1.282628412;0.488289257;2.963274059
2019-12-06 21:00;1.141412312;-0.221782043;2.260335766
2019-12-06 22:00;-0.141305931;-0.321345206;1.943352289
2019-12-06 23:00;-1.909043967;-1.450602659;1.593511598
2019-12-07 00:00;-3.369345746;-1.138206829;0.929151159
2019-12-07 01:00;-2.206617186;-1.285061754;0.546796522
2019-12-07 02:00;-0.742178762;-0.00946136;0.511686576
2019-12-07 03:00;-2.101068503;0.868149004;1.013636572
2019-12-07 04:00;0.521966719;-0.212371849;0.703269174
2019-12-07 05:00;-0.342510679;-0.526817443;0.930466084
2019-12-07 06:00;0.498974687;0.857680027;0.512512261
2019-12-07 07:00;0.056069564;2.31199269;-0.743099185
2019-12-07 08:00;2.600993932;0.429920275;-0.1388554
2019-12-07 09:00;3.270911092;1.48847051;-1.741013189
2019-12-07 10:00;4.336235284;2.484402267;-3.310459662
2019-12-07 11:00;4.664648482;1.38741352;-3.416400857
2019-12-07 12:00;3.447320714;0.994830006;-2.297199155
2019-12-07 13:00;2.831755334;-0.549212237;-2.175433774
2019-12-07 14:00;1.881720764;-1.317333289;-1.696160825
2019-12-07 15:00;-0.052716355;-0.109219309;-1.339709916
2019-12-07 16:00;0.543418874;0.837018049;-2.31493378
2019-12-07 17:00;1.427232;1.435773113;-3.097976739
2019-12-07 18:00;3.508787721;2.094986995;-2.932778116
2019-12-07 19:00;3.97367524;0.430418634;-0.885142966
2019-12-07 20:00;2.207292264;1.440261774;-1.196180285
2019-12-07 21:00;3.146864433;1.073620996;-0.730443517
2019-12-07 22:00;1.368915323;0.647625499;-0.371468899
2019-12-07 23:00;0.005133599;-0.346541481;-0.870334061
2019-12-08 00:00;1.223933198;-1.367570218;-0.706440655
2019-12-08 01:00;-0.947026974;-2.933522985;-1.555916095
2019-12-08 02:00;-2.582547879;-3.176706053;-2.811361523
2019-12-08 03:00;-1.953125691;-1.83732531;-3.292726777
2019-12-08 04:00;-2.32298097;-0.648939853;-4.034681889
2019-12-08 05:00;-1.079957435;-1.032232951;-4.815151543
2019-12-08 06:00;-1.014694082;-1.347356904;-5.193395594
2019-12-08 07:00;-1.416138766;-2.129004014;-3.755378492
2019-12-08 08:00;-1.71572631;-2.13483603;-2.086777011
2019-12-08 09:00;-2.875260366;-2.957325381;-1.439005779
2019-12-08 10:00;-5.150219579;-1.41831358;0.393911853
2019-12-08 11:00;-4.214150435;-0.714566831;1.887014405
2019-12-08 12:00;-1.831527229;0.769465661;1.799190546
2019-12-08 13:00;1.06370088;2.421225795;-0.702169964
2019-12-08 14:00;4.229756136;2.00858431;-0.048668752
2019-12-08 15:00;2.856059646;0.406616769;0.419356506
2019-12-08 16:00;3.201441303;-1.178751365;0.146127952
2019-12-08 17:00;-0.355659762;-3.216064259;-1.254854935
2019-12-08 18:00;-2.587807661;-2.874690443;-2.819396969
2019-12-08 19:00;-3.404448789;-3.222758451;-0.333257629
2019-12-08 20:00;-3.140268396;-1.894802681;0.818407288
2019-12-08 21:00;-3.760332159;-1.766402498;1.099055338
2019-12-08 22:00;-2.840338363;-2.09122021;3.293471716
2019-12-08 23:00;-1.378743208;-0.581848084;2.861298701
2019-12-09 00:00;-2.469122616;0.097712818;1.982758518
2019-12-09 01:00;-2.144186184;-0.744627839;1.668750477
2019-12-09 02:00;-1.809881667;0.272567422;0.477883682
2019-12-09 03:00;-2.132350114;1.958173699;0.302926581
2019-12-09 04:00;-0.276676147;1.727423424;-0.690610559
2019-12-09 05:00;2.989181404;1.244913867;-0.899452753
2019-12-09 06:00;1.651427696;1.9600606;0.001501041
2019-12-09 07:00;0.201099609;1.104363664;-0.532147186
2019-12-09 08:00;0.513122865;1.143307727;-1.515454254
2019-12-09 09:00;1.59868423;-0.275289068;0.583298685
2019-12-09 10:00;0.165918345;0.444366068;0.079103254
2019-12-09 11:00;0.507363064;3.530727791;-0.334059007
2019-12-09 12:00;1.619839375;3.472660245;1.481649931
2019-12-09 13:00;2.622724654;1.65697532;1.791280982
2019-12-09 14:00;1.871927662;0.96694027;0.34071941
2019-12-09 15:00;1.895308807;1.59461576;0.865963099
2019-12-09 16:00;1.330520104;1.178969007;1.378066432
2019-12-09 17:00;0.429034365;3.013893307;2.275149221
2019-12-09 18:00;1.574267142;1.766248304;1.557247695
2019-12-09 19:00;2.575330119;2.399507006;0.790006789
2019-12-09 20:00;3.229234219;0.680770721;-0.051705915
2019-12-09 21:00;1.591769404;0.947101736;-1.558824507
2019-12-09 22:00;1.949188941;2.197689577;-0.906302024
2019-12-09 23:00;3.867731297;1.955634674;0.482262532
2019-12-10 00:00;2.894622965;1.661861654;1.995979808
2019-12-10 01:00;2.451806648;0.765727675;0.291549365
2019-12-10 02:00;1.047656761;0.062542632;1.259943284
2019-12-10 03:00;1.36780107;-0.377391021;1.175809965
2019-12-10 04:00;0.688302069;0.953180927;-1.538896861
2019-12-10 05:00;0.139967157;0.340426107;-1.140109002
2019-12-10 06:00;1.447445155;-0.16322438;-1.983168423
2019-12-10 07:00;-0.111177302;1.003653911;-0.201763425
2019-12-10 08:00;0.467568375;2.117070071;-0.400663056
2019-12-10 09:00;1.401569328;0.238256643;0.375928494
2019-12-10 10:00;0.79704207;2.564325931;-0.591778766
2019-12-10 11:00;2.127715976;-0.344318183;-0.19529179
2019-12-10 12:00;2.183809017;-1.851432371;1.430983586
2019-12-10 13:00;-1.153627522;-1.814860325;-0.080274854
2019-12-10 14:00;-1.053235944;-1.385276851;0.142055366
2019-12-10 15:00;-1.698503715;-1.213323124;0.20534968
2019-12-10 16:00;-0.650389015;-0.020447651;0.609856633
2019-12-10 17:00;-1.551900404;-0.834298196;-0.238413244
2019-12-10 18:00;-1.046649188;-1.666164674;-0.992443162
2019-12-10 19:00;-2.658096128;-2.089326496;-1.857512775
2019-12-10 20:00;-2.168774529;-0.860328811;-2.536860686
2019-12-10 21:00;0.705158625;-0.688945985;-0.08898184
2019-12-10 22:00;-0.729614426;-0.882003119;-0.098414902
2019-12-10 23:00;-1.515065043;-0.656504735;-0.234126696
2019-12-11 00:00;-2.107041846;-0.313818292;-0.438455923
2019-12-11 01:00;0.151603136;-0.821850039;-0.210540539
2019-12-11 02:00;-0.988290872;0.265667;-0.489332413
2019-12-11 03:00;-1.770199202;0.698961943;-1.170441194
2019-12-11 04:00;0.026923622;-1.916090927;-1.185637764
2019-12-11 05:00;-3.02165413;-1.111264628;-1.480114803
2019-12-11 06:00;-0.772221077;-0.225255527;-1.265854627
2019-12-11 07:00;-1.004612366;-0.643577743;-1.045692424
2019-12-11 08:00;1.153606399;-0.519454105;-0.96722675
2019-12-11 09:00;1.830112372;-2.343460223;-0.46402929
2019-12-11 10:00;-0.159965042;-0.486528657;-0.285743625
2019-12-11 11:00;0.318052397;0.283044131;-0.55691365
2019-12-11 12:00;-0.132280364;1.198636488;-0.198461261
2019-12-11 13:00;2.834604127;1.498916996;-0.173961284
2019-12-11 14:00;2.750878859;0.229465189;0.544094233
2019-12-11 15:00;0.762921709;0.066855911;0.198499089
2019-12-11 16:00;-0.969411834;-1.216731848;0.248648314
2019-12-11 17:00;-1.042684356;0.410048247;-0.296750371
2019-12-11 18:00;0.281248631;-0.133339229;-1.488671376
2019-12-11 19:00;1.942073888;-0.199214343;-0.61024503
2019-12-11 20:00;1.022316874;-1.529908986;0.533442024
2019-12-11 21:00;0.468308427;0.29313349;2.06048729
2019-12-11 22:00;0.55513809;0.947628173;2.445218244
2019-12-11 23:00;-0.015842736;1.881534799;3.944758758
2019-12-12 00:00;-0.04498589;2.504983274;1.168319506
2019-12-12 01:00;1.450605176;1.956523451;0.900252814
2019-12-12 02:00;1.729117027;1.635250907;1.032369117
2019-12-12 03:00;2.020767827;1.582535282;1.012670483
2019-12-12 04:00;1.735944318;3.409157148;3.001432079
2019-12-12 05:00;1.720896051;1.986167959;2.919257218
2019-12-12 06:00;2.04537617;1.647451181;1.702044755
2019-12-12 07:00;1.660530631;1.501029574;2.456148448
2019-12-12 08:00;1.19834762;2.439189679;0.797049863
2019-12-12 09:00;1.518707192;4.132033676;0.710534101
2019-12-12 10:00;1.702930763;2.933852517;1.908750801
2019-12-12 11:00;2.32691345;3.930051427;1.725925551
2019-12-12 12:00;2.845694051;3.204192461;2.263636899
2019-12-12 13:00;2.567372067;3.800570997;1.733857188
2019-12-12 14:00;4.038760112;2.3555156;1.482645765
2019-12-12 15:00;4.649762144;0.781283169;2.010087565
2019-12-12 16:00;4.07748057;-0.036256454;-1.031735259
2019-12-12 17:00;1.622813709;-0.277175227;-1.063151412
2019-12-12 18:00;1.693025024;-1.079666454;-1.958973363
2019-12-12 19:00;0.217738384;-3.145135082;-2.244582733
2019-12-12 20:00;-2.008272495;-2.322148797;-2.626475622
2019-12-12 21:00;-3.268991217;-1.051868699;-1.160407497
2019-12-12 22:00;-1.608682849;-0.886674927;0.047041607
2019-12-12 23:00;-0.917994994;0.300419225;0.253608567
2019-12-13 00:00;2.013702957;0.696096163;-0.215578621
2019-12-13 01:00;2.258704916;0.947432151;-0.133707345
2019-12-13 02:00;2.40568894;1.076322968;-0.327146721
2019-12-13 03:00;2.495676324;0.588260432;-0.425290819
2019-12-13 04:00;2.613692493;1.078669909;-1.084475172
2019-12-13 05:00;2.902972611;0.10230064;-0.384145415
2019-12-13 06:00;2.009244772;-1.068154796;-0.284138596
2019-12-13 07:00;2.124668673;-2.060018419;-0.071610793
2019-12-13 08:00;0.350502535;-3.800840998;-2.640590853
2019-12-13 09:00;-2.20847316;-3.195769607;-3.108469916
2019-12-13 10:00;-3.350430067;-3.915244916;-4.537983265
2019-12-13 11:00;-1.953988886;-4.204201518;-3.4451645
2019-12-13 12:00;-1.74423578;-4.719511039;-3.153950875
2019-12-13 13:00;-4.488581532;-3.056869613;-3.902474757
2019-12-13 14:00;-3.61425915;-2.563104906;-4.895163318
2019-12-13 15:00;-4.273879351;-3.164610019;-2.903850257
2019-12-13 16:00;-4.752337731;-1.833328503;-3.020234191
2019-12-13 17:00;-3.841765008;-1.561306041;-3.097946652
2019-12-13 18:00;-3.195169689;0.323061706;-3.857253627
2019-12-13 19:00;-0.477578954;-0.644482114;-2.231487522
2019-12-13 20:00;-0.726659398;-1.358676744;-1.131719941
2019-12-13 21:00;-0.802053214;-1.505913185;-1.083518365
2019-12-13 22:00;-2.485054682;0.542300256;-1.103558413
2019-12-13 23:00;-0.332174824;0.901712237;-0.775838235
2019-12-14 00:00;1.381399121;-0.190658762;-0.96129031
2019-12-14 01:00;2.22740092;1.671279547;-0.00503915
2019-12-14 02:00;1.730006543;1.118322309;1.775470117
2019-12-14 03:00;-0.091874664;0.503242575;1.274960717
2019-12-14 04:00;-1.014220586;-1.51051312;0.089630829
2019-12-14 05:00;-2.24158882;-1.36346327;-0.984833188
2019-12-14 06:00;-1.365509623;-0.351886916;0.77625312
2019-12-14 07:00;-1.954828474;0.192026714;0.97370424
2019-12-14 08:00;-0.854124119;1.228220539;1.102974604
2019-12-14 09:00;1.396028721;2.963976108;1.13487379
2019-12-14 10:00;2.989055129;3.072988488;0.443609472
2019-12-14 11:00;5.648041618;2.272801692;0.199473882
2019-12-14 12:00;4.494471476;2.850692911;-0.642846945
2019-12-14 13:00;4.263390583;2.51716533;-0.16684871
2019-12-14 14:00;3.380608677;2.722426901;-1.586124493
2019-12-14 15:00;3.562553571;1.459475761;-1.784144794
2019-12-14 16:00;3.274725021;0.934158427;-0.977013278
2019-12-14 17:00;1.72630292;-0.8522589;-1.207247575
2019-12-14 18:00;0.439566505;-1.994449467;-1.20412661
2019-12-14 19:00;-1.397143446;-1.356550351;0.020998389
2019-12-14 20:00;-2.305439464;0.400248496;1.759064096
2019-12-14 21:00;-0.430727509;1.102291185;0.234991067
2019-12-14 22:00;0.007414753;4.081774242;0.154082885
2019-12-14 23:00;4.88794221;3.413005185;1.185608801
2019-12-15 00:00;4.286147532;1.861861307;-0.224098205
2019-12-15 01:00;2.182579521;1.786026908;0.384120664
2019-12-15 02:00;1.698913855;2.602397318;0.90385455
2019-12-15 03:00;0.699984334;2.215316511;-0.523474354
2019-12-15 04:00;3.620802567;3.245251373;0.072034747
2019-12-15 05:00;3.497230819;3.333096917;-0.667556595
2019-12-15 06:00;3.621809456;2.141564588;-1.523242346
2019-12-15 07:00;3.512115701;1.335299304;-1.19210391
2019-12-15 08:00;2.725797123;0.410763048;-1.607183626
2019-12-15 09:00;2.269015536;0.53451907;-1.985360648
2019-12-15 10:00;1.004571235;0.317843342;-0.369427959
2019-12-15 11:00;0.439735681;1.519029638;1.587161748
2019-12-15 12:00;1.224741314;0.919857296;1.558801561
2019-12-15 13:00;0.82640193;0.140650314;3.01836096
2019-12-15 14:00;-0.028039841;0.447361802;1.785555609
2019-12-15 15:00;1.241202696;0.993235584;3.231785222
2019-12-15 16:00;1.388543478;1.821450489;3.230232989
2019-12-15 17:00;1.217345074;1.087784569;0.784863605
2019-12-15 18:00;0.913570777;-0.156762923;0.676437345
2019-12-15 19:00;1.774618287;-1.006765712;-0.840699161
2019-12-15 20:00;-0.492866647;-1.454434372;-1.853952948
2019-12-15 21:00;0.550322269;-0.010624908;-3.142743072
2019-12-15 22:00;2.162767104;-0.647884317;-3.106570563
2019-12-15 23:00;0.627691679;-1.581574698;-1.834513632
2019-12-16 00:00;-1.2395602;-1.361627034;0.15829094
2019-12-16 01:00;-2.496296069;-0.486369035;0.959862761
2019-12-16 02:00;-2.381650515;0.159598713;1.50368495
2019-12-16 03:00;-1.152188232;-0.863590063;2.966235981
2019-12-16 04:00;-0.438734004;0.320836807;2.484784022
2019-12-16 05:00;-0.591514225;-0.003563455;0.290229948
2019-12-16 06:00;-1.537540164;-0.622893168;1.606665244
2019-12-16 07:00;-1.71777672;-1.64445745;-0.140453371
2019-12-16 08:00;-3.580231387;-2.51851804;0.577162199
2019-12-16 09:00;-3.261428777;-0.809874753;0.295762888
2019-12-16 10:00;-1.028304681;-3.913675209;1.064960867
2019-12-16 11:00;-1.445674422;-2.301703477;1.177744497
2019-12-16 12:00;-2.871376936;-1.810210724;2.429917739
2019-12-16 13:00;-1.368890919;-0.644309364;1.236827349
2019-12-16 14:00;-0.945822565;-0.37067984;1.397571529
2019-12-16 15:00;-1.593960779;-0.453891957;2.192018956
2019-12-16 16:00;-2.220274784;0.7882985;0.616645539
2019-12-16 17:00;-0.675404011;-0.446236959;-0.006665948
2019-12-16 18:00;-0.659585129;0.597219217;-1.175396247
2019-12-16 19:00;1.601685258;1.00626377;-1.277338811
2019-12-16 20:00;1.855220297;1.2364463;-2.02802426
2019-12-16 21:00;1.40259557;2.097979922;-1.309544314
2019-12-16 22:00;2.019721242;1.799494514;-1.776458889
2019-12-16 23:00;3.27825068;1.575991869;-2.691158322
2019-12-17 00:00;3.470453676;2.17943733;-2.473272898
2019-12-17 01:00;2.000330726;0.780169358;-2.477658314
2019-12-17 02:00;2.196020642;0.56802085;-3.166347144
2019-12-17 03:00;1.756103693;0.361007466;-1.683826242
2019-12-17 04:00;2.87103615;2.146321305;-2.275054494
2019-12-17 05:00;3.399010989;0.503314051;-0.295336003
2019-12-17 06:00;3.601796589;-0.36518501;-0.098224792
2019-12-17 07:00;1.949185699;-0.331990794;1.168036532
2019-12-17 08:00;0.633795799;-0.403864502;0.265550113
2019-12-17 09:00;0.911114784;-0.972056436;1.327960005
2019-12-17 10:00;0.695590742;0.677534944;0.289631633
2019-12-17 11:00;0.086314192;0.092852446;-0.149345524
2019-12-17 12:00;-2.771485612;0.574123608;-0.278357438
2019-12-17 13:00;-0.266862226;-1.108879034;-0.178573257
2019-12-17 14:00;-0.54641254;1.044253409;0.511666346
2019-12-17 15:00;0.227568964;0.553105086;-0.77339789
2019-12-17 16:00;-1.377869213;-0.40627443;-0.768505641
2019-12-17 17:00;-0.31130611;-2.462342967;0.483463547
2019-12-17 18:00;-1.080068779;-1.480263199;-0.764983533
2019-12-17 19:00;-1.29308021;0.39465171;0.389786006
2019-12-17 20:00;0.322028139;-1.340484653;0.259168285
2019-12-17 21:00;-0.253034754;-0.622299481;0.763678451
2019-12-17 22:00;-0.354570132;-0.439717292;-0.01599369
2019-12-17 23:00;0.621186225;-0.522924731;1.499331873
2019-12-18 00:00;1.02663312;0.583603763;1.953690959
2019-12-18 01:00;1.663866034;0.769354299;2.290911157
2019-12-18 02:00;2.559563907;2.990446602;2.811551002
2019-12-18 03:00;4.454072601;4.998972228;1.873912518
2019-12-18 04:00;5.858245111;1.903065338;4.207374886
2019-12-18 05:00;4.783908456;1.410277076;1.170503563
2019-12-18 06:00;2.978883868;1.511819649;2.289409847
2019-12-18 07:00;1.747054712;1.233827391;0.456543322
2019-12-18 08:00;1.854876069;0.599844109;0.953820606
2019-12-18 09:00;1.587470717;1.055220724;0.676201425
2019-12-18 10:00;2.456846186;0.772653015;0.190357371
2019-12-18 11:00;1.566577359;-0.477507102;-0.866353788
2019-12-18 12:00;0.416413528;-1.117121506;-2.289590159
2019-12-18 13:00;1.605899053;-0.782148069;-2.483850614
2019-12-18 14:00;-2.20307278;0.530895963;-1.107717432
2019-12-18 15:00;-1.13607153;0.202201097;-1.593938328
2019-12-18 16:00;0.928307508;-0.671600091;-1.233877232
2019-12-18 17:00;1.036026804;0.65460624;-1.646709193
2019-12-18 18:00;1.582756106;1.939708181;-0.695467074
2019-12-18 19:00;3.992690936;-0.181916546;-2.953918346
2019-12-18 20:00;2.30758514;-1.348534672;-3.426002943
2019-12-18 21:00;-1.154132199;0.106663191;-3.874856607
2019-12-18 22:00;0.127420546;-0.866663311;-3.786261431
2019-12-18 23:00;0.230649272;-0.334451978;-2.484162781
2019-12-19 00:00;-0.113555223;-0.272744466;-0.896879883
2019-12-19 01:00;0.710743859;0.368163922;-0.088075311
2019-12-19 02:00;-0.338475922;0.894456428;0.024517034
2019-12-19 03:00;1.89704524;0.116653913;0.0873826
2019-12-19 04:00;-0.286400258;0.912226308;-0.440628759
2019-12-19 05:00;0.812362677;0.537702054;0.646482075
2019-12-19 06:00;0.123490633;1.110444665;1.679270678
2019-12-19 07:00;0.697315837;1.345028362;1.785618935
2019-12-19 08:00;-0.153500199;0.70756402;0.55491177
2019-12-19 09:00;0.581697938;0.862063387;-0.633542269
2019-12-19 10:00;-0.372158492;2.38585821;0.179995243
2019-12-19 11:00;0.108714296;2.567421564;0.660428583
2019-12-19 12:00;1.268629158;2.985520001;-0.379767499
2019-12-19 13:00;3.739596316;2.19879298;-1.889613221
2019-12-19 14:00;4.483801935;3.657689055;-1.582138448
2019-12-19 15:00;6.626835653;3.044658739;-0.369122191
2019-12-19 16:00;5.498880301;3.777845109;-0.017152715
2019-12-19 17:00;4.81370319;2.226619492;-2.04610151
2019-12-19 18:00;3.984954836;0.024104328;-2.204954899
2019-12-19 19:00;1.765239461;-0.297990482;-2.028707775
2019-12-19 20:00;3.482991221;1.006286782;-0.575918079
2019-12-19 21:00;1.854559396;-0.216646953;-1.198017261
2019-12-19 22:00;-0.206649345;-0.05697826;-0.995036191
2019-12-19 23:00;0.355958265;-0.745471319;-0.497524333
2019-12-20 00:00;0.903875868;-0.881287792;1.423741093
2019-12-20 01:00;-0.901042773;2.132773675;1.093729066
2019-12-20 02:00;2.349269294;1.776867014;-1.025141452
2019-12-20 03:00;3.332076915;2.555161471;-0.746677822
2019-12-20 04:00;6.168170607;1.053869217;-0.293233802
2019-12-20 05:00;3.492507312;0.272481137;0.393050388
2019-12-20 06:00;1.972095332;0.57871858;-1.441609053
2019-12-20 07:00;1.74942979;-1.584807762;0.156713433
2019-12-20 08:00;-0.984530043;-1.093441698;0.543254439
2019-12-20 09:00;2.033496518;-0.587327749;0.067193537
2019-12-20 10:00;-0.141264469;0.220630837;0.231390804
2019-12-20 11:00;0.069786726;-0.524759728;-0.23106848
2019-12-20 12:00;-0.434958637;-0.486150037;-1.20351062
2019-12-20 13:00;-0.379841485;0.296657654;1.064664112
2019-12-20 14:00;2.234197969;-0.593035114;-0.080127025
2019-12-20 15:00;-1.484040768;-0.109869087;0.943887659
2019-12-20 16:00;-0.227777277;-0.009669236;0.226445162
2019-12-20 17:00;0.330239014;0.055005992;1.747923762
2019-12-20 18:00;1.996093253;-0.317614473;2.712495424
2019-12-20 19:00;0.1478905;0.231385403;4.96962818
2019-12-20 20:00;-0.579050744;1.253118032;4.649129321
2019-12-20 21:00;0.758289088;2.184701092;4.807390902
2019-12-20 22:00;-0.890257358;2.785776144;3.923771142
2019-12-20 23:00;0.889231171;1.062751024;2.616539839
2019-12-21 00:00;0.7754431;0.767652906;3.095367031
2019-12-21 01:00;0.809891119;1.32424414;1.668281623
2019-12-21 02:00;1.358044722;1.98616972;0.890776537
2019-12-21 03:00;2.979993703;0.807396601;2.170916288
2019-12-21 04:00;1.977573807;1.157427287;1.400519071
2019-12-21 05:00;0.029864222;0.659238937;0.981642221
2019-12-21 06:00;0.855278499;1.228961269;1.016227131
2019-12-21 07:00;1.34637699;0.820335439;1.043156213
2019-12-21 08:00;-0.367027615;0.65320879;1.476419508
2019-12-21 09:00;0.138422496;0.657834497;0.972018677
2019-12-21 10:00;0.123471238;1.549168091;0.060552734
2019-12-21 11:00;0.353072254;0.351914866;-2.525081773
2019-12-21 12:00;0.643367556;-1.503284101;-1.235174396
2019-12-21 13:00;-0.609064148;-2.131203818;1.607195117
2019-12-21 14:00;-1.091305703;-0.858805246;0.220234936
2019-12-21 15:00;-0.167499818;-0.318841414;1.34185348
2019-12-21 16:00;-0.927559276;0.173510436;-0.273205517
2019-12-21 17:00;-1.190268454;-2.210627588;0.312045789
2019-12-21 18:00;-1.342590169;-1.04075408;0.735736303
2019-12-21 19:00;-1.107886295;0.640039622;0.978876747
2019-12-21 20:00;-1.077363547;0.251768512;0.088184698
2019-12-21 21:00;-0.744271116;-0.783946166;-1.666888914
2019-12-21 22:00;-1.262751215;0.198566527;0.011799996
2019-12-21 23:00;-0.919109233;0.231108482;0.952564869
2019-12-22 00:00;-1.07915251;0.80732653;-0.504416883
2019-12-22 01:00;-0.047153983;1.435741172;-0.410731267
2019-12-22 02:00;0.588492967;-0.219878055;-0.194911838
2019-12-22 03:00;0.928248188;-1.049038047;0.469034929
2019-12-22 04:00;-0.566581945;-0.939729843;-0.440836855
2019-12-22 05:00;-0.39415169;-0.138952857;-0.57431024
2019-12-22 06:00;1.136218334;-1.333782033;-1.348248766
2019-12-22 07:00;0.213742365;-2.262934162;-0.31735863
2019-12-22 08:00;-2.38969886;-1.242263678;-1.064296184
2019-12-22 09:00;0.533036961;-1.009141607;0.368978669
2019-12-22 10:00;1.579199951;-1.360709517;0.160020873
2019-12-22 11:00;-0.518260204;0.298914458;-1.129717899
2019-12-22 12:00;-0.262983001;0.19029948;-3.09686639
2019-12-22 13:00;1.338620389;0.935167887;-1.72337189
2019-12-22 14:00;3.130520583;-2.085420738;-1.742903733
2019-12-22 15:00;1.302402163;-1.262439347;-1.681830109
2019-12-22 16:00;-0.052309195;-1.015809044;-0.584859337
2019-12-22 17:00;-0.600821653;0.78421954;0.451928711
2019-12-22 18:00;-0.425328379;0.737560658;-0.833414694
2019-12-22 19:00;1.831205336;1.784432861;-1.989427596
2019-12-22 20:00;-1.032254129;2.540172189;0.298392099
2019-12-22 21:00;1.941068765;3.119020192;-0.806733061
2019-12-22 22:00;4.089675416;1.326195419;-0.689780835
2019-12-22 23:00;1.530862648;1.630762774;-1.292507374
2019-12-23 00:00;3.578700021;2.483485288;-1.95418066
2019-12-23 01:00;2.022987864;1.666207313;-2.836118196
2019-12-23 02:00;3.030159395;0.261947577;-2.210436936
2019-12-23 03:00;2.721742701;-0.421702921;-0.520297075
2019-12-23 04:00;-0.869576669;-0.941730255;-0.99920811
2019-12-23 05:00;-1.480532661;-2.369058404;-0.324886013
2019-12-23 06:00;-2.740471945;-2.128387954;-1.329554208
2019-12-23 07:00;-2.109501363;-1.024693953;-1.758243308
2019-12-23 08:00;-1.273172035;-1.740046931;-1.100368359
2019-12-23 09:00;-3.529201177;-2.014707273;0.92103919
2019-12-23 10:00;-3.042060366;-1.62429718;0.32865138
2019-12-23 11:00;-1.887688615;-0.875704879;1.418224177
2019-12-23 12:00;0.234257717;-0.708372259;2.049897737
2019-12-23 13:00;-0.747873972;-0.797011354;1.971180824
2019-12-23 14:00;0.418112602;-1.200372772;1.664189496
2019-12-23 15:00;-1.247793639;0.132764896;1.690149615
2019-12-23 16:00;-0.630286628;-1.959865167;0.698200401
2019-12-23 17:00;-0.955075886;-1.522988956;0.240769984
2019-12-23 18:00;-0.123151606;0.549364161;0.484916
2019-12-23 19:00;-0.318772758;1.333699337;0.976127816
2019-12-23 20:00;0.123751599;2.134325853;-0.880776042
2019-12-23 21:00;0.964997081;0.227257008;1.291112736
2019-12-23 22:00;0.457568842;1.653733878;-0.670032579
2019-12-23 23:00;0.487499307;1.586365494;-2.532987062
2019-12-24 00:00;1.437871872;-1.250013721;-1.581464975
2019-12-24 01:00;1.494177122;-1.797433962;-0.71326925
2019-12-24 02:00;0.563160865;-3.158866138;-1.10059266
2019-12-24 03:00;-3.204165693;-3.691468086;0.954708511
2019-12-24 04:00;-3.214213605;-2.165825601;0.95993903
2019-12-24 05:00;-3.27553902;-1.838639768;0.632263927
2019-12-24 06:00;-2.762265865;-1.323153442;0.076464622
2019-12-24 07:00;-3.058780507;0.42466335;-0.175736857
2019-12-24 08:00;-0.603524869;0.555756768;0.609766611
2019-12-24 09:00;-0.43291882;-0.426355602;2.139141207
2019-12-24 10:00;-0.558472842;1.085891648;2.094950319
2019-12-24 11:00;1.267823661;1.111868708;1.756189336
2019-12-24 12:00;0.483355567;2.765623879;0.751093181
2019-12-24 13:00;1.703235675;1.635454223;1.387928492
2019-12-24 14:00;3.751332572;1.942252302;-0.400310369
2019-12-24 15:00;3.768718166;1.037845321;-0.02000455
2019-12-24 16:00;2.863574416;-0.21121239;-0.374926775
2019-12-24 17:00;2.84842435;2.346184399;-0.943857919
2019-12-24 18:00;3.446004168;1.31599836;-0.370101761
2019-12-24 19:00;0.432094675;1.139091309;-1.822860641
2019-12-24 20:00;0.314783975;1.899170746;-2.037734573
2019-12-24 21:00;0.74086164;0.833976478;-1.006375742
2019-12-24 22:00;0.843086046;0.29207886;-1.237735701
2019-12-24 23:00;-0.524942607;-0.584688213;-1.617842422
2019-12-25 00:00;-0.233836016;-0.176742864;-1.397121735
2019-12-25 01:00;-0.990687605;-0.493617979;-0.354766262
2019-12-25 02:00;-0.569770799;0.13128254;0.046744588
2019-12-25 03:00;0.341644797;0.370520277;0.525204511
2019-12-25 04:00;-1.270127661;0.624918751;0.38322735
2019-12-25 05:00;0.472310236;0.709711261;1.838995601
2019-12-25 06:00;1.836541772;1.207815087;1.707799362
2019-12-25 07:00;4.238789185;0.473075415;-0.641700987
2019-12-25 08:00;3.932044537;1.238295876;-1.416138297
2019-12-25 09:00;2.840763817;1.765165778;-1.216179942
2019-12-25 10:00;1.831626575;0.871425636;-1.855311284
2019-12-25 11:00;2.788227462;-0.729825687;-0.370134236
2019-12-25 12:00;0.340857872;-0.011294999;-0.013595704
2019-12-25 13:00;1.079868272;-0.853423693;0.793376382
2019-12-25 14:00;1.133886196;-1.00236224;0.707084592
2019-12-25 15:00;1.236435804;-0.380664443;2.125267914
2019-12-25 16:00;-1.34177635;-0.078260383;2.215140397
2019-12-25 17:00;-1.839307774;1.479608673;2.213335083
2019-12-25 18:00;0.68746794;2.700739583;0.031168163
2019-12-25 19:00;2.541383644;1.821338108;-0.030646588
2019-12-25 20:00;3.750214792;0.473110443;0.430651455
2019-12-25 21:00;0.611395564;1.486749707;0.370986205
2019-12-25 22:00;2.013090449;2.03119952;-0.247703695
2019-12-25 23:00;3.25568962;0.61651188;1.666292424
2019-12-26 00:00;2.319207966;0.474453677;0.858392461
2019-12-26 01:00;0.516318119;1.579725246;1.212567355
2019-12-26 02:00;1.048802495;0.478973161;1.683849621
2019-12-26 03:00;2.688983563;0.497118943;3.033458534
2019-12-26 04:00;0.362913923;1.460935525;0.642577239
2019-12-26 05:00;2.030030217;2.227308502;0.253099616
2019-12-26 06:00;3.456775552;2.411369478;0.519724324
2019-12-26 07:00;3.262224794;2.311481494;0.85632043
2019-12-26 08:00;2.330932971;1.866888281;0.684841324
2019-12-26 09:00;1.369389034;0.979674493;3.448420124
2019-12-26 10:00;0.882575061;1.027094112;4.644942113
2019-12-26 11:00;-0.345292116;1.696723298;3.250633502
2019-12-26 12:00;1.404975419;1.759634282;3.136897744
2019-12-26 13:00;2.893235712;0.961124575;2.559859876
2019-12-26 14:00;1.435857556;0.484432173;1.718961899
2019-12-26 15:00;-0.454916803;-0.395766683;2.439618799
2019-12-26 16:00;-0.128144028;0.519399465;0.882684383
2019-12-26 17:00;0.434017919;1.407413362;1.344910776
2019-12-26 18:00;1.598842288;1.980506677;-0.019254282
2019-12-26 19:00;2.960870459;0.79463711;0.57482205
2019-12-26 20:00;1.216385147;-0.326855815;-0.226630758
2019-12-26 21:00;-0.036242839;-2.159979947;0.000256106
2019-12-26 22:00;-1.806502739;-0.488565851;-0.887497667
2019-12-26 23:00;-0.676960954;-1.123783041;-2.499862519
2019-12-27 00:00;-0.213887469;-1.966183188;-2.164792368
2019-12-27 01:00;-0.597133887;-0.2382133;-0.510417141
2019-12-27 02:00;-1.219664918;-2.603334672;-0.865307949
2019-12-27 03:00;-1.457523883;-0.640740483;0.595515679
2019-12-27 04:00;-1.140393502;-1.673733593;-0.215278514
2019-12-27 05:00;-2.476813718;-2.497650687;0.065548913
2019-12-27 06:00;-3.375109518;-0.890161815;1.212424844
2019-12-27 07:00;-2.209433336;-0.6007544;-0.903502466
2019-12-27 08:00;-1.511157473;-0.410757758;-2.206463779
2019-12-27 09:00;-3.028841205;-0.489273669;-1.027822226
2019-12-27 10:00;-2.220726732;0.248000187;0.192440698
2019-12-27 11:00;1.071493687;-0.912243441;0.484452549
2019-12-27 12:00;-0.619559741;0.021553873;-0.271777351
2019-12-27 13:00;-0.979732671;-0.426260877;-1.539323631
2019-12-27 14:00;0.617152504;-1.308385805;-1.30685914
2019-12-27 15:00;-2.098552152;-1.848986244;0.542630957
2019-12-27 16:00;-2.00327962;-0.871009869;-0.065137394
2019-12-27 17:00;-1.632112607;-1.704398694;0.11074482
2019-12-27 18:00;-1.828442606;-1.496670559;-1.498479299
2019-12-27 19:00;-1.09757292;-1.189768621;-1.332258923
2019-12-27 20:00;-2.421115567;-1.628197627;-1.033051427
2019-12-27 21:00;-2.445639537;-0.978199116;-0.610140178
2019-12-27 22:00;-2.656122266;-0.718597905;-0.451262546
2019-12-27 23:00;-2.778722085;1.25689716;-2.153188185
2019-12-28 00:00;-0.893525165;-0.057584167;-1.685035772
2019-12-28 01:00;-2.187686394;1.210736275;-2.603730595
2019-12-28 02:00;1.768963513;-0.021129862;0.449101118
2019-12-28 03:00;1.829791274;0.129379051;0.61100933
2019-12-28 04:00;0.185258631;-0.361513329;-0.987834034
2019-12-28 05:00;1.913042774;-0.055717113;-1.82592397
2019-12-28 06:00;0.568101053;-0.683645336;-2.682524241
2019-12-28 07:00;2.308947896;-1.317047415;-2.788502927
2019-12-28 08:00;0.176581229;-0.526128679;-1.624890513
2019-12-28 09:00;-0.708229944;-1.958005115;0.085837614
2019-12-28 10:00;-2.906773193;-1.665555821;1.951446241
2019-12-28 11:00;-2.452497013;-1.217701175;3.45442396
2019-12-28 12:00;-3.496690056;0.562247461;0.543181601
2019-12-28 13:00;-0.619611437;-1.059942294;0.311031517
2019-12-28 14:00;-1.561320288;-0.731978544;-0.726435033
2019-12-28 15:00;-1.651339653;-0.46424586;-0.557717207
2019-12-28 16:00;-0.171393542;0.239554927;-0.243164026
2019-12-28 17:00;0.443785416;-0.519152281;-0.021249113
2019-12-28 18:00;-0.136724205;-1.121142902;-1.800777393
2019-12-28 19:00;-1.046579645;2.320628268;-0.31925701
2019-12-28 20:00;1.042189129;0.550703147;0.173931641
2019-12-28 21:00;2.198881284;0.301355515;-0.23148407
2019-12-28 22:00;1.099420783;0.332174141;-0.354634494
2019-12-28 23:00;-0.386507775;0.79080925;1.023489875
2019-12-29 00:00;0.679382562;-0.70402463;2.601071909
2019-12-29 01:00;-2.121147548;-0.102300771;0.619736567
2019-12-29 02:00;-1.25899833;1.874659263;0.418234074
2019-12-29 03:00;-0.144735222;1.266798605;-0.512539392
2019-12-29 04:00;-0.355847992;-0.018525924;-1.627852515
2019-12-29 05:00;-0.32406987;-0.265110109;-2.852272569
2019-12-29 06:00;0.603940529;-0.090071856;-3.918489693
2019-12-29 07:00;-0.199181967;-1.279449348;-3.02936894
2019-12-29 08:00;0.542683259;-2.454400302;-3.251727904
2019-12-29 09:00;-1.215797078;-2.292057972;-2.700941647
2019-12-29 10:00;-3.034588752;-2.125782835;-1.202968857
2019-12-29 11:00;-2.214877366;-2.935717369;-0.802491146
2019-12-29 12:00;-3.087397588;-2.54561837;-1.561415589
2019-12-29 13:00;-3.065369255;-1.917359471;-0.992764055
2019-12-29 14:00;-2.884722096;-1.450923832;0.553933918
2019-12-29 15:00;-3.697068394;1.503350981;1.110864843
2019-12-29 16:00;-0.510515644;2.370990793;1.512055591
2019-12-29 17:00;2.145193078;0.266739476;0.21939424
2019-12-29 18:00;1.591805317;1.027686848;0.554673065
2019-12-29 19:00;3.054844589;2.129002708;0.13872396
2019-12-29 20:00;4.301390722;0.505146465;0.207978516
2019-12-29 21:00;2.785281958;2.119711121;-0.596431688
2019-12-29 22:00;2.458834035;2.387673675;-0.334709894
2019-12-29 23:00;0.203548293;1.515461652;-0.373683583
2019-12-30 00:00;3.036829636;1.546222595;0.346086868
2019-12-30 01:00;3.067167621;1.211199104;-0.234065518
2019-12-30 02:00;1.372215567;3.41754516;-0.10449926
2019-12-30 03:00;4.024188094;1.11275806;-0.936443817
2019-12-30 04:00;3.928862327;1.419982367;-0.514773782
2019-12-30 05:00;3.045495732;0.042084997;1.048310494
2019-12-30 06:00;3.000200085;0.940895581;1.585598345
2019-12-30 07:00;2.96486559;0.892719042;-0.204927802
2019-12-30 08:00;1.520034663;-0.395990174;-0.690867181
2019-12-30 09:00;1.508909187;-0.489807571;1.846460017
2019-12-30 10:00;0.104380276;-0.303638252;2.275738551
2019-12-30 11:00;-1.866363309;-0.70935579;2.074414994
2019-12-30 12:00;-0.696634832;-2.376416499;1.160596465
2019-12-30 13:00;-4.842541856;-1.049800749;0.173132163
2019-12-30 14:00;-4.157560971;-0.04501483;-0.380454253
2019-12-30 15:00;-3.063818796;0.743492037;-0.120909792
2019-12-30 16:00;0.305324466;0.893351794;-1.263817858
2019-12-30 17:00;1.579221492;-2.01507741;-3.467379391
2019-12-30 18:00;-1.379898518;-2.542746068;-2.890519877
2019-12-30 19:00;-3.794702616;-2.89449033;-3.315614155
2019-12-30 20:00;-4.446555717;-0.715509148;-2.831997137
2019-12-30 21:00;-1.502600028;0.377192872;-2.048409157
2019-12-30 22:00;-0.890402277;0.53917656;-2.764533037
2019-12-30 23:00;-0.920230245;-0.19781642;-1.797158643
2019-12-31 00:00;-0.292045023;-0.986160497;-0.263776551
2019-12-31 01:00;-1.195931035;-0.078098698;-0.724633715
2019-12-31 02:00;-2.358478517;2.51196276;0.235042709
2019-12-31 03:00;1.961494007;1.018308565;-0.203809272
2019-12-31 04:00;1.258511744;-0.459844715;0.060764211
2019-12-31 05:00;0.423967032;-0.92616355;2.063114322
2019-12-31 06:00;-0.645548075;-0.350704928;1.560632397
2019-12-31 07:00;-2.091246414;0.814094975;1.091036243
2019-12-31 08:00;-2.296616696;0.004745623;0.355948532
2019-12-31 09:00;-1.426234274;-0.187848172;-0.480806767
2019-12-31 10:00;-1.395158995;0.37032767;-1.551571808
2019-12-31 11:00;0.993577484;-0.264217596;-0.64988983
2019-12-31 12:00;-0.917111981;0.142239194;1.305639467
2019-12-31 13:00;-1.278008646;0.472041757;1.98744922
2019-12-31 14:00;-0.693256215;1.847786069;1.75762355
2019-12-31 15:00;-0.342119562;2.889372918;2.6433234
2019-12-31 16:00;0.768731008;2.060294;2.128623059
2019-12-31 17:00;1.18023898;1.012537042;1.763307346
2019-12-31 18:00;1.879460995;1.320922271;0.662325554
2019-12-31 19:00;2.878612145;0.70750897;-0.533363869
2019-12-31 20:00;3.129360737;1.912159039;-1.073800335
2019-12-31 21:00;4.276462714;2.929073338;-0.596675533
2019-12-31 22:00;4.106337372;2.328007427;-1.143026252
2019-12-31 23:00;2.593390442;1.006308329;0.21445542
2020-01-01 00:00;0.591770166;0.724708489;-0.52377879
2020-01-01 01:00;0.637692674;-0.740652031;-0.751412715
2020-01-01 02:00;-0.752329469;-0.229665403;0.376878997
2020-01-01 03:00;-0.556711335;0.1897101;1.12679831
2020-01-01 04:00;0.648669046;1.85428306;2.362066585
2020-01-01 05:00;2.367503424;1.584042009;1.340333435
2020-01-01 06:00;3.626630911;0.656834152;-0.00523171
2020-01-01 07:00;2.779834179;-1.514057877;0.419449765
2020-01-01 08:00;0.710797457;-1.747466295;0.535048645
2020-01-01 09:00;-2.10260078;-2.050793816;-0.578919938
2020-01-01 10:00;-1.454650722;-0.839787723;-0.522161617
2020-01-01 11:00;-1.281336407;-1.335525055;-1.004770234
2020-01-01 12:00;-1.094115585;-2.815357907;0.008231061
2020-01-01 13:00;-3.488214055;-1.682683667;0.36257262
2020-01-01 14:00;-2.729639657;-2.195882594;-0.006671077
2020-01-01 15:00;-1.978673426;-0.409408456;0.412901128
2020-01-01 16:00;-0.290459874;0.801053354;1.099798863
2020-01-01 17:00;-0.364198926;-0.433094683;1.495906164
2020-01-01 18:00;-0.529124315;-1.529443342;0.140664845
2020-01-01 19:00;-2.723576585;-0.931285711;0.980314819
2020-01-01 20:00;-2.44181476;0.508473977;1.889595584
2020-01-01 21:00;-1.649546837;-1.054988026;2.222914452
2020-01-01 22:00;-0.083378723;1.439203265;3.185695546
2020-01-01 23:00;1.562517627;1.636601569;2.056648029
2020-01-02 00:00;1.242813453;2.068792;-0.036220512
2020-01-02 01:00;1.764685641;2.227485758;-1.581029457
2020-01-02 02:00;1.484804977;2.953578125;-0.124198898
2020-01-02 03:00;4.914028339;1.658226258;0.107483196
2020-01-02 04:00;3.411202928;-0.248109996;0.845245796
2020-01-02 05:00;0.050403902;-1.593990391;0.353710507
2020-01-02 06:00;-0.285510969;-2.403138422;0.260959898
2020-01-02 07:00;-3.186222839;-3.501359856;1.194154836
2020-01-02 08:00;-6.152033005;-2.863067799;0.535235868
2020-01-02 09:00;-5.463318228;-2.145033697;-0.368682924
2020-01-02 10:00;-5.167113419;-0.610262463;-1.782214984
2020-01-02 11:00;-1.997854158;-0.136359445;-2.975025803
2020-01-02 12:00;1.839367313;-0.749636895;-1.842487626
2020-01-02 13:00;2.00064684;1.037564295;-2.927690174
2020-01-02 14:00;1.971520651;-0.20616481;-1.84255782
2020-01-02 15:00;0.415231265;-0.099109954;-1.783684689
2020-01-02 16:00;1.225987298;-1.199926565;-0.824924288
2020-01-02 17:00;1.478352926;-0.851068453;-1.74763839
2020-01-02 18:00;0.593732349;-0.556735835;-1.676570721
2020-01-02 19:00;-0.500652723;-0.719612454;-0.793546918
2020-01-02 20:00;0.81043761;-2.155975782;-1.002009688
2020-01-02 21:00;-0.700862534;-1.297025434;-0.672715401
2020-01-02 22:00;0.055270538;-0.686793867;-1.196971693
2020-01-02 23:00;-1.049243051;-1.03811148;-2.480683985
2020-01-03 00:00;-2.820158177;-0.81105773;-0.901488753
2020-01-03 01:00;-2.187072668;0.0997726;-1.210984379
2020-01-03 02:00;-2.152684694;-0.511392961;-0.784103853
2020-01-03 03:00;-2.521227385;0.115285712;1.127277853
2020-01-03 04:00;-1.219747776;0.245566195;0.279868809
2020-01-03 05:00;-0.158030133;-0.112412436;1.099660946
2020-01-03 06:00;-1.038763541;-1.467470884;-0.110272294
2020-01-03 07:00;-0.33589567;-1.82036889;-0.019286981
2020-01-03 08:00;-1.002367829;-0.50218398;-0.454303433
2020-01-03 09:00;1.354463137;0.688137641;0.14534358
2020-01-03 10:00;1.768745852;-0.837484023;-0.011730117
2020-01-03 11:00;-0.265457976;-0.355832518;-1.009949433
2020-01-03 12:00;1.574402067;1.042742084;-3.202249719
2020-01-03 13:00;0.432079366;-0.998014878;-2.724813838
2020-01-03 14:00;-0.423101152;-0.671667447;-3.897219609
2020-01-03 15:00;-0.950148828;-1.284729812;-3.193970089
2020-01-03 16:00;-0.734177818;-2.514849896;-2.537784639
2020-01-03 17:00;0.793098638;-1.159695639;-2.159330015
2020-01-03 18:00;0.465564568;-0.976213563;-2.623197455
2020-01-03 19:00;-0.949489061;0.893079636;-1.31993164
2020-01-03 20:00;1.17489848;-0.013859674;0.830760878
2020-01-03 21:00;-0.522664114;0.759705428;1.160339425
2020-01-03 22:00;-1.006840893;1.424733641;1.727756735
2020-01-03 23:00;1.640903678;1.885806747;1.489574963
2020-01-04 00:00;0.627382775;1.021229224;1.895944881
2020-01-04 01:00;0.701729371;2.687428337;2.078484895
2020-01-04 02:00;-0.596907417;2.643829974;0.380719215
2020-01-04 03:00;-0.272679132;3.198998073;1.117921098
2020-01-04 04:00;1.93373887;1.114127798;1.674037042
2020-01-04 05:00;0.958483096;-0.248455776;1.412270007
2020-01-04 06:00;-0.512785037;0.103536353;0.346533553
2020-01-04 07:00;0.04767978;-0.131319577;-0.002720222
2020-01-04 08:00;-1.038082538;-1.648216733;0.006148694
2020-01-04 09:00;-1.597863151;-0.40827964;0.209317567
2020-01-04 10:00;-2.01494725;-0.840949896;-0.047141497
2020-01-04 11:00;-1.708329944;1.119544286;0.027547854
2020-01-04 12:00;-0.020890625;1.993739929;1.001457836
2020-01-04 13:00;0.82022081;0.722997179;1.750847971
2020-01-04 14:00;1.170270205;1.130465429;0.821288699
2020-01-04 15:00;2.025851638;1.697129211;-0.271615074
2020-01-04 16:00;1.486526429;1.479755475;-0.474532886
2020-01-04 17:00;2.484379961;1.384147916;0.962720563
2020-01-04 18:00;2.135268;1.106034599;1.078006358
2020-01-04 19:00;1.946074265;0.391362988;0.919882757
2020-01-04 20:00;3.52708741;-0.746487798;2.760621574
2020-01-04 21:00;0.811961619;-0.129904587;1.168929066
2020-01-04 22:00;0.422377629;-0.202582752;0.883650562
2020-01-04 23:00;0.27629738;0.306586157;0.760164489
2020-01-05 00:00;2.258800183;0.595903563;-0.19574585
2020-01-05 01:00;2.00633559;-1.024485284;0.524142281
2020-01-05 02:00;0.965393651;-1.777090409;1.269277983
2020-01-05 03:00;-0.288386181;-1.64179122;1.286820902
2020-01-05 04:00;-0.668253853;-2.291046041;2.353104695
2020-01-05 05:00;-0.823283249;-1.145923211;3.427807102
2020-01-05 06:00;0.129459328;0.477219826;1.785176183
2020-01-05 07:00;0.367452983;0.588597826;0.608587697
2020-01-05 08:00;0.609423953;-0.801491286;1.326651723
2020-01-05 09:00;-1.556722763;-0.071184661;0.837589396
2020-01-05 10:00;-0.733561189;-1.584017174;1.080251726
2020-01-05 11:00;-0.587046704;-0.172510335;0.925264307
2020-01-05 12:00;-0.659209427;0.341909122;0.545013267
2020-01-05 13:00;1.196972963;-0.128783044;1.000014227
2020-01-05 14:00;0.370028477;-0.020811556;0.282804752
2020-01-05 15:00;0.487939038;-1.271824724;-0.071036518
2020-01-05 16:00;0.082012515;-0.843642376;1.283244688
2020-01-05 17:00;-1.556703597;0.361747543;1.737901512
2020-01-05 18:00;-1.078114434;1.38156851;0.432852965
2020-01-05 19:00;-0.338093886;2.128545081;1.453587671
2020-01-05 20:00;4.192779023;1.857469219;0.334389757
2020-01-05 21:00;2.146051225;1.952961509;0.983529517
2020-01-05 22:00;2.114558422;1.694450001;-0.383931704
2020-01-05 23:00;2.545562661;0.184819244;1.932540568
2020-01-06 00:00;1.60331701;0.217968483;3.056724899
2020-01-06 01:00;0.833036485;1.063201931;0.227870554
2020-01-06 02:00;0.831413538;1.94800729;-0.639225661
2020-01-06 03:00;2.549092184;-0.201914581;0.755485594
2020-01-06 04:00;0.351716071;-2.242553361;1.865366281
2020-01-06 05:00;-2.280949329;0.567099233;1.437591759
2020-01-06 06:00;0.149086169;2.131983745;0.74663465
2020-01-06 07:00;1.407674975;0.197273131;0.120719724
2020-01-06 08:00;2.185275124;0.605273379;0.07455629
2020-01-06 09:00;2.556815773;1.14209047;1.079917923
2020-01-06 10:00;1.63849826;2.158750955;1.95148951
2020-01-06 11:00;1.077341156;0.208259336;2.668528607
2020-01-06 12:00;-0.318144447;1.575528394;1.046303885
2020-01-06 13:00;0.234264933;1.814102922;1.216511154
2020-01-06 14:00;2.019757316;2.01546909;0.361970978
2020-01-06 15:00;2.706341385;0.871186038;-0.168546965
2020-01-06 16:00;2.891941362;0.332729941;-0.724715559
2020-01-06 17:00;0.670466644;0.517519669;-0.664145861
2020-01-06 18:00;0.770423824;0.213704833;0.631277988
2020-01-06 19:00;0.152162305;-0.061579687;1.127398584
2020-01-06 20:00;-0.772129327;0.405426179;1.959915938
2020-01-06 21:00;-0.323745927;0.271792146;-0.053926582
2020-01-06 22:00;-0.895805825;-1.05231232;0.127114748
2020-01-06 23:00;1.692905618;1.197572603;0.024093895
2020-01-07 00:00;0.551713854;-2.030887134;0.593394044
2020-01-07 01:00;-1.569230342;-0.487510481;1.416390836
2020-01-07 02:00;-1.953472871;-0.749322494;1.502177238
2020-01-07 03:00;-2.323784221;0.694335141;-1.190313826
2020-01-07 04:00;-0.974985377;-0.86436816;-0.044890099
2020-01-07 05:00;0.262805977;0.403140013;0.665154902
2020-01-07 06:00;2.301207104;0.724316435;-0.113043893
2020-01-07 07:00;1.921460174;1.841102391;-0.280420082
2020-01-07 08:00;0.684069249;1.119292838;-0.809722439
2020-01-07 09:00;-0.565066364;0.620549854;-1.190078956
2020-01-07 10:00;-0.740275892;-0.459712717;-0.653790372
2020-01-07 11:00;1.149778356;-0.672510021;0.940337175
2020-01-07 12:00;-0.793366004;0.224381546;-0.260144913
2020-01-07 13:00;-0.018379748;1.733952922;-2.580251436
2020-01-07 14:00;1.695954874;-0.708476438;-2.15517637
2020-01-07 15:00;0.627101421;-1.582679256;-0.085109639
2020-01-07 16:00;-0.825760496;-2.213246764;0.794321351
2020-01-07 17:00;-3.997024326;0.424810049;0.59720728
2020-01-07 18:00;-2.488617931;0.74198932;-0.120269458
2020-01-07 19:00;0.385178059;-0.356706409;-1.696331556
2020-01-07 20:00;0.419240756;-1.50701423;-0.82368751
2020-01-07 21:00;-0.637528013;-1.620260941;-1.051087833
2020-01-07 22:00;-0.884165662;-3.260680717;-2.144100949
2020-01-07 23:00;-2.622548815;-1.469652943;-1.672235056
2020-01-08 00:00;-1.685100309;-2.504466898;-0.258596897
2020-01-08 01:00;-0.912943817;-2.067765789;-2.662182428
2020-01-08 02:00;-1.813341955;-2.447878349;-2.499203998
2020-01-08 03:00;-0.057866337;-1.225952567;-3.510739339
2020-01-08 04:00;-1.397791533;-2.987989641;-2.867021197
2020-01-08 05:00;-3.625960368;-2.811512588;-1.249038433
2020-01-08 06:00;-2.797205858;-2.281332116;-0.647722389
2020-01-08 07:00;-3.706760561;-0.723337743;0.809294426
2020-01-08 08:00;-1.137891984;-0.775374862;0.292055552
2020-01-08 09:00;-1.978170635;-1.631968269;0.00438975
2020-01-08 10:00;-2.314311254;-0.222054296;-0.606024321
2020-01-08 11:00;-0.560663654;-1.076547774;0.505574357
2020-01-08 12:00;0.451353316;-1.218514738;-0.527286422
2020-01-08 13:00;0.322045673;-2.068922738;0.155726444
2020-01-08 14:00;-1.075225505;-1.50574685;0.112493638
2020-01-08 15:00;0.081711688;0.555617081;-1.995962684
2020-01-08 16:00;1.146920138;1.771764464;-0.55697292
2020-01-08 17:00;-0.171341775;2.065202742;-0.914996455
2020-01-08 18:00;1.202382223;2.543627833;1.281425529
2020-01-08 19:00;2.742070842;1.235071728;1.695516344
2020-01-08 20:00;3.519346228;-0.260376016;-0.083144831
2020-01-08 21:00;-0.253327697;-0.0829622;0.496893929
2020-01-08 22:00;-0.856969155;0.100537916;-0.438996035
2020-01-08 23:00;-0.29849732;0.674821037;-0.130924771
2020-01-09 00:00;0.250617118;0.401213769;2.655215806
2020-01-09 01:00;-0.027006698;1.987457771;2.402646339
2020-01-09 02:00;0.430461665;0.424837157;1.884114242
2020-01-09 03:00;-0.556846892;-0.128262363;2.277319897
2020-01-09 04:00;-0.465095017;-0.233386688;2.966414183
2020-01-09 05:00;-0.644273986;0.560708995;1.86812665
2020-01-09 06:00;0.498924492;0.792031839;1.543258347
2020-01-09 07:00;0.158187553;-0.592568343;2.165255432
2020-01-09 08:00;-0.425325028;0.264585107;-0.305820006
2020-01-09 09:00;-1.648727414;-1.506187819;-0.483973296
2020-01-09 10:00;-0.630117187;-1.021692472;0.756513328
2020-01-09 11:00;-0.908447454;-0.429828001;0.678934133
2020-01-09 12:00;0.709398439;0.152861785;0.153683532
2020-01-09 13:00;-0.145937523;0.542101256;-0.700628872
2020-01-09 14:00;1.419777447;-1.234552199;0.488813666
2020-01-09 15:00;0.732278183;-1.446455729;1.075072996
2020-01-09 16:00;-0.338292245;-0.480588738;0.5949156
2020-01-09 17:00;0.191761605;1.331258611;0.636501408
2020-01-09 18:00;2.43870184;0.541164502;0.815906049
2020-01-09 19:00;1.440870498;0.440685252;0.397733906
2020-01-09 20:00;2.290293687;-0.509784113;-0.611546873
2020-01-09 21:00;0.858800617;-1.675095483;0.709508338
2020-01-09 22:00;-2.000545043;-1.681313784;-1.189473573
2020-01-09 23:00;-1.832747027;-1.174807847;0.322053686
2020-01-10 00:00;-1.946634682;-2.187146296;0.058475387
2020-01-10 01:00;-1.169156666;-1.055911096;0.386965486
2020-01-10 02:00;-0.698712949;-1.874792229;-0.008690752
2020-01-10 03:00;-0.86785518;-1.554888896;-0.36801733
2020-01-10 04:00;-0.116821524;-1.780476809;-0.329657745
2020-01-10 05:00;-1.69973606;-2.573570993;-0.20361318
2020-01-10 06:00;-1.784249159;-2.678414778;-0.349283685
2020-01-10 07:00;-1.606047396;-1.937710142;-0.362446661
2020-01-10 08:00;-2.76626202;-2.786653012;-0.382012107
2020-01-10 09:00;-2.551113485;-2.662453544;-1.55095931
2020-01-10 10:00;-2.917202298;-1.560841861;-0.127227335
2020-01-10 11:00;-1.609060765;-2.71545669;-0.906540367
2020-01-10 12:00;-3.139090925;-2.037675689;-1.124206739
2020-01-10 13:00;-4.306782573;-2.248227929;-2.063823142
2020-01-10 14:00;-4.935689129;-2.746338655;-1.709251824
2020-01-10 15:00;-4.102409106;-2.667747143;-0.588754529
2020-01-10 16:00;-4.031873634;-0.451978524;-1.924062959
2020-01-10 17:00;-1.783060017;-0.311528534;-0.125406643
2020-01-10 18:00;-1.137822112;1.208861697;0.057047231
2020-01-10 19:00;1.163556946;0.357083805;-1.289765751
2020-01-10 20:00;1.545550096;1.494072073;-1.59743609
2020-01-10 21:00;2.380171316;1.355215868;-1.969841129
2020-01-10 22:00;0.9440211;3.034914495;-2.338369112
2020-01-10 23:00;3.876596013;3.034523941;-0.467252626
2020-01-11 00:00;4.316733954;2.430421333;0.980589495
2020-01-11 01:00;4.493950813;0.758297509;0.828003915
2020-01-11 02:00;3.484359849;1.189241953;1.381021973
2020-01-11 03:00;1.939163523;-0.364338173;0.477781074
2020-01-11 04:00;2.228146775;-0.11036145;2.490312423
2020-01-11 05:00;0.908566421;-0.165324687;2.600270048
2020-01-11 06:00;0.444471349;-0.990526419;1.770886808
2020-01-11 07:00;-0.338851278;-0.512049788;-0.58542606
2020-01-11 08:00;-0.460591884;-0.161206831;-1.231085934
2020-01-11 09:00;1.172428318;-0.127674366;-0.96900768
2020-01-11 10:00;1.177791853;-0.050743677;-0.209262864
2020-01-11 11:00;0.392968623;-0.528551675;1.032518769
2020-01-11 12:00;-0.653100256;-1.711094831;1.277399045
2020-01-11 13:00;-2.566739988;-0.539680326;0.554896906
2020-01-11 14:00;-1.475412251;0.557000676;1.518564253
2020-01-11 15:00;-0.748516366;0.337978308;1.196158158
2020-01-11 16:00;0.05090922;1.501226338;0.160144936
2020-01-11 17:00;2.610959361;0.88996622;-1.137467663
2020-01-11 18:00;0.280607557;-0.121613911;-3.165768096
2020-01-11 19:00;-0.836868707;0.01379576;-2.257267633
2020-01-11 20:00;-0.253814899;-1.164372296;-1.79927323
2020-01-11 21:00;-1.190631361;-1.105339805;0.85348658
2020-01-11 22:00;-2.214985328;0.083993294;0.302163768
2020-01-11 23:00;0.941395783;-0.589711513;0.469414222
2020-01-12 00:00;-0.811417195;-0.745519711;0.035639855
2020-01-12 01:00;-0.172104451;-0.179142505;-0.927494061
2020-01-12 02:00;1.15417351;-0.720852285;-0.180404368
2020-01-12 03:00;2.26633892;1.163545192;-1.9206743
2020-01-12 04:00;1.185834158;0.283115837;-2.263014351
2020-01-12 05:00;0.528477612;-1.65541433;-1.819238798
2020-01-12 06:00;-1.45136689;-1.996551403;-0.477311746
2020-01-12 07:00;-1.883205262;-1.141805119;-0.740572426
2020-01-12 08:00;-0.155174567;-0.584217697;-0.827966416
2020-01-12 09:00;-0.347366967;-1.036812248;-0.795077425
2020-01-12 10:00;-0.79169486;-0.177833877;-1.566518446
2020-01-12 11:00;-0.588259783;0.673273299;1.309686186
2020-01-12 12:00;0.417562625;-0.99627994;0.533256855
2020-01-12 13:00;-0.323941402;-1.497580804;1.386901103
2020-01-12 14:00;-1.75574904;-2.009467825;1.973749925
2020-01-12 15:00;-1.804252654;-1.405326086;3.6487493
2020-01-12 16:00;-1.62245538;0.082137511;2.394785564
2020-01-12 17:00;-1.977705135;2.491040721;0.627759099
2020-01-12 18:00;-1.098845004;1.64868604;-1.615092048
2020-01-12 19:00;1.973990551;0.641516551;-2.761550117
2020-01-12 20:00;2.369821717;-0.04919815;-3.606097725
2020-01-12 21:00;1.095394527;-1.608769567;-6.494530243
2020-01-12 22:00;0.025236012;-1.736655092;-5.075059217
2020-01-12 23:00;-1.162415207;-1.31343858;-4.526160416
2020-01-13 00:00;-1.332041024;-2.179922271;-3.964800777
2020-01-13 01:00;-2.515712613;-3.106374944;-3.896761132
2020-01-13 02:00;-2.285104694;-3.537506208;-4.43992394
2020-01-13 03:00;-2.815311475;-1.986644508;-6.024340741
2020-01-13 04:00;-1.397564397;0.328758147;-5.582775988
2020-01-13 05:00;2.006223065;-1.090954581;-3.582280422
2020-01-13 06:00;-1.031887363;-2.262055346;-2.725019176
2020-01-13 07:00;-3.182724621;-2.691157603;-0.57983097
2020-01-13 08:00;-3.039400889;-1.260555135;-0.976424943
2020-01-13 09:00;-1.325982607;-2.119157458;-0.902664494
2020-01-13 10:00;-2.370732002;-0.662127364;-1.872872362
2020-01-13 11:00;-2.822078542;-0.517297746;-3.440810741
2020-01-13 12:00;-2.808982812;-0.691205922;-2.895222472
2020-01-13 13:00;-2.389228267;-1.427392068;-2.80148576
2020-01-13 14:00;-2.402782297;0.847633408;-2.982697731
2020-01-13 15:00;-1.104645559;0.7682681;-3.541714332
2020-01-13 16:00;-0.926534976;0.368388779;-3.048742728
2020-01-13 17:00;1.343521605;0.023919371;-4.05321224
2020-01-13 18:00;1.891070926;-0.902282998;-3.059134864
2020-01-13 19:00;0.786988585;-1.92842661;-1.884304403
2020-01-13 20:00;-1.859133559;-1.304352628;-1.829371648
2020-01-13 21:00;-1.589286466;-0.071025699;-0.807172293
2020-01-13 22:00;-0.231701157;-0.404523838;-0.153396938
2020-01-13 23:00;0.089768442;-0.649322889;-0.196681539
2020-01-14 00:00;0.546818132;0.419643616;-0.173117297
2020-01-14 01:00;0.927232644;0.914536067;0.19682087
2020-01-14 02:00;0.651947551;-0.217988705;-1.362407948
2020-01-14 03:00;0.044467138;-1.07181586;-1.616063195
2020-01-14 04:00;1.270885888;0.182618611;-1.801468209
2020-01-14 05:00;1.757024242;0.163709676;-0.245469833
2020-01-14 06:00;2.210053841;0.272349389;-0.416813945
2020-01-14 07:00;2.490744178;-0.933629689;-0.921404352
2020-01-14 08:00;0.359355968;-0.848353244;0.219666563
2020-01-14 09:00;-1.135420221;-1.004638651;-0.00157699
2020-01-14 10:00;-2.260467713;-1.279342018;1.013238172
2020-01-14 11:00;-0.736594201;0.316526614;0.223968367
2020-01-14 12:00;-0.256757551;1.198981705;1.064564608
2020-01-14 13:00;0.408006737;0.972256731;1.479212293
2020-01-14 14:00;1.422884802;2.274441374;0.62567624
2020-01-14 15:00;2.740718594;0.954432479;0.589012955
2020-01-14 16:00;1.560880929;1.583930026;0.633082344
2020-01-14 17:00;0.931155901;1.239275524;-0.05714561
2020-01-14 18:00;0.823976957;1.526130877;0.08488062
2020-01-14 19:00;0.535816857;-0.048999504;1.376788112
2020-01-14 20:00;0.753044297;-1.909374925;1.116947759
2020-01-14 21:00;-0.645505962;-1.529774168;1.080266888
2020-01-14 22:00;-2.382488191;-1.924874445;2.91350397
2020-01-14 23:00;-0.60107304;-1.358070935;1.987170009
2020-01-15 00:00;-1.168562908;-2.191732187;1.226750477
2020-01-15 01:00;-0.254580682;-1.255724496;0.283215112
2020-01-15 02:00;0.409636069;-1.025274835;0.516165965
2020-01-15 03:00;-2.428104001;-1.477478731;0.565958081
2020-01-15 04:00;-1.376857675;-1.231515155;-0.291512441
2020-01-15 05:00;-1.311219259;-0.311051223;0.957192339
2020-01-15 06:00;0.120536315;0.010577024;-0.562007158
2020-01-15 07:00;0.364333073;-1.166626018;-1.181449432
2020-01-15 08:00;0.060444089;-2.031175694;-1.748768196
2020-01-15 09:00;-1.503283922;-1.93824617;-2.985834174
2020-01-15 10:00;-1.156229549;-0.849983032;-3.368688475
2020-01-15 11:00;-0.706699592;-2.830161259;-2.737006212
2020-01-15 12:00;-3.156058657;-2.188012555;-2.620336481
2020-01-15 13:00;-2.907424469;-1.833792834;-0.187654833
2020-01-15 14:00;-1.945038485;-0.728774157;-0.996125348
2020-01-15 15:00;-2.565400783;-1.953126646;0.050208862
2020-01-15 16:00;-2.91318161;-0.091733487;2.383531784
2020-01-15 17:00;-0.475883446;0.578550672;3.075034291
2020-01-15 18:00;-2.065042462;1.168159023;3.205516547
2020-01-15 19:00;0.778246681;0.041466595;3.780423596
2020-01-15 20:00;0.59498146;2.459213876;1.815819678
2020-01-15 21:00;2.431673025;2.443336015;1.125985794
2020-01-15 22:00;3.773066376;0.886707929;0.936877685
2020-01-15 23:00;0.628284564;-1.761393929;-0.814409064
2020-01-16 00:00;-0.774343128;-1.811521323;-0.709940382
2020-01-16 01:00;-1.162066199;-0.387953346;-1.059444216
2020-01-16 02:00;-0.235645983;-0.069976745;-1.77782188
2020-01-16 03:00;0.406383047;-1.227094736;-2.280988605
2020-01-16 04:00;-1.485722046;0.099629904;-1.459182401
2020-01-16 05:00;-0.728522142;-1.513507596;0.215310054
2020-01-16 06:00;-0.168363195;-0.692623707;1.197506826
2020-01-16 07:00;-0.86692582;-0.228090014;0.83538911
2020-01-16 08:00;0.190003877;-2.409638167;0.141987851
2020-01-16 09:00;-1.512793246;-0.052427085;0.259988117
2020-01-16 10:00;-0.911393127;-0.436291131;0.561767073
2020-01-16 11:00;1.418821351;-1.597403897;-0.695844553
2020-01-16 12:00;-0.610530297;0.172434551;1.129770954
2020-01-16 13:00;-0.90013607;-0.286545356;0.015184884
2020-01-16 14:00;-1.626751905;-0.946566182;-1.260737921
2020-01-16 15:00;0.298409872;-1.842001162;-2.085726738
2020-01-16 16:00;-0.39482857;-0.614331311;-3.066319951
2020-01-16 17:00;-2.274817346;0.053258455;-2.139453336
2020-01-16 18:00;-1.563042361;-0.795839421;-0.160395227
2020-01-16 19:00;-1.115195545;-0.012636192;1.822282088
2020-01-16 20:00;-0.596396374;0.210355874;0.960806061
2020-01-16 21:00;-0.459067824;0.650217386;-0.83664312
2020-01-16 22:00;-0.19215334;1.04155195;-1.025723966
2020-01-16 23:00;0.166865915;1.16574329;0.359716397
2020-01-17 00:00;1.115212703;1.523744361;-0.41295516
2020-01-17 01:00;1.348719882;3.597603603;-1.573522863
2020-01-17 02:00;3.291766719;2.265219631;-2.211441458
2020-01-17 03:00;3.018801587;1.146960376;-2.88627855
2020-01-17 04:00;3.449647044;2.212880329;-2.874990835
2020-01-17 05:00;5.847548596;2.458558765;-2.894056715
2020-01-17 06:00;6.654972387;-0.379370513;-1.614371443
2020-01-17 07:00;3.143236059;-0.262330508;-1.881098827
2020-01-17 08:00;0.396957692;-1.024551258;-2.370801646
2020-01-17 09:00;-1.258098056;-0.821485466;-2.776992981
2020-01-17 10:00;-0.252837609;-0.767500447;-1.790697914
2020-01-17 11:00;-2.022216291;-1.251200507;-2.752798438
2020-01-17 12:00;-0.812174307;-0.261692296;0.042316993
2020-01-17 13:00;-1.68776924;0.920937128;-0.419402262
2020-01-17 14:00;1.145522138;-0.039631724;0.241339197
2020-01-17 15:00;0.200197708;0.236133377;-2.170130709
2020-01-17 16:00;0.617925474;0.061749728;-1.793534441
2020-01-17 17:00;-1.039484145;-0.458675491;-1.880942668
2020-01-17 18:00;-0.684311916;-0.472797379;-0.447575583
2020-01-17 19:00;-1.378384869;0.119734606;0.783311032
2020-01-17 20:00;-0.587782449;-0.311712066;0.99512587
2020-01-17 21:00;-1.639187725;-0.330035042;0.941019677
2020-01-17 22:00;-3.311438725;-0.168693684;2.273508538
2020-01-17 23:00;-1.723274138;0.67668547;0.82857242
2020-01-18 00:00;0.337675771;0.591902332;-0.286383675
2020-01-18 01:00;-0.55001052;1.667175572;-0.326560189
2020-01-18 02:00;-0.72083025;0.568045468;-0.45470449
2020-01-18 03:00;1.632517779;2.025253448;0.609738938
2020-01-18 04:00;2.689824066;3.871836797;1.075166018
2020-01-18 05:00;4.45855635;4.252701424;0.469556124
2020-01-18 06:00;4.056720101;3.515253383;1.117107036
2020-01-18 07:00;5.634609871;4.57762967;0.66284179
2020-01-18 08:00;6.47066627;4.615675818;0.383359462
2020-01-18 09:00;6.422200958;1.634538967;-0.375594727
2020-01-18 10:00;4.000046296;1.034345755;0.80702835
2020-01-18 11:00;2.137592457;1.290335474;1.454674757
2020-01-18 12:00;3.178264371;1.892530767;1.096314607
2020-01-18 13:00;3.31207847;3.467222684;-0.889411919
2020-01-18 14:00;4.405331152;3.336773697;-0.826401275
2020-01-18 15:00;4.822388736;2.243335248;-1.411877823
2020-01-18 16:00;5.135603764;2.326084162;-1.597151733
2020-01-18 17:00;4.927709189;2.538446215;1.103559073
2020-01-18 18:00;5.261750432;2.083997054;2.835402384
2020-01-18 19:00;4.30013818;1.344798468;2.036358148
2020-01-18 20:00;4.041267952;0.035053334;2.858487265
2020-01-18 21:00;3.451653964;-0.839916988;2.50226942
2020-01-18 22:00;1.802219781;-0.184860432;1.665062628
2020-01-18 23:00;2.365255543;-0.187673854;1.729619994
2020-01-19 00:00;1.546620606;-0.455938217;1.049912128
2020-01-19 01:00;-0.908691809;-1.338544832;-0.070168564
2020-01-19 02:00;-1.354255734;-1.355149283;0.588680818
2020-01-19 03:00;-0.477935996;-1.257492015;-0.071334487
2020-01-19 04:00;-0.883050315;-0.639940447;-0.010409863
2020-01-19 05:00;-1.231512612;-0.815366512;-0.668428897
2020-01-19 06:00;-0.721017304;-0.255803834;0.637046391
2020-01-19 07:00;-1.80320011;2.226877421;-1.151987394
2020-01-19 08:00;1.05067884;1.040515318;0.748278836
2020-01-19 09:00;-1.207113452;-1.944357026;-0.136071771
2020-01-19 10:00;-0.982897655;-0.702638793;0.047817499
2020-01-19 11:00;-2.372764497;-0.527870172;0.928379349
2020-01-19 12:00;-1.480808158;-0.185483631;0.921773615
2020-01-19 13:00;-1.023353961;-1.013745893;0.697527061
2020-01-19 14:00;-1.171963954;-0.856901433;-0.678636891
2020-01-19 15:00;-2.581381433;-0.754996775;0.586807629
2020-01-19 16:00;-0.77154954;-2.064984287;0.526827883
2020-01-19 17:00;-2.10536737;-1.683690556;1.200803411
2020-01-19 18:00;-4.622342982;-1.660537892;1.012611294
2020-01-19 19:00;-3.47214704;0.58701273;1.752774379
2020-01-19 20:00;-1.465179199;2.252019231;1.785730571
2020-01-19 21:00;1.715474483;2.515706321;2.183853821
2020-01-19 22:00;1.09890077;1.75997482;2.059249348
2020-01-19 23:00;3.327929822;1.965940125;0.133749253
2020-01-20 00:00;3.303067808;1.446052169;-0.337545393
2020-01-20 01:00;4.204771717;-0.346566638;1.631104387
2020-01-20 02:00;1.967224704;-0.499206878;-0.424783748
2020-01-20 03:00;1.601609228;0.034352488;-2.410562957
2020-01-20 04:00;0.053443403;-0.640152658;-2.345805082
2020-01-20 05:00;-0.012266771;-1.509273209;-1.697468553
2020-01-20 06:00;-1.272139966;-1.211130503;-3.0790994
2020-01-20 07:00;-0.511873833;-0.158391098;-2.091905076
2020-01-20 08:00;-0.211761057;-1.104008418;-1.204541192
2020-01-20 09:00;-0.29356372;-0.877849286;-1.493982835
2020-01-20 10:00;-1.452528781;-0.421862598;-2.364525847
2020-01-20 11:00;-0.276677183;0.436030528;-1.758261017
2020-01-20 12:00;2.667320353;-0.287705847;-0.917687014
2020-01-20 13:00;-0.300883521;-0.770288109;-1.5745014
2020-01-20 14:00;-1.066178394;-0.980002368;-0.164484476
2020-01-20 15:00;1.199208375;0.770510352;-0.085140044
2020-01-20 16:00;1.303185152;-0.429746493;1.258243613
2020-01-20 17:00;-0.147513719;-0.904589756;2.223669911
2020-01-20 18:00;-2.933025838;-0.701409749;2.305744639
2020-01-20 19:00;-2.051119163;0.594990587;2.150070323
2020-01-20 20:00;-0.197122498;-0.200240295;1.662365894
2020-01-20 21:00;-2.488288959;1.829135848;0.988875273
2020-01-20 22:00;2.095345712;-0.541174912;0.467600281
2020-01-20 23:00;0.683192094;1.09016954;-0.202262535
2020-01-21 00:00;1.642625855;0.95357784;0.574055914
2020-01-21 01:00;1.46851147;0.023194758;1.309286672
2020-01-21 02:00;-0.35121625;-1.398795526;1.235113429
2020-01-21 03:00;0.024358423;-0.510437353;1.209354272
2020-01-21 04:00;-0.053878655;1.218473272;0.717402258
2020-01-21 05:00;0.500628086;-0.019502978;0.931417376
2020-01-21 06:00;1.200128956;1.14168347;2.399287681
2020-01-21 07:00;1.837764848;-0.712722481;1.341748719
2020-01-21 08:00;0.004600002;-0.718556095;1.058399135
2020-01-21 09:00;0.694555095;0.139601329;1.336302106
2020-01-21 10:00;1.576457909;0.481468239;1.427309172
2020-01-21 11:00;0.684880957;0.835661463;1.017876754
2020-01-21 12:00;0.895695996;-0.191307438;1.28033566
2020-01-21 13:00;-1.103915973;-1.050957858;1.622315407
2020-01-21 14:00;-0.668164656;0.316507182;1.981877986
2020-01-21 15:00;0.316961203;-0.107953797;0.468000083
2020-01-21 16:00;2.743328009;-0.373762354;1.44474366
2020-01-21 17:00;-0.199180054;-0.511843395;2.062867934
2020-01-21 18:00;1.090367196;-0.644146253;2.267858712
2020-01-21 19:00;-0.004717452;-2.834932272;4.495687816
2020-01-21 20:00;-4.072146299;-1.22598503;4.308210081
2020-01-21 21:00;-2.608675526;-1.124865548;4.759509017
2020-01-21 22:00;-1.601386837;-1.198107657;3.850082261
2020-01-21 23:00;-0.944017453;-0.140522403;2.89672384
2020-01-22 00:00;0.144157393;-0.79970753;0.517076407
2020-01-22 01:00;0.451411273;1.090174842;-1.054538266
2020-01-22 02:00;2.052236726;-0.107808099;-0.11616801
2020-01-22 03:00;0.052840101;-0.458307618;0.871976428
2020-01-22 04:00;-1.547231809;-0.200333137;0.76777895
2020-01-22 05:00;-1.470617478;0.103595767;0.036715809
2020-01-22 06:00;-1.320224865;-0.367468545;-1.33333543
2020-01-22 07:00;-0.550556006;-2.636809422;-0.114631353
2020-01-22 08:00;-3.551497333;-1.9024791;0.371806527
2020-01-22 09:00;-4.133731498;-1.037688342;0.471040295
2020-01-22 10:00;-4.16820904;0.300313784;1.331571054
2020-01-22 11:00;-2.801787979;-0.518788839;-0.095516212
2020-01-22 12:00;-2.359664037;0.480736069;-0.805919191
2020-01-22 13:00;-0.052331218;0.615624131;-1.568301952
2020-01-22 14:00;2.460087488;-1.201537321;-1.931681229
2020-01-22 15:00;1.275419225;-0.243100119;-2.495564005
2020-01-22 16:00;1.474801538;0.050890085;-0.845584732
2020-01-22 17:00;0.607339287;-0.080876106;-1.316666455
2020-01-22 18:00;-0.360524048;1.48188509;-1.507702712
2020-01-22 19:00;-0.409190776;0.584031038;-0.468038824
2020-01-22 20:00;-1.279871717;0.454146997;-2.324005044
2020-01-22 21:00;0.454891237;2.584254632;-1.908744409
2020-01-22 22:00;0.530060091;1.077705218;-1.936466845
2020-01-22 23:00;1.173946574;1.965311799;-2.243283632
2020-01-23 00:00;3.360091418;0.830326907;-1.772547435
2020-01-23 01:00;1.755692953;1.086951588;-0.561085227
2020-01-23 02:00;1.785729291;-0.602220775;-2.066843355
2020-01-23 03:00;0.584927387;-1.343699733;-1.051818606
2020-01-23 04:00;1.115769056;0.232888488;0.994336098
2020-01-23 05:00;0.575078137;-1.039420618;0.949102587
2020-01-23 06:00;-0.916449773;-5.159486383;0.357222298
2020-01-23 07:00;-3.226453892;-3.951867399;0.056560787
2020-01-23 08:00;-5.717560371;-3.339849593;0.446578926
2020-01-23 09:00;-5.204197136;-1.619899967;0.472839542
2020-01-23 10:00;-3.265517566;-0.040764678;-0.254600197
2020-01-23 11:00;-1.891889276;0.535093112;-0.951783211
2020-01-23 12:00;-1.512322739;-0.073362402;-1.319054848
2020-01-23 13:00;-0.022598892;-1.547035973;-1.494096993
2020-01-23 14:00;-1.291692128;-3.597646947;-0.602793857
2020-01-23 15:00;-0.66740342;-2.800946794;0.538267428
2020-01-23 16:00;-2.353773061;-1.657555218;1.734056657
2020-01-23 17:00;-2.971480605;0.355092786;-0.238609619
2020-01-23 18:00;0.713967564;2.61170807;1.350945333
2020-01-23 19:00;1.533642964;0.718140232;1.34776088
2020-01-23 20:00;2.679913772;1.253661388;0.241356449
2020-01-23 21:00;2.067691071;0.473582017;-0.53165281
2020-01-23 22:00;0.598183905;0.364053898;-0.564898632
2020-01-23 23:00;-1.740442249;-1.32591668;-2.4890807
2020-01-24 00:00;-2.246761027;-0.659422937;-1.01799434
2020-01-24 01:00;0.029399619;0.040205247;-0.187019735
2020-01-24 02:00;1.106694613;0.771277706;-0.293795518
2020-01-24 03:00;0.39030991;0.485100148;-1.146740192
2020-01-24 04:00;1.073066124;2.035640263;-0.631727564
2020-01-24 05:00;2.634018213;1.010541526;-1.22420463
2020-01-24 06:00;3.282290064;0.472753682;0.561191933
2020-01-24 07:00;1.543178081;-0.985095111;0.430167068
2020-01-24 08:00;0.438105812;-0.745338628;1.350596518
2020-01-24 09:00;0.421915289;-2.504524268;3.116428402
2020-01-24 10:00;-0.624478344;-1.681372093;3.517282868
2020-01-24 11:00;-0.317676742;-0.366791302;2.658909405
2020-01-24 12:00;0.025146486;-0.498275671;1.639179036
2020-01-24 13:00;-0.431593037;-1.243622299;2.020518154
2020-01-24 14:00;-0.792611443;-0.752002958;1.44528266
2020-01-24 15:00;-1.090233421;-1.283222768;-0.04332195
2020-01-24 16:00;-1.891657995;-0.605061316;-0.105504957
2020-01-24 17:00;0.65202944;-0.957687109;-1.58288253
2020-01-24 18:00;2.21851798;-0.291495122;-1.773364878
2020-01-24 19:00;-0.014037755;-0.738864358;-0.75508156
2020-01-24 20:00;-1.398939151;0.139641474;0.831243902
2020-01-24 21:00;-1.067903872;2.22322047;1.486039688
2020-01-24 22:00;-0.133505813;2.834241663;0.721130586
2020-01-24 23:00;2.007427217;0.377749956;0.391096652
2020-01-25 00:00;0.438532428;0.989801537;1.630535991
2020-01-25 01:00;1.931309981;0.360041733;2.570543573
2020-01-25 02:00;0.261127986;1.223289167;1.888744276
2020-01-25 03:00;0.737412959;2.607753894;2.022702705
2020-01-25 04:00;2.497780116;1.739588324;2.445826307
2020-01-25 05:00;2.521165248;2.656101306;1.728232848
2020-01-25 06:00;2.835310149;-1.133352186;0.851084307
2020-01-25 07:00;1.653214859;0.498171287;0.657778463
2020-01-25 08:00;0.021406708;0.030512669;1.602727328
2020-01-25 09:00;-0.024673203;-0.57010367;1.002047943
2020-01-25 10:00;-2.12338098;-2.114665264;2.601688253
2020-01-25 11:00;-4.900204153;0.369008639;3.721435868
2020-01-25 12:00;-3.686632986;0.796822034;4.981744915
2020-01-25 13:00;-2.9604695;1.152183085;3.108823527
2020-01-25 14:00;-0.340554095;1.918668376;1.847510964
2020-01-25 15:00;1.531369301;1.765406741;2.875053878
2020-01-25 16:00;2.444953718;0.211328119;1.36284824
2020-01-25 17:00;1.585442426;0.934486398;1.294571794
2020-01-25 18:00;2.709486747;0.251248227;1.07981879
2020-01-25 19:00;0.99333396;1.360578124;-0.864064142
2020-01-25 20:00;1.33514269;1.204425363;-2.764409907
2020-01-25 21:00;1.455662124;-1.815962188;-2.445720954
2020-01-25 22:00;0.135717065;0.496109246;-2.528071444
2020-01-25 23:00;-0.090023112;2.110270125;-1.813333607
2020-01-26 00:00;1.150440889;-0.962004296;-1.15701847
2020-01-26 01:00;0.121948105;-1.073527232;-2.557611
2020-01-26 02:00;1.113816487;-1.255753416;-1.37915233
2020-01-26 03:00;-0.990893981;-1.288609736;-1.055166455
2020-01-26 04:00;-2.625743569;-2.338421282;-0.951225489
2020-01-26 05:00;-0.732443378;-1.0659743;0.340823625
2020-01-26 06:00;-1.658985929;-1.894144214;-0.091962345
2020-01-26 07:00;-2.717327618;-1.6675945;-1.03778943
2020-01-26 08:00;-5.45943388;-0.695216056;-2.290095251
2020-01-26 09:00;-1.052977528;-0.198062492;-2.300478175
2020-01-26 10:00;-1.94525653;-0.04360856;-2.028465911
2020-01-26 11:00;-1.494392906;0.785034514;-0.947776066
2020-01-26 12:00;1.309766454;1.631214292;-2.285481891
2020-01-26 13:00;1.072622469;0.23447216;-0.504204944
2020-01-26 14:00;1.099266165;-0.541436836;-0.293560506
2020-01-26 15:00;0.530929026;-0.067302843;0.190833582
2020-01-26 16:00;0.068261111;-0.575105325;-0.495545685
2020-01-26 17:00;-0.146179933;2.160961692;-1.389324193
2020-01-26 18:00;1.068304326;0.408687088;-1.207305233
2020-01-26 19:00;2.957058273;1.931110123;-2.456538545
2020-01-26 20:00;2.923508886;0.616695348;-2.495669112
2020-01-26 21:00;2.286377419;-0.340971226;-2.846965124
2020-01-26 22:00;1.64962397;0.750800253;-1.620240881
2020-01-26 23:00;0.777629587;-0.145780691;-0.744000847
2020-01-27 00:00;-1.264556073;0.456301317;-0.146496554
2020-01-27 01:00;0.260525964;-0.295314289;-1.386705909
2020-01-27 02:00;0.076304364;-0.639289917;-0.706041378
2020-01-27 03:00;0.789516073;0.285526252;-0.348714957
2020-01-27 04:00;-0.953884816;-1.141712136;0.893405711
2020-01-27 05:00;0.013897831;-1.723776501;1.468213757
2020-01-27 06:00;-0.890664191;-3.341442359;-0.006271531
2020-01-27 07:00;-1.22094844;-3.107591966;-1.35660827
2020-01-27 08:00;-2.621594981;-0.724089119;-1.06613146
2020-01-27 09:00;-0.918067359;-2.218658385;-1.068886878
2020-01-27 10:00;-2.921444311;-1.68235715;-2.278954882
2020-01-27 11:00;-4.739141356;-1.770399896;-1.536570716
2020-01-27 12:00;-4.496609534;-0.491408441;-0.607281219
2020-01-27 13:00;-3.554798024;-0.535367937;-1.355638562
2020-01-27 14:00;-2.931057975;0.79625343;-2.830288124
2020-01-27 15:00;-0.743252812;1.139332699;-2.092940701
2020-01-27 16:00;0.572369658;-0.268903001;-3.010929724
2020-01-27 17:00;-1.13015619;-0.294857601;-2.844374463
2020-01-27 18:00;-0.188392775;-0.432613363;-4.299136287
2020-01-27 19:00;0.248356127;-0.404700802;-4.376703371
2020-01-27 20:00;0.510923751;-0.060019062;-3.584543209
2020-01-27 21:00;0.236184318;1.098449833;-2.308274875
2020-01-27 22:00;0.347994252;-0.001911127;-4.112444902
2020-01-27 23:00;0.473545464;-1.300233695;-3.349472167
2020-01-28 00:00;1.180234047;-0.625190061;-0.720448994
2020-01-28 01:00;0.027045436;-0.283925636;1.302650772
2020-01-28 02:00;-0.897360102;1.655592788;-0.011352824
2020-01-28 03:00;0.450946071;-0.154079324;-0.755847589
2020-01-28 04:00;-0.135713277;0.359567661;0.053192457
2020-01-28 05:00;-0.20894948;0.563489291;0.445578232
2020-01-28 06:00;-0.454793904;1.409528896;-0.950902014
2020-01-28 07:00;1.695308429;1.629989868;1.253624854
2020-01-28 08:00;2.292615224;1.511472222;1.114874266
2020-01-28 09:00;1.716460576;1.514484512;0.656347974
2020-01-28 10:00;2.926549938;2.089327305;1.876217942
2020-01-28 11:00;3.085872685;0.180179832;1.322010596
2020-01-28 12:00;1.093975635;-0.300255194;2.877527958
2020-01-28 13:00;-2.047490932;1.089461167;3.462350833
2020-01-28 14:00;0.101659603;1.466800921;3.905125701
2020-01-28 15:00;1.41602308;0.625822015;2.666307738
2020-01-28 16:00;0.179554298;0.179284225;3.277865117
2020-01-28 17:00;0.842609814;-0.509207712;2.252366228
2020-01-28 18:00;-0.079897516;0.529088951;1.282141056
2020-01-28 19:00;0.184641625;1.993484316;0.406465434
2020-01-28 20:00;0.932188806;1.74960977;-0.166926058
2020-01-28 21:00;2.042148241;1.601804571;1.610756161
2020-01-28 22:00;1.727819231;2.302288316;0.523152395
2020-01-28 23:00;3.549390523;2.420904819;0.986616349
2020-01-29 00:00;4.418919605;2.650017607;1.048860017
2020-01-29 01:00;3.972718254;1.453788316;1.996708251
2020-01-29 02:00;2.232746873;1.235438997;1.108502663
2020-01-29 03:00;-0.284654688;0.531238894;-1.388389665
2020-01-29 04:00;0.015402549;-0.169360094;-0.947205752
2020-01-29 05:00;0.10938386;-0.494152658;-1.01771859
2020-01-29 06:00;0.680351892;-0.558500379;-0.823986752
2020-01-29 07:00;-0.471314831;-1.272892711;-2.031920891
2020-01-29 08:00;-2.295629439;-1.697450854;-1.748843996
2020-01-29 09:00;-2.700244741;-1.024192365;-1.544899627
2020-01-29 10:00;-0.829690569;-1.39738387;0.110665419
2020-01-29 11:00;-1.23847459;-0.329162722;0.597987117
2020-01-29 12:00;-1.388352957;-0.402981544;-0.326393674
2020-01-29 13:00;-0.543873415;-0.899832469;0.996606908
2020-01-29 14:00;-0.743542371;-0.030638212;2.401962476
2020-01-29 15:00;-1.20100634;0.172941818;2.051610188
2020-01-29 16:00;-0.5997195;-0.502786303;1.13727158
2020-01-29 17:00;1.697000849;1.183613948;-0.055807845
2020-01-29 18:00;0.516149905;-0.226062114;0.209758395
2020-01-29 19:00;0.337664706;-0.080357353;1.173552445
2020-01-29 20:00;-2.038246921;-0.142002357;0.582835102
2020-01-29 21:00;-2.383036674;0.097406876;1.142345575
2020-01-29 22:00;-1.500695493;-0.765314269;0.419595981
2020-01-29 23:00;-1.294011854;-1.079701252;0.68692795
2020-01-30 00:00;-1.800949539;-1.25055566;0.041882648
2020-01-30 01:00;-3.747477253;-0.124036985;-0.199206699
2020-01-30 02:00;-3.444408206;0.326443171;1.297613347
2020-01-30 03:00;-0.557001959;-0.056121142;1.819120089
2020-01-30 04:00;0.999363261;-1.234262094;0.22833636
2020-01-30 05:00;-1.155992708;-0.542061013;0.998117688
2020-01-30 06:00;-2.450558135;1.083408893;1.217286418
2020-01-30 07:00;-1.569520285;2.226041458;1.773319232
2020-01-30 08:00;1.444998341;1.645244739;2.193225889
2020-01-30 09:00;0.643408434;2.591137688;0.507364135
2020-01-30 10:00;1.927155904;2.115187147;1.994945243
2020-01-30 11:00;1.886295156;2.115429367;0.799758566
2020-01-30 12:00;2.920953099;-0.17733978;1.072395585
2020-01-30 13:00;2.601362289;-0.304859695;1.388015062
2020-01-30 14:00;1.084818803;-1.404179145;1.34035549
2020-01-30 15:00;-0.170429244;-1.423296523;2.510651339
2020-01-30 16:00;0.014572016;-0.804689118;2.465869205
2020-01-30 17:00;-1.410180952;0.627410337;1.718651489
2020-01-30 18:00;-0.527413406;0.318588055;0.860937889
2020-01-30 19:00;-0.273682928;1.877693844;0.988985478
2020-01-30 20:00;-0.844877029;0.810659571;-0.341889566
2020-01-30 21:00;-0.646370004;0.013907031;1.391854735
2020-01-30 22:00;-3.163265546;-1.893594597;-0.676701342
2020-01-30 23:00;-3.242501855;-0.94602064;-2.704258286
2020-01-31 00:00;-3.003055553;0.141093306;-1.245835197
2020-01-31 01:00;-0.67582558;-1.154009671;-1.126294081
2020-01-31 02:00;-2.418605159;-0.375205553;-0.252257581
2020-01-31 03:00;-1.899075268;-0.452402578;0.184463108
2020-01-31 04:00;-1.247752876;-0.005015718;-0.796202339
2020-01-31 05:00;-1.999726929;0.017038358;-1.582866569
2020-01-31 06:00;-0.126487011;-0.968382716;-1.021209575
2020-01-31 07:00;-0.875619761;-1.662743591;-2.09680625
2020-01-31 08:00;-2.33969626;-0.605168303;-2.162049854
2020-01-31 09:00;-0.558157118;0.811076397;-0.177937098
2020-01-31 10:00;-1.096016349;1.359353739;-0.380908957
2020-01-31 11:00;1.263073323;0.230741269;0.730251205
2020-01-31 12:00;0.208083924;1.408207728;0.111599004
2020-01-31 13:00;2.126677601;1.924800379;-1.411776678
2020-01-31 14:00;2.313375504;0.78209126;-2.015481227
2020-01-31 15:00;2.866270155;1.653823981;-1.826132714
2020-01-31 16:00;-0.593060886;1.618320252;-0.32767226
2020-01-31 17:00;1.21924067;1.597660594;-1.300316192
2020-01-31 18:00;3.011416042;0.296665059;-3.168199427
2020-01-31 19:00;2.739381189;-0.008710642;-0.500797452
2020-01-31 20:00;-0.132429132;0.551144375;-0.363198466
2020-01-31 21:00;1.472734019;1.08578553;1.760909998
2020-01-31 22:00;2.390323722;3.181235021;0.453388504
2020-01-31 23:00;2.097570944;0.946269571;1.355637554
2020-02-01 00:00;3.325336197;1.563940703;0.597487464
2020-02-01 01:00;2.289446191;1.121804107;-1.252979026
2020-02-01 02:00;2.48251476;-1.235343282;0.275635125
2020-02-01 03:00;1.1102519;-2.283513268;0.612352209
2020-02-01 04:00;-1.894414549;-0.280487724;0.951181667
2020-02-01 05:00;-2.623871914;0.286652042;-1.95785199
2020-02-01 06:00;-0.855485724;0.496303573;-1.143215293
2020-02-01 07:00;0.332901221;-0.663393706;-0.118185002
2020-02-01 08:00;-1.912745037;0.198608098;-0.043612689
2020-02-01 09:00;-2.222167232;-0.567183103;-1.216775827
2020-02-01 10:00;-0.442533428;-1.198770996;-0.447872066
2020-02-01 11:00;-0.810548565;-0.98750292;0.850884948
2020-02-01 12:00;-4.029423588;-0.777656689;1.3876739
2020-02-01 13:00;-3.284774562;-0.809195946;-0.009238379
2020-02-01 14:00;-0.434934371;-1.784178766;-0.126487627
2020-02-01 15:00;-1.032162338;-1.678862825;0.251955669
2020-02-01 16:00;-1.612981967;-0.617816468;0.211106053
2020-02-01 17:00;-2.126895782;-0.410037927;-2.542308819
2020-02-01 18:00;-0.474460853;-0.29786267;-0.389076172
2020-02-01 19:00;-0.218727002;1.863617103;0.39155071
2020-02-01 20:00;0.356233069;1.682160596;1.853521171
2020-02-01 21:00;0.614786595;2.339259163;2.603769108
2020-02-01 22:00;0.74369382;1.476587223;2.789356339
2020-02-01 23:00;1.468754744;-0.164388226;1.862497849
2020-02-02 00:00;0.888498263;0.000509115;3.318157652
2020-02-02 01:00;0.33622155;0.866948514;3.526127881
2020-02-02 02:00;2.121389826;1.198092432;4.21226389
2020-02-02 03:00;-1.073267245;-0.264303592;3.216402978
2020-02-02 04:00;-2.196037863;-0.629654543;2.448212707
2020-02-02 05:00;-1.560222456;-0.162732602;1.775160899
2020-02-02 06:00;-2.529906877;1.760187286;0.775516433
2020-02-02 07:00;-0.419872836;2.822422499;0.106277098
2020-02-02 08:00;-1.39068586;2.844451847;1.448533842
2020-02-02 09:00;3.383626122;1.488563089;0.59618855
2020-02-02 10:00;3.129130532;1.689514929;0.222196404
2020-02-02 11:00;2.164858579;1.170868783;1.336550141
2020-02-02 12:00;1.800632371;0.949061375;1.984229382
2020-02-02 13:00;2.416382595;2.536694956;0.48041451
2020-02-02 14:00;2.876926663;1.278763743;-1.888985183
2020-02-02 15:00;1.547622443;0.943515323;-2.092559206
2020-02-02 16:00;0.80391936;0.731660332;-1.52038267
2020-02-02 17:00;0.772584637;0.878627206;-2.095505724
2020-02-02 18:00;1.606921678;-0.729378988;-3.044743086
2020-02-02 19:00;-0.837234353;-0.214633077;-4.864385743
2020-02-02 20:00;-1.703429376;-0.784436389;-4.186468269
2020-02-02 21:00;-1.389235932;-1.875667554;-2.901685227
2020-02-02 22:00;-0.571906454;-2.841219243;-2.833966245
2020-02-02 23:00;-0.736365647;-2.670308713;-3.001312983
2020-02-03 00:00;-0.893476544;-1.671631052;-1.45516106
2020-02-03 01:00;-3.324066449;0.790853915;-2.401130164
2020-02-03 02:00;-1.410471744;0.786705888;-1.401075882
2020-02-03 03:00;2.538300606;0.38637972;-1.116031312
2020-02-03 04:00;1.8732619;-0.860498785;-1.174130868
2020-02-03 05:00;2.075701861;-1.605835492;0.063350648
2020-02-03 06:00;-0.100394401;-2.58221587;1.748366349
2020-02-03 07:00;-3.173871072;-0.131152171;2.852556615
2020-02-03 08:00;-1.691205227;-0.02816463;4.316463344
2020-02-03 09:00;-2.388017398;-0.210046913;3.564905934
2020-02-03 10:00;-0.42549151;1.515415858;1.268579814
2020-02-03 11:00;1.149536766;-0.013221646;0.824303581
2020-02-03 12:00;-0.850032715;-1.216258645;-0.449250217
2020-02-03 13:00;-3.313599548;-0.980011164;0.455606644
2020-02-03 14:00;-2.932514749;-1.340677494;1.596882257
2020-02-03 15:00;-2.30645798;-0.850703957;3.042156585
2020-02-03 16:00;-1.469244797;-0.225272799;1.188230108
2020-02-03 17:00;-2.6807592;0.641629145;0.934524596
2020-02-03 18:00;-0.592705748;2.097268419;-0.026518165
2020-02-03 19:00;0.393354644;0.62467301;0.330609164
2020-02-03 20:00;1.097785354;-0.043176352;1.112951219
2020-02-03 21:00;-0.354215772;0.44964434;0.756653614
2020-02-03 22:00;0.064811108;-0.310662318;1.741227065
2020-02-03 23:00;0.38535751;-1.213909918;2.87112509
2020-02-04 00:00;-1.41898724;-2.104073833;1.065042205
2020-02-04 01:00;-2.470601221;-1.649840084;1.260559803
2020-02-04 02:00;-3.275852792;-0.385809265;1.203836719
2020-02-04 03:00;0.478437675;1.698118896;1.902561227
2020-02-04 04:00;2.173859985;1.6768388;0.330936619
2020-02-04 05:00;1.692366268;-0.364822636;-0.43085221
2020-02-04 06:00;0.653613781;0.632212545;-0.504688345
2020-02-04 07:00;1.302758415;2.409322579;-1.002818945
2020-02-04 08:00;1.669922817;-0.347446268;-1.123079473
2020-02-04 09:00;1.0454877;-1.173641657;-1.664184409
2020-02-04 10:00;0.739869142;-1.0778755;-0.635945365
2020-02-04 11:00;0.44508428;0.466415218;-0.463309605
2020-02-04 12:00;0.738473414;-0.811313345;1.202762314
2020-02-04 13:00;-0.483362567;0.709203086;-0.844626453
2020-02-04 14:00;0.436745818;1.449037013;-2.320379476
2020-02-04 15:00;1.18395951;-0.866125296;-0.890945661
2020-02-04 16:00;-0.218828231;-1.788285614;1.767728619
2020-02-04 17:00;-2.255758763;0.224025094;-0.266126664
2020-02-04 18:00;-0.260098252;-0.798252994;0.202386391
2020-02-04 19:00;-1.154834905;-1.009752804;-0.869199947
2020-02-04 20:00;-0.361784588;-1.044717876;-1.657568918
2020-02-04 21:00;0.329390378;-0.849513237;-1.45841675
2020-02-04 22:00;0.744025662;-1.447073942;-0.504832113
2020-02-04 23:00;-1.100103248;-1.622792401;-1.241151914
2020-02-05 00:00;-2.833783848;-2.436077131;-1.983972977
2020-02-05 01:00;-3.786756098;-2.478968492;-0.453772607
2020-02-05 02:00;-3.64015484;-1.588851663;-1.203098463
2020-02-05 03:00;-1.870002709;-0.979909878;-0.262330239
2020-02-05 04:00;-0.428042048;0.102090832;0.01451029
2020-02-05 05:00;1.372862627;-0.625227864;-0.935423105
2020-02-05 06:00;0.339633224;0.283662041;-1.36107061
2020-02-05 07:00;-0.46729783;0.837922378;-1.388763556
2020-02-05 08:00;1.101440993;0.827917781;0.562912426
2020-02-05 09:00;-0.92055908;2.319098523;0.143736971
2020-02-05 10:00;1.415905626;3.278045997;-0.492746503
2020-02-05 11:00;2.929156784;4.144973181;0.579069806
2020-02-05 12:00;2.93536359;3.479229253;0.425198775
2020-02-05 13:00;0.644541519;4.010592513;0.447805534
2020-02-05 14:00;2.877064994;2.177187797;0.675410312
2020-02-05 15:00;2.509477556;1.995022465;0.91746131
2020-02-05 16:00;1.74751637;1.432026158;0.341966856
2020-02-05 17:00;3.31921747;0.436033752;1.508677581
2020-02-05 18:00;1.978328224;1.301946095;2.034750812
2020-02-05 19:00;1.915001451;1.56578925;0.104130426
2020-02-05 20:00;4.195795884;0.425460859;-0.911717436
2020-02-05 21:00;2.768354295;0.33314791;-2.517720216
2020-02-05 22:00;2.876903238;1.695333011;-2.268968623
2020-02-05 23:00;2.925744125;0.360428349;-2.458318443
2020-02-06 00:00;0.745184328;0.446114114;-2.445523293
2020-02-06 01:00;1.469890824;0.022624475;-3.221243785
2020-02-06 02:00;0.141266764;1.098799634;-2.921676903
2020-02-06 03:00;1.752433856;0.45162838;-0.732969539
2020-02-06 04:00;1.434182487;-0.680178992;-3.219711023
2020-02-06 05:00;2.996529861;-0.971614205;-2.8315356
2020-02-06 06:00;0.768495539;-1.877016847;-1.90831185
2020-02-06 07:00;0.322631052;-1.687630877;-1.58105346
2020-02-06 08:00;-1.123916576;-0.422500782;-1.053648657
2020-02-06 09:00;-1.225348688;0.103351719;-1.311908107
2020-02-06 10:00;-0.114056626;-0.327591279;-0.717865814
2020-02-06 11:00;-0.23394573;0.387380709;0.343238027
2020-02-06 12:00;0.294084106;-0.819637374;-0.140795946
2020-02-06 13:00;-0.328684553;-1.348243913;-0.051363864
2020-02-06 14:00;-0.216877011;-1.970634261;-1.491739393
2020-02-06 15:00;-1.768183529;-4.188547209;-2.323632718
2020-02-06 16:00;-4.228710334;-1.431981415;-2.142901834
2020-02-06 17:00;-2.946127211;-2.170695164;-1.882777991
2020-02-06 18:00;-1.657594659;-1.967936261;0.28497213
2020-02-06 19:00;-1.211767082;-1.094058615;-0.200000061
2020-02-06 20:00;-2.497864865;0.390766365;1.108968914
2020-02-06 21:00;-0.873819024;0.370357036;2.698310172
2020-02-06 22:00;0.134769331;0.30035686;2.951693835
2020-02-06 23:00;1.188628261;0.827768005;2.384032439
2020-02-07 00:00;0.881711918;1.303557167;1.096945836
2020-02-07 01:00;0.233167366;0.448928938;1.298387027
2020-02-07 02:00;1.734880623;1.4495947;1.784391501
2020-02-07 03:00;1.782557097;0.993493685;0.900720864
2020-02-07 04:00;1.964279802;0.634807876;0.17837792
2020-02-07 05:00;2.050515173;-2.169581945;0.127149499
2020-02-07 06:00;-2.89609265;-2.746929001;1.918826344
2020-02-07 07:00;-2.367925299;0.025909157;3.276222805
2020-02-07 08:00;-1.340846176;1.860828544;4.430104763
2020-02-07 09:00;0.556801451;4.099672502;2.310721155
2020-02-07 10:00;3.613778564;0.752185404;3.442622005
2020-02-07 11:00;2.586332347;0.762232385;1.91682172
2020-02-07 12:00;2.654178039;2.21357103;2.403488084
2020-02-07 13:00;1.953953215;1.925004226;1.386783075
2020-02-07 14:00;1.97183964;2.181568658;1.423157867
2020-02-07 15:00;2.560899706;4.174008347;1.743584366
2020-02-07 16:00;4.500731437;3.164168987;0.094888775
2020-02-07 17:00;5.082599022;2.139002513;0.481624716
2020-02-07 18:00;2.859773574;2.273795572;0.431723384
2020-02-07 19:00;2.869710403;0.714660161;1.420120489
2020-02-07 20:00;1.647143985;0.795460167;3.096603343
2020-02-07 21:00;1.897369086;-1.198951343;2.752426315
2020-02-07 22:00;-0.669409085;-2.133614486;1.314399069
2020-02-07 23:00;-2.874856955;-1.920609745;-0.049655071
2020-02-08 00:00;-1.005422444;-1.813597582;0.249145162
2020-02-08 01:00;-3.242186637;-1.802405361;-0.808351323
2020-02-08 02:00;-3.335066757;-1.987148763;-1.784344693
2020-02-08 03:00;-2.370618764;-1.381580297;-0.536680478
2020-02-08 04:00;-1.866753165;0.161287138;-1.703892158
2020-02-08 05:00;-0.780662404;-0.130583152;-3.330160521
2020-02-08 06:00;-1.855064525;0.219410829;-2.160705927
2020-02-08 07:00;-1.050543437;0.067450693;-0.929548584
2020-02-08 08:00;0.464994874;-1.698036058;-0.224257434
2020-02-08 09:00;-1.485968546;-1.374124947;0.596938386
2020-02-08 10:00;-2.80002962;-1.461736361;0.959342839
2020-02-08 11:00;-2.194155231;-0.906948389;0.321465273
2020-02-08 12:00;-0.556756983;-2.188294823;-0.275866657
2020-02-08 13:00;-1.921050766;-1.651466923;0.438102472
2020-02-08 14:00;-1.389117624;-2.18289974;0.535024044
2020-02-08 15:00;-2.891478651;-3.923912608;0.153465895
2020-02-08 16:00;-3.498774472;-2.092125139;-0.905914826
2020-02-08 17:00;-3.448162896;-2.536500959;-0.550260781
2020-02-08 18:00;-0.915719441;-2.281411665;-0.309236377
2020-02-08 19:00;-0.382146989;-2.094385846;-0.641300011
2020-02-08 20:00;-1.846995017;-1.126148327;0.316329417
2020-02-08 21:00;-1.384475427;-2.007098803;-0.216731205
2020-02-08 22:00;-2.228069328;-3.583538032;0.127125699
2020-02-08 23:00;-4.069441694;-3.884948929;0.007212049
2020-02-09 00:00;-4.613830154;-3.844399021;1.599469986
2020-02-09 01:00;-4.13011628;-2.537362534;2.685134424
2020-02-09 02:00;-1.568123196;-3.043749892;2.21449756
2020-02-09 03:00;-3.574501655;-1.670594266;1.449391508
2020-02-09 04:00;-2.283017427;-1.18153176;-1.832451362
2020-02-09 05:00;-3.56771713;1.194039806;-0.664213929
2020-02-09 06:00;-1.894098938;0.946440305;-1.744776922
2020-02-09 07:00;-1.356821857;0.55686258;-0.807149199
2020-02-09 08:00;0.118203046;1.393826546;0.076680394
2020-02-09 09:00;2.154954996;1.612760996;-0.941279782
2020-02-09 10:00;2.888501527;-0.047821536;-1.493773902
2020-02-09 11:00;2.712300253;-0.147807237;-1.167753577
2020-02-09 12:00;2.524023039;1.980920117;-1.418754473
2020-02-09 13:00;2.322704913;1.81064935;-0.861722722
2020-02-09 14:00;2.926874079;-0.016872248;-1.015412679
2020-02-09 15:00;0.493691695;0.090833526;-0.398235195
2020-02-09 16:00;0.604267484;0.791075559;-0.566641427
2020-02-09 17:00;1.624090252;0.504998717;0.604689704
2020-02-09 18:00;0.892481953;-1.855222502;1.885661878
2020-02-09 19:00;-0.722909238;-0.314065921;1.613152963
2020-02-09 20:00;0.014394551;0.723316804;0.706472846
2020-02-09 21:00;1.718819601;-0.613972621;0.26282947
2020-02-09 22:00;1.333675644;-1.411641213;1.460605126
2020-02-09 23:00;-0.572646342;-2.273669128;1.61395793
2020-02-10 00:00;-4.306317098;-0.464946565;2.859465196
2020-02-10 01:00;-2.582114952;0.253194524;1.849066861
2020-02-10 02:00;-1.682316974;-1.638024444;1.402600832
2020-02-10 03:00;-1.386847339;-0.33852254;1.263781121
2020-02-10 04:00;1.154742199;-1.279811612;2.620873556
2020-02-10 05:00;-0.457457884;-1.343265696;3.224621461
2020-02-10 06:00;-1.950147015;0.421951477;1.708961794
2020-02-10 07:00;-1.993085737;0.764474965;2.129323684
2020-02-10 08:00;1.005886599;-0.903994691;1.673288555
2020-02-10 09:00;-0.68857296;-0.627145242;2.874970462
2020-02-10 10:00;0.022124615;0.058804993;1.066698715
2020-02-10 11:00;1.267486223;0.550830437;0.373449576
2020-02-10 12:00;0.266674585;0.006052266;0.885502916
2020-02-10 13:00;1.202378246;1.31063478;-0.88183702
2020-02-10 14:00;0.33604302;0.253902801;-1.475900877
2020-02-10 15:00;-0.247901603;-0.962367473;-1.671395666
2020-02-10 16:00;1.585354733;-0.083703647;-1.104448706
2020-02-10 17:00;1.826929427;-0.033946974;-0.393804845
2020-02-10 18:00;-1.329124073;-0.790904996;-0.193920012
2020-02-10 19:00;-2.517315393;0.282418755;0.869875792
2020-02-10 20:00;-1.534582231;-0.828169732;3.217323117
2020-02-10 21:00;-1.278240376;-1.0875224;3.629307152
2020-02-10 22:00;-2.49887485;-1.016187925;2.476947566
2020-02-10 23:00;-3.899719727;-0.132053032;2.018896068
2020-02-11 00:00;-2.338282629;-0.476181749;1.026613305
2020-02-11 01:00;0.42115779;-0.716006905;1.863932935
2020-02-11 02:00;0.278845189;1.476464075;1.351231389
2020-02-11 03:00;-0.56833119;0.387192211;0.244639259
2020-02-11 04:00;-0.246244035;0.129463942;0.68125139
2020-02-11 05:00;0.482000991;-0.127391476;1.464149541
2020-02-11 06:00;0.65319406;0.106788083;0.693819678
2020-02-11 07:00;0.255184799;0.433259543;-0.858508483
2020-02-11 08:00;-0.29974129;-0.362359252;-1.587008079
2020-02-11 09:00;0.93498333;-1.626567489;0.561437465
2020-02-11 10:00;-1.438349905;-1.176185355;0.469698872
2020-02-11 11:00;-2.079279806;-0.244344508;-1.040097523
2020-02-11 12:00;-1.136714011;-0.217595317;-0.87018077
2020-02-11 13:00;0.025240011;-0.688107552;-0.444512147
2020-02-11 14:00;-0.460645965;-0.476912321;0.134812462
2020-02-11 15:00;-2.201041632;-1.123930115;0.070985128
2020-02-11 16:00;-1.24869119;-1.126115705;-1.018007495
2020-02-11 17:00;-2.181191021;-0.329450875;-1.475723055
2020-02-11 18:00;-0.778241989;-0.728396121;-2.436895855
2020-02-11 19:00;1.395214775;0.079854419;-0.626962781
2020-02-11 20:00;1.45730496;-1.687790843;0.197838474
2020-02-11 21:00;-2.822952817;-0.945823042;-0.196928338
2020-02-11 22:00;-2.28070777;-1.961533047;0.682916406
2020-02-11 23:00;-0.183959859;-2.611576778;-0.002131816
2020-02-12 00:00;-3.54065942;0.663440443;0.596718832
2020-02-12 01:00;-0.126294761;-0.739707817;1.537534791
2020-02-12 02:00;-0.962390052;0.26351887;2.043819713
2020-02-12 03:00;-0.834647659;1.268621146;1.209331368
2020-02-12 04:00;0.074031443;0.852569408;0.045267014
2020-02-12 05:00;-1.142628583;2.214165966;0.762814409
2020-02-12 06:00;0.960419072;0.795448677;0.683486785
2020-02-12 07:00;0.806356999;0.388762368;0.997085576
2020-02-12 08:00;1.342520519;-0.049643327;1.310732544
2020-02-12 09:00;1.641256444;2.14885576;0.779987299
2020-02-12 10:00;4.076068948;2.255992467;-1.660767171
2020-02-12 11:00;3.298263709;-0.396000799;-1.762770606
2020-02-12 12:00;0.8489288;-2.434973232;-2.088373002
2020-02-12 13:00;-1.71919767;-1.69652375;-1.433715261
2020-02-12 14:00;-3.330349914;-1.973460187;-1.171376963
2020-02-12 15:00;-4.357656587;-1.725654978;-1.3474644
2020-02-12 16:00;-3.675533192;-1.446346652;-0.433503856
2020-02-12 17:00;-1.850259948;-0.406962904;-1.057673581
2020-02-12 18:00;-0.735832095;1.167138338;-0.133456451
2020-02-12 19:00;1.150897122;3.111985844;0.849424746
2020-02-12 20:00;0.82498265;3.350779835;0.812576418
2020-02-12 21:00;3.26850757;2.8454586;1.712160819
2020-02-12 22:00;4.250192087;2.743476127;1.207672709
2020-02-12 23:00;4.36604725;0.903846801;-1.205533555
2020-02-13 00:00;4.691631857;-1.258799483;-0.430235236
2020-02-13 01:00;-0.256478472;-0.888153848;-2.493006774
2020-02-13 02:00;-1.228047877;-0.267899341;-2.250104533
2020-02-13 03:00;0.967281631;-2.306539842;-1.826444547
2020-02-13 04:00;1.131209437;-1.625542931;-2.421332165
2020-02-13 05:00;0.239781022;-0.809688108;-2.590408233
2020-02-13 06:00;-0.481004008;0.278750461;-1.880544771
2020-02-13 07:00;2.162387628;-0.230242773;-0.826609383
2020-02-13 08:00;-0.698835417;-2.256030273;-0.151173634
2020-02-13 09:00;-2.416441575;-1.356512682;0.082133481
2020-02-13 10:00;-2.398307722;-2.275445068;-0.539138125
2020-02-13 11:00;-3.326040411;-2.309694372;-1.250177511
2020-02-13 12:00;-3.471124603;-1.139802065;-1.195400341
2020-02-13 13:00;-2.727742948;-2.085180413;-1.186241963
2020-02-13 14:00;-2.282708839;0.986569861;-0.33000119
2020-02-13 15:00;-0.846040121;1.172206381;1.605155025
2020-02-13 16:00;0.620922352;1.810851069;0.475267289
2020-02-13 17:00;2.132797255;1.296936434;1.266223957
2020-02-13 18:00;2.277311277;0.338436514;-0.424142782
2020-02-13 19:00;1.240278245;-0.441978538;0.391026911
2020-02-13 20:00;-0.486889514;-1.417834759;-0.116705144
2020-02-13 21:00;-2.273001564;-0.211393022;-1.32067665
2020-02-13 22:00;-0.348351795;0.022865391;-1.210887942
2020-02-13 23:00;-0.518076132;0.563210051;-0.045486987
2020-02-14 00:00;0.267813809;0.141255676;0.228523555
2020-02-14 01:00;1.174426543;-0.531998739;0.454171011
2020-02-14 02:00;0.075157206;0.917510297;-0.091300167
2020-02-14 03:00;1.080387964;-0.203854828;-0.689915877
2020-02-14 04:00;1.25591008;-1.592390402;-0.859548649
2020-02-14 05:00;0.616346383;-2.666144174;-1.172781709
2020-02-14 06:00;1.041713418;-3.420134153;0.067822286
2020-02-14 07:00;-2.611594395;-1.13332264;-0.368457574
2020-02-14 08:00;-1.823752214;-0.473513249;0.951438418
2020-02-14 09:00;-0.496362441;-1.415531541;2.225117238
2020-02-14 10:00;-1.486634781;-2.548477;0.394798218
2020-02-14 11:00;-2.79216421;-2.682291337;-0.812179111
2020-02-14 12:00;-2.425745506;-1.679817943;-0.185751877
2020-02-14 13:00;-3.225834682;-0.714365018;1.618647461
2020-02-14 14:00;-2.706146028;0.741282163;2.317942481
2020-02-14 15:00;1.389378032;-0.286604532;0.571692626
2020-02-14 16:00;1.152311225;0.644378727;2.053476305
2020-02-14 17:00;1.407061673;-0.515058652;0.959769356
2020-02-14 18:00;0.030213035;-0.702243936;0.866558706
2020-02-14 19:00;-0.611059605;0.03614376;0.634544822
2020-02-14 20:00;-0.614544539;-1.121113575;0.095783505
2020-02-14 21:00;-1.296936976;0.771624934;0.520881699
2020-02-14 22:00;-0.832441146;0.113697675;0.415239122
2020-02-14 23:00;-0.527405721;0.230805835;-1.125476157
2020-02-15 00:00;0.446838832;-0.888907217;0.55431488
2020-02-15 01:00;0.50099434;0.423605653;-0.929490314
2020-02-15 02:00;1.902866855;1.385156933;-1.216843338
2020-02-15 03:00;1.369002198;0.633824954;-2.020157092
2020-02-15 04:00;1.147058873;0.020888361;-2.317898766
2020-02-15 05:00;0.44892056;-0.255324929;-1.686602271
2020-02-15 06:00;0.722074435;-1.164530264;-0.249294004
2020-02-15 07:00;-0.356464994;0.06483146;-1.247554588
2020-02-15 08:00;0.161821;-0.098415698;-0.857000825
2020-02-15 09:00;1.73703949;-1.151575682;-1.872574653
2020-02-15 10:00;1.947642477;0.132868751;-0.339553522
2020-02-15 11:00;-0.332307549;-0.781809448;-0.012864387
2020-02-15 12:00;-0.154043063;-1.727936395;-1.150671151
2020-02-15 13:00;-0.928892653;-1.210316234;-0.034555992
2020-02-15 14:00;-1.625732817;-1.896686847;-0.188787695
2020-02-15 15:00;-0.169988395;-3.913916396;1.590451654
2020-02-15 16:00;-2.361207256;-3.201474289;2.987935268
2020-02-15 17:00;-2.870232838;-0.953774036;2.086668559
2020-02-15 18:00;-2.373078068;0.324200379;2.310606333
2020-02-15 19:00;-2.015600815;1.290296871;2.919793392
2020-02-15 20:00;-0.256527275;1.562916462;4.731995506
2020-02-15 21:00;0.072584862;1.196725079;2.352225453
2020-02-15 22:00;1.002764638;3.564340823;0.565131699
2020-02-15 23:00;1.736674164;0.764280509;0.240714778
2020-02-16 00:00;1.078587094;-1.323444985;-0.662817715
2020-02-16 01:00;-3.006733048;-0.720691831;0.103609182
2020-02-16 02:00;-2.325932725;-1.924758343;0.73378338
2020-02-16 03:00;-0.759522649;-2.006717044;1.930247618
2020-02-16 04:00;-1.790264268;-1.806908974;1.618728293
2020-02-16 05:00;-2.690165477;0.517743982;1.803611527
2020-02-16 06:00;0.70121162;0.474099583;2.040283406
2020-02-16 07:00;0.206255597;0.858747305;1.364475023
2020-02-16 08:00;1.203023588;0.316230442;1.159210897
2020-02-16 09:00;-0.309021384;-1.544857192;-0.666278017
2020-02-16 10:00;-1.075775092;-0.256174571;-1.632747756
2020-02-16 11:00;-2.384799584;-0.777850206;-1.390078143
2020-02-16 12:00;-0.650164033;-1.15915542;-2.584938948
2020-02-16 13:00;-1.043536757;-0.570747204;-0.109624853
2020-02-16 14:00;-2.764919424;-0.104217804;-0.51066638
2020-02-16 15:00;-1.596016382;-0.015343446;-0.297316941
2020-02-16 16:00;-0.431585889;-1.69011451;-0.23200872
2020-02-16 17:00;-0.582686631;-0.420732065;-0.629344126
2020-02-16 18:00;-1.168942744;0.918911934;-0.049649326
2020-02-16 19:00;0.213621706;0.708617165;0.617371045
2020-02-16 20:00;1.409347656;0.236753631;-1.541583004
2020-02-16 21:00;0.240566752;0.447706581;-2.74387288
2020-02-16 22:00;2.436106117;-0.506791494;-2.471445019
2020-02-16 23:00;-1.042654042;-0.825078937;-2.585311579
2020-02-17 00:00;-1.006791896;-1.044691967;-1.535783401
2020-02-17 01:00;-2.406359963;-2.676193033;0.263377215
2020-02-17 02:00;-4.010824825;-4.187680625;-1.8956864
2020-02-17 03:00;-4.529736475;-3.322491522;-1.997844972
2020-02-17 04:00;-3.053114698;-2.745480387;-2.234911493
2020-02-17 05:00;-3.749873369;-3.192528736;-1.480911583
2020-02-17 06:00;-4.649040314;-2.217478979;-0.532370041
2020-02-17 07:00;-2.485699843;-2.524889802;0.852578875
2020-02-17 08:00;-3.24601784;-0.899731378;-0.770170683
2020-02-17 09:00;-1.377121995;-0.866394976;-0.868661768
2020-02-17 10:00;-1.427949269;-1.396237501;-0.330929344
2020-02-17 11:00;-1.843351072;-0.773535643;-0.9055615
2020-02-17 12:00;-2.767561827;-1.612732171;-3.011686087
2020-02-17 13:00;-2.830903718;-0.619490071;-1.787095677
2020-02-17 14:00;-1.79788076;0.121396627;-1.625518029
2020-02-17 15:00;1.299081064;-0.423441241;-1.452632774
2020-02-17 16:00;-0.45106272;-0.777853054;-1.203261573
2020-02-17 17:00;-1.198603056;-0.434648707;-0.013935634
2020-02-17 18:00;-1.447404281;-2.295725569;0.496015382
2020-02-17 19:00;-2.895207314;-2.337331495;0.295178646
2020-02-17 20:00;-3.021104966;-2.148099936;-0.868949864
2020-02-17 21:00;-4.579183781;-0.481588826;1.737457796
2020-02-17 22:00;-4.270028751;0.60829704;-0.004509236
2020-02-17 23:00;0.485565259;1.41004638;0.357380484
2020-02-18 00:00;0.591791622;1.298514636;1.447541782
2020-02-18 01:00;0.373406274;-0.143989574;2.189742491
2020-02-18 02:00;-0.422268083;-1.170541256;1.686721234
2020-02-18 03:00;-1.444496547;-0.814224916;2.575498393
2020-02-18 04:00;-1.395879918;0.055885232;3.148456315
2020-02-18 05:00;-1.332193605;0.065787664;2.425570075
2020-02-18 06:00;-1.679794307;-0.057334153;1.998845996
2020-02-18 07:00;-1.016561506;0.35914513;0.774758666
2020-02-18 08:00;-3.221384775;0.039757143;1.80995428
2020-02-18 09:00;-2.618430833;1.890090827;1.37298077
2020-02-18 10:00;-0.074508285;0.406648864;-0.725350002
2020-02-18 11:00;-1.435946675;0.864375658;-0.920993812
2020-02-18 12:00;1.114088851;0.948157328;-1.870843441
2020-02-18 13:00;-0.50825405;0.243481606;-1.248215811
2020-02-18 14:00;-0.238123643;0.28962249;-2.930229183
2020-02-18 15:00;-1.082132444;-1.243729429;0.59562071
2020-02-18 16:00;-1.077870265;-2.510730491;-0.473487698
2020-02-18 17:00;-1.586632605;-2.874609685;-2.088468697
2020-02-18 18:00;-1.216580623;-3.652437026;-2.555956082
2020-02-18 19:00;-3.113658643;-1.436810087;-2.83117583
2020-02-18 20:00;-2.931766534;-2.715134978;-2.953135604
2020-02-18 21:00;-2.519738218;-1.301756597;-2.042238666
2020-02-18 22:00;-1.797384566;-0.202022505;-1.054391843
2020-02-18 23:00;1.29333095;-2.202208854;0.445893554
2020-02-19 00:00;-1.695651292;-2.289749037;0.531112061
2020-02-19 01:00;-0.778735205;-0.158121711;-1.562717377
2020-02-19 02:00;-0.927095037;1.004517763;-0.34464164
2020-02-19 03:00;0.078336453;2.739751675;-1.273763372
2020-02-19 04:00;0.406663267;2.532925904;-0.01785575
2020-02-19 05:00;4.042640104;-0.496620918;-0.843027912
2020-02-19 06:00;0.363566566;-1.685318237;-1.343446274
2020-02-19 07:00;-1.115103238;-0.991894052;-0.828460289
2020-02-19 08:00;-1.618228723;-0.020913204;0.253877176
2020-02-19 09:00;0.660942879;1.338944736;-0.412638278
2020-02-19 10:00;1.477314442;0.453664025;0.099818865
2020-02-19 11:00;1.37024286;-0.767678605;-0.228743872
2020-02-19 12:00;0.316235127;-0.274885447;-0.428338189
2020-02-19 13:00;-1.020151251;-1.27553823;-0.504139472
2020-02-19 14:00;-1.59621272;-1.279719713;-1.06050645
2020-02-19 15:00;-2.44843165;-2.156406612;-0.201217863
2020-02-19 16:00;-2.535360374;-1.776796029;0.089945765
2020-02-19 17:00;-2.262948891;-2.377640569;-0.697061789
2020-02-19 18:00;-3.739925935;-2.777382467;-0.904121031
2020-02-19 19:00;-3.951575621;-2.839787539;0.326485725
2020-02-19 20:00;-4.026050425;-3.396632839;-1.102934651
2020-02-19 21:00;-4.019775724;-2.316483428;-2.42607333
2020-02-19 22:00;-2.687686054;-1.463552297;-1.941056099
2020-02-19 23:00;-1.279689515;-1.098724634;-3.040632662
2020-02-20 00:00;0.186744478;-0.551730208;-1.899648406
2020-02-20 01:00;-0.834610031;-2.142705986;-0.049606559
2020-02-20 02:00;-1.153395816;0.599656739;1.088688629
2020-02-20 03:00;-1.211611304;1.641156373;1.800343629
2020-02-20 04:00;1.285856651;2.964980679;1.04051538
2020-02-20 05:00;3.041574563;0.770289147;0.638137907
2020-02-20 06:00;2.598984439;1.683153578;0.821024269
2020-02-20 07:00;2.850095945;1.614999328;0.486422758
2020-02-20 08:00;3.665427667;1.527648497;1.01707112
2020-02-20 09:00;3.748641033;1.504154359;1.547532014
2020-02-20 10:00;3.036641694;0.774092614;0.32048388
2020-02-20 11:00;1.45654431;0.204877406;-0.776158551
2020-02-20 12:00;1.107086377;0.228006246;-0.808699376
2020-02-20 13:00;-0.165823697;0.779433794;-3.026403022
2020-02-20 14:00;2.647837513;1.246532151;-0.080268342
2020-02-20 15:00;2.729221395;0.422545212;-0.105442649
2020-02-20 16:00;0.610006727;-1.087187584;1.828532848
2020-02-20 17:00;-1.947499569;0.62595768;1.531276647
2020-02-20 18:00;-0.493985447;0.638799168;0.313670983
2020-02-20 19:00;0.671488512;0.307092312;-1.813411591
2020-02-20 20:00;1.959614287;1.562397502;0.181641444
2020-02-20 21:00;2.168476867;0.112717565;-0.161596946
2020-02-20 22:00;-0.164813889;0.705090034;-2.124042756
2020-02-20 23:00;2.465951277;-0.029053983;-2.684953938
2020-02-21 00:00;1.181114149;-0.800285858;-2.539674091
2020-02-21 01:00;-0.3547397;-0.0992801;-2.346724883
2020-02-21 02:00;-1.308719822;0.091607971;-2.089114333
2020-02-21 03:00;1.35325096;-0.054757145;-2.460111069
2020-02-21 04:00;0.904971246;0.028989072;-3.149753394
2020-02-21 05:00;1.417933901;-1.26177374;-2.572193114
2020-02-21 06:00;-2.443985279;-0.667973852;-2.996687112
2020-02-21 07:00;0.504233414;-0.739622819;-4.6213333
2020-02-21 08:00;0.342014369;-2.134884435;-5.855524707
2020-02-21 09:00;-1.297535832;-0.101366103;-5.127550806
2020-02-21 10:00;0.058603806;-1.612283503;-3.966632345
2020-02-21 11:00;-0.481707801;-1.025633604;-2.349573224
2020-02-21 12:00;-2.437735504;-0.508136057;-0.078861986
2020-02-21 13:00;-0.214368606;-0.08779014;0.486629845
2020-02-21 14:00;0.854608966;-0.20079397;0.487192343
2020-02-21 15:00;0.739548381;-0.390689956;-0.636485367
2020-02-21 16:00;-2.18647176;-1.150374933;0.58440216
2020-02-21 17:00;-1.801974147;0.277220971;0.894683867
2020-02-21 18:00;-0.31620176;1.196842301;1.65083957
2020-02-21 19:00;1.328917389;0.375094845;-1.15693607
2020-02-21 20:00;0.281496991;-0.003823922;-0.862965477
2020-02-21 21:00;0.919727698;-0.14725483;-2.792468132
2020-02-21 22:00;-0.901052865;0.396720734;-1.890123668
2020-02-21 23:00;0.876900523;1.207124484;-1.696303086
2020-02-22 00:00;1.695127824;0.60004035;-2.426729019
2020-02-22 01:00;1.39470801;2.270732371;-0.591563663
2020-02-22 02:00;1.417924815;3.529653114;-0.724422559
2020-02-22 03:00;1.141835069;2.808890465;-2.537439172
2020-02-22 04:00;3.071479301;0.696652478;-2.107795449
2020-02-22 05:00;1.577638789;1.180642628;-0.16598695
2020-02-22 06:00;1.073833709;1.377274322;1.096752952
2020-02-22 07:00;1.882621683;0.244632993;1.802629529
2020-02-22 08:00;1.562601299;-0.326630612;2.782993419
2020-02-22 09:00;0.200840375;-1.658698874;3.67219481
2020-02-22 10:00;0.127400936;-1.793077023;0.693513642
2020-02-22 11:00;-1.55441054;-1.421433508;0.836172216
2020-02-22 12:00;-0.968861772;-0.615004541;1.068053447
2020-02-22 13:00;-0.931774722;0.153120164;0.019719475
2020-02-22 14:00;-2.726196154;0.165338383;-0.679220316
2020-02-22 15:00;-0.277522789;-1.241201581;-0.569564761
2020-02-22 16:00;-0.618469458;-0.930308821;-2.722617314
2020-02-22 17:00;-0.11590532;-0.772466252;-0.211252987
2020-02-22 18:00;0.103238787;-0.335590028;0.384846117
2020-02-22 19:00;-0.05194662;-1.249047462;0.639344371
2020-02-22 20:00;1.14995133;-0.613611952;0.620807986
2020-02-22 21:00;-1.820686697;0.434388494;1.672782607
2020-02-22 22:00;-2.035276982;-0.465654301;1.429707841
2020-02-22 23:00;-1.072952788;0.289864229;1.985574043
2020-02-23 00:00;0.378192008;0.453051576;1.790686134
2020-02-23 01:00;0.220773061;-0.395922408;2.432146644
2020-02-23 02:00;-1.537805229;-0.802386056;3.915834566
2020-02-23 03:00;-3.299424318;-0.224925975;3.478090727
2020-02-23 04:00;-1.260178929;0.044770589;2.428415088
2020-02-23 05:00;-2.435499999;1.319383915;1.876382673
2020-02-23 06:00;-1.00830171;1.091275368;-1.416111399
2020-02-23 07:00;-0.367662601;0.767333048;-1.082240824
2020-02-23 08:00;0.220310466;0.499764083;-1.505993617
2020-02-23 09:00;-0.094495889;-0.469028071;-1.829010483
2020-02-23 10:00;-0.410885189;-1.387330835;-2.817255326
2020-02-23 11:00;-0.547473568;-0.595468742;-2.1060678
2020-02-23 12:00;-0.926240843;-1.504523012;-1.714687787
2020-02-23 13:00;-3.379779667;-1.061879061;-1.223805932
2020-02-23 14:00;-3.183640621;-0.922031258;-2.447964919
2020-02-23 15:00;-0.914477496;1.359262714;-0.828557715
2020-02-23 16:00;-0.084484811;0.786758594;-1.13839714
2020-02-23 17:00;1.039334851;0.897130399;0.070209598
2020-02-23 18:00;1.744138911;1.069857687;0.142533946
2020-02-23 19:00;2.367927835;-0.03306549;0.565521152
2020-02-23 20:00;2.608011648;0.901584365;-0.238497573
2020-02-23 21:00;2.274391943;0.800321185;-0.967578815
2020-02-23 22:00;2.282968428;1.231896789;0.742759901
2020-02-23 23:00;3.796855554;0.32987523;2.570692478
2020-02-24 00:00;2.220029622;0.709712085;2.971921027
2020-02-24 01:00;0.580107676;1.138571474;2.421310415
2020-02-24 02:00;-0.738979783;2.818092985;3.107286139
2020-02-24 03:00;1.572467891;1.949461437;2.279915428
2020-02-24 04:00;2.253650885;2.688308012;1.074679885
2020-02-24 05:00;3.233724012;3.355747323;1.030963239
2020-02-24 06:00;4.558730501;2.84270936;0.860105773
2020-02-24 07:00;2.503442667;4.464629338;1.528802566
2020-02-24 08:00;3.55491116;2.764309431;0.829593955
2020-02-24 09:00;3.63365267;1.511943521;1.050543178
2020-02-24 10:00;2.284852529;0.98820351;1.89580817
2020-02-24 11:00;2.05380008;2.468407079;1.664500144
2020-02-24 12:00;4.380868099;0.658495853;2.065835811
2020-02-24 13:00;1.115389849;0.482784966;0.784388758
2020-02-24 14:00;-0.025269141;-0.004599053;-0.51481229
2020-02-24 15:00;0.536337292;-0.969657662;0.219392579
2020-02-24 16:00;-1.010732714;-1.358337162;1.31685607
2020-02-24 17:00;-1.430544199;-2.070708156;1.148515032
2020-02-24 18:00;-3.522416887;-2.155384224;1.594076204
2020-02-24 19:00;-3.591428895;0.051930989;1.333211174
2020-02-24 20:00;-2.451929462;0.788835993;0.80997146
2020-02-24 21:00;-1.303093869;-0.3677829;0.90565327
2020-02-24 22:00;-0.663209596;-0.395821835;2.654921546
2020-02-24 23:00;0.263731295;2.093837305;3.153890578
2020-02-25 00:00;2.383198811;3.554849641;3.834462761
2020-02-25 01:00;3.725642049;4.029368907;1.789431979
2020-02-25 02:00;4.554766062;2.881363493;2.722478621
2020-02-25 03:00;4.089391624;1.639246928;1.028133679
2020-02-25 04:00;3.691325414;1.261096747;-0.205462
2020-02-25 05:00;2.96312904;1.355924634;-0.030629141
2020-02-25 06:00;1.424281468;-0.320205626;-0.607911119
2020-02-25 07:00;-0.367725357;1.220780848;0.478665807
2020-02-25 08:00;1.370222077;2.155102103;1.129265519
2020-02-25 09:00;2.693328229;2.345788905;-0.651068792
2020-02-25 10:00;4.665428828;0.81304769;-1.659566649
2020-02-25 11:00;3.934210508;0.775326579;-1.978942822
2020-02-25 12:00;2.243740198;1.527723485;-2.778963819
2020-02-25 13:00;1.903508278;1.04899747;-1.898435284
2020-02-25 14:00;3.19689056;-1.194562306;-2.705341222
2020-02-25 15:00;0.898117423;-1.202135356;-0.973178042
2020-02-25 16:00;-1.179091013;-1.597360786;-1.094863538
2020-02-25 17:00;-1.694144395;-3.433041752;-0.881861636
2020-02-25 18:00;-1.836846413;-1.557724019;-0.623913254
2020-02-25 19:00;-3.604355187;-1.572169169;-3.342858767
2020-02-25 20:00;-2.333315676;1.127606711;-1.311988547
2020-02-25 21:00;0.530268781;1.324749294;-0.190883488
2020-02-25 22:00;2.166751259;1.085379177;-0.549531245
2020-02-25 23:00;2.714325358;-1.423006075;-1.194527256
2020-02-26 00:00;0.107475627;-0.050562831;-0.792005138
2020-02-26 01:00;-0.519370069;-0.012112933;1.360786938
2020-02-26 02:00;-1.661249907;-0.823988906;-1.415990975
2020-02-26 03:00;-0.860904364;-1.907845456;-0.769044383
2020-02-26 04:00;0.047354125;-0.485659979;-2.638250566
2020-02-26 05:00;-0.584222673;0.968102813;-3.484789248
2020-02-26 06:00;1.172269155;2.171828363;-2.410392017
2020-02-26 07:00;4.131837606;1.863606376;-0.201483592
2020-02-26 08:00;1.78400271;-0.638749189;2.113587655
2020-02-26 09:00;-1.750597345;-0.556078519;1.243293893
2020-02-26 10:00;-3.3006429;1.448703964;0.531670754
2020-02-26 11:00;-1.802470824;0.862033691;0.789316893
2020-02-26 12:00;0.751295344;-0.762338382;0.288538883
2020-02-26 13:00;-0.438625079;0.333394271;0.737419218
2020-02-26 14:00;-0.460980104;1.549880226;-0.397286486
2020-02-26 15:00;1.697005174;0.668724515;-1.10172895
2020-02-26 16:00;-0.51156932;0.875258762;-1.274884986
2020-02-26 17:00;0.821530614;2.015840694;-0.331209698
2020-02-26 18:00;3.184731901;1.148692694;0.489187158
2020-02-26 19:00;1.987790223;0.221652613;0.021796077
2020-02-26 20:00;0.736055325;-0.792345914;-0.292504783
2020-02-26 21:00;0.69506639;0.15397343;-2.249533587
2020-02-26 22:00;0.864518149;-0.312907735;-2.499830673
2020-02-26 23:00;-0.412998533;1.290396004;-1.505834707
2020-02-27 00:00;0.733540783;0.388070891;0.396112752
2020-02-27 01:00;1.400212626;0.897606775;0.058315956
2020-02-27 02:00;2.141757815;0.440184676;0.387384605
2020-02-27 03:00;1.332034371;-0.302611236;2.388979523
2020-02-27 04:00;0.058193656;-1.16092424;1.971755521
2020-02-27 05:00;-2.305572707;-0.13736767;1.144012742
2020-02-27 06:00;-2.190857141;0.156455099;-0.830524873
2020-02-27 07:00;-2.488769787;-0.309718868;-2.319390551
2020-02-27 08:00;-1.07508623;-0.522103934;-3.547729695
2020-02-27 09:00;-1.28627127;-2.631522462;-1.465855875
2020-02-27 10:00;-1.940193257;-2.875164773;-2.374678092
2020-02-27 11:00;-2.247012918;-3.568438855;-1.99024145
2020-02-27 12:00;-4.819113266;-1.708109365;-1.606796604
2020-02-27 13:00;-3.266122673;-1.113786368;-1.102669179
2020-02-27 14:00;-3.179758987;-1.8833961;-1.462298753
2020-02-27 15:00;-1.968553141;-3.15605477;0.181635377
2020-02-27 16:00;-3.028768964;-1.78640978;-0.026495684
2020-02-27 17:00;-4.86917569;-0.655336626;1.816192904
2020-02-27 18:00;-4.049220411;3.220201452;2.900964428
2020-02-27 19:00;0.775781845;2.2298626;1.931227357
2020-02-27 20:00;-0.248360392;2.203260363;-0.355805129
2020-02-27 21:00;0.669770157;1.56740826;0.601035341
2020-02-27 22:00;1.494949325;2.427072811;-0.736182166
2020-02-27 23:00;2.570354708;0.725062527;0.399115769
2020-02-28 00:00;1.855156791;1.513450493;-0.94072437
2020-02-28 01:00;3.016576341;-0.134406453;-1.278337145
2020-02-28 02:00;1.466903837;1.635081226;-1.432078834
2020-02-28 03:00;2.094182643;1.031586846;-1.628488454
2020-02-28 04:00;0.946118081;1.075083951;-2.945234834
2020-02-28 05:00;2.474332361;1.693328203;-1.483412395
2020-02-28 06:00;0.452309311;1.905131856;-2.225138515
2020-02-28 07:00;2.386134071;1.905900753;-1.825467623
2020-02-28 08:00;3.117990998;1.111100557;-1.486962003
2020-02-28 09:00;1.888966366;1.926088618;-0.011525854
2020-02-28 10:00;3.638042231;1.322038798;-0.568616441
2020-02-28 11:00;3.014249668;0.987116874;-1.853853767
2020-02-28 12:00;0.419907183;0.825102621;-1.919466823
2020-02-28 13:00;-0.905494873;0.199267405;-0.39559964
2020-02-28 14:00;-0.362362942;-1.050941456;1.510890893
2020-02-28 15:00;-0.796882969;0.235250469;0.422217358
2020-02-28 16:00;-1.829168276;0.056318877;-0.424013716
2020-02-28 17:00;0.132856927;-0.274186027;-0.764744585
2020-02-28 18:00;0.139537928;-0.162347126;-0.983060374
2020-02-28 19:00;-0.559434852;1.251933906;0.242930016
2020-02-28 20:00;-0.021666651;0.49563251;-0.718796676
2020-02-28 21:00;1.792017378;2.04268284;-0.52794404
2020-02-28 22:00;1.557176821;2.307177249;-1.023511187
2020-02-28 23:00;3.717254165;1.287956255;-1.350261377
2020-02-29 00:00;2.035529986;1.229605128;-0.517464002
2020-02-29 01:00;1.425524887;1.735871631;-0.289194476
2020-02-29 02:00;1.874095586;0.038355228;0.849748504
2020-02-29 03:00;0.267869994;0.852804986;0.310977801
2020-02-29 04:00;1.525826854;0.605240321;0.414211182
2020-02-29 05:00;2.209629378;1.020080498;0.016157556
2020-02-29 06:00;2.046700563;-0.895924774;0.319392406
2020-02-29 07:00;0.736198697;0.403404574;-0.488707688
2020-02-29 08:00;1.00385311;1.808127141;-0.015735016
2020-02-29 09:00;3.258574791;1.027564452;0.750994251
2020-02-29 10:00;1.920757476;-0.584630997;0.123089641
2020-02-29 11:00;0.195707711;-0.511407994;-0.491125605
2020-02-29 12:00;-0.814898805;-0.962971703;-1.170676972
2020-02-29 13:00;-0.8461961;-0.672956972;-0.398454559
2020-02-29 14:00;-1.729035554;0.122941391;-2.101604773
2020-02-29 15:00;0.511328291;-1.273892024;-3.649946667
2020-02-29 16:00;-1.436927712;-1.452096615;-1.401534353
2020-02-29 17:00;-0.124008548;-0.360710831;-1.376811227
2020-02-29 18:00;0.413903103;1.054693557;-0.537295451
2020-02-29 19:00;-0.598046133;0.433457997;-0.593321474
2020-02-29 20:00;0.781275613;0.681855917;-0.260627115
2020-02-29 21:00;1.18398454;-1.370915473;-0.335880734
2020-02-29 22:00;0.457214889;-0.067454821;0.921514847
2020-02-29 23:00;-0.896909134;-0.88720279;0.32558733
2020-03-01 00:00;-0.068587405;-0.851288509;0.175944329
2020-03-01 01:00;-1.070060339;-1.497766227;-1.623838763
2020-03-01 02:00;-0.915585614;-1.263379699;-1.559897492
2020-03-01 03:00;-1.903279298;-0.223498807;0.469755646
2020-03-01 04:00;-0.334086879;-1.462479238;1.449534834
2020-03-01 05:00;-1.553305919;-0.151748578;-0.239776557
2020-03-01 06:00;-2.390279046;-0.140472151;-0.713250514
2020-03-01 07:00;0.091625031;0.45438543;-2.593013868
2020-03-01 08:00;4.196948216;0.376840603;-1.587930907
2020-03-01 09:00;2.320830095;-0.380421803;-1.141899098
2020-03-01 10:00;2.225983612;0.041641256;0.691783839
2020-03-01 11:00;2.364821407;0.524617696;0.437138872
2020-03-01 12:00;1.871491828;0.411380671;-0.913062898
2020-03-01 13:00;0.417543223;2.216058564;-0.647245543
2020-03-01 14:00;2.331716673;0.903021361;-1.046705037
2020-03-01 15:00;3.297517396;1.839186751;0.679164886
2020-03-01 16:00;3.806272038;3.09628706;-0.556979044
2020-03-01 17:00;4.292616106;1.494633671;0.317001429
2020-03-01 18:00;3.403878597;1.02796947;1.276107887
2020-03-01 19:00;1.935112784;1.640841031;1.70097479
2020-03-01 20:00;2.119441672;-1.60981765;-0.170369698
2020-03-01 21:00;0.457351221;-1.06566755;0.647956675
2020-03-01 22:00;-0.349148962;-0.604065829;-0.259248667
2020-03-01 23:00;1.073449863;-1.530277514;-0.474939622
2020-03-02 00:00;-1.179096589;-2.163625188;-1.495601866
2020-03-02 01:00;-2.749757771;-1.682549874;-1.280982322
2020-03-02 02:00;-2.009256576;1.007420683;-0.472041719
2020-03-02 03:00;-1.32337825;-0.25182929;0.049244086
2020-03-02 04:00;-1.146251532;-2.026514312;0.997762809
2020-03-02 05:00;-2.845551189;-2.755352731;-0.344440879
2020-03-02 06:00;-3.74859237;-2.71410754;-0.684912421
2020-03-02 07:00;-4.792432592;-3.259280271;-1.005808064
2020-03-02 08:00;-4.826017111;-0.287247022;-1.088615724
2020-03-02 09:00;-2.683871919;2.096416332;-0.920529761
2020-03-02 10:00;0.519726305;1.694993219;-0.873554323
2020-03-02 11:00;-0.29018161;1.550310285;-1.179762277
2020-03-02 12:00;0.29647278;0.620417127;0.829769347
2020-03-02 13:00;0.04465211;-0.946283289;0.78981487
2020-03-02 14:00;-0.755653962;-1.485784401;0.740597527
2020-03-02 15:00;-1.33358684;-1.335105699;1.655431643
2020-03-02 16:00;-3.345494955;-0.580558461;1.513041344
2020-03-02 17:00;-1.846989937;0.035238599;0.378234116
2020-03-02 18:00;0.70479938;-0.657664095;0.786576216
2020-03-02 19:00;-1.782331034;1.134900594;0.289232703
2020-03-02 20:00;-0.045887414;2.318737504;-0.573617914
2020-03-02 21:00;0.803413714;1.936361292;-0.218230355
2020-03-02 22:00;3.240366059;1.612887593;0.05583277
2020-03-02 23:00;4.385580101;0.906458576;0.830259399
2020-03-03 00:00;2.457332444;0.686871549;2.076266825
2020-03-03 01:00;3.532719944;-1.070079874;2.599232172
2020-03-03 02:00;1.973600421;-0.619353607;0.182357826
2020-03-03 03:00;0.194620079;-0.777478899;-0.01941446
2020-03-03 04:00;0.379655128;-2.165996861;-0.256570236
2020-03-03 05:00;-0.273430822;-1.525870921;-0.233668326
2020-03-03 06:00;-1.384613566;1.712141204;0.135587736
2020-03-03 07:00;1.327312603;1.892639778;0.827585068
2020-03-03 08:00;1.123106118;1.760745695;0.895333262
2020-03-03 09:00;0.868600941;3.493010857;1.244639184
2020-03-03 10:00;2.12710961;0.322795649;1.843046215
2020-03-03 11:00;0.033887071;0.835604119;0.958384511
2020-03-03 12:00;0.118346601;1.128487051;-0.733471253
2020-03-03 13:00;1.468998171;0.765130367;0.60217636
2020-03-03 14:00;3.711878698;1.362277658;0.488326195
2020-03-03 15:00;4.206728079;0.306103293;-2.621235715
2020-03-03 16:00;2.151904267;0.788807933;-1.77299251
2020-03-03 17:00;1.785656698;0.360132778;-1.290362258
2020-03-03 18:00;0.954992922;-2.31137353;-1.02211983
2020-03-03 19:00;-1.055546409;-1.244762957;-2.434915343
2020-03-03 20:00;-1.064427802;-2.122297084;-1.492462278
2020-03-03 21:00;-3.5588986;-0.947979708;-0.910002803
2020-03-03 22:00;-3.288992573;-0.353973295;0.78547524
2020-03-03 23:00;-0.317649911;-0.119391685;1.51454833
2020-03-04 00:00;-1.642222682;0.606713587;1.553989208
2020-03-04 01:00;-0.543431797;2.83337706;1.997017823
2020-03-04 02:00;2.656750719;2.043186114;2.22532028
2020-03-04 03:00;3.776208027;2.056866561;0.132106751
2020-03-04 04:00;3.163393534;1.557948839;-0.101110899
2020-03-04 05:00;3.165082778;0.196940212;-0.687754694
2020-03-04 06:00;4.570124042;-0.977006956;-0.382063947
2020-03-04 07:00;3.148487091;0.782641543;0.742776979
2020-03-04 08:00;1.253962967;-0.269959051;-0.232183926
2020-03-04 09:00;-0.434639773;0.266067993;0.51664311
2020-03-04 10:00;-2.056809221;0.527753231;1.273331964
2020-03-04 11:00;-1.296925449;0.935889723;-0.614782272
2020-03-04 12:00;1.828778609;0.229085224;0.537119156
2020-03-04 13:00;1.377076358;0.888505661;2.321492797
2020-03-04 14:00;0.315140068;1.342485207;1.279684434
2020-03-04 15:00;0.357107351;1.061049537;1.011378906
2020-03-04 16:00;2.760149791;1.870333149;-1.70952258
2020-03-04 17:00;2.061488704;0.403819443;-1.968538147
2020-03-04 18:00;1.034275094;0.876720832;-1.072557385
2020-03-04 19:00;1.630690963;-0.317713836;-0.710185508
2020-03-04 20:00;2.415254882;-0.273348525;-0.984411109
2020-03-04 21:00;1.686003657;0.31182262;-0.108541737
2020-03-04 22:00;1.295507206;0.561982931;-1.00990798
2020-03-04 23:00;0.208246385;-0.573467084;-0.839449024
2020-03-05 00:00;1.681180501;0.866093886;-0.252879847
2020-03-05 01:00;1.530628954;-0.406973221;0.337380659
2020-03-05 02:00;-0.809913396;1.381101227;-1.048324956
2020-03-05 03:00;1.041052441;2.134418077;1.181155134
2020-03-05 04:00;2.533377356;2.635175727;-0.264064752
2020-03-05 05:00;2.219197175;-0.043539806;0.868925085
2020-03-05 06:00;1.3908766;0.356364707;-0.045468023
2020-03-05 07:00;1.496623786;0.054991501;-0.912340175
2020-03-05 08:00;0.15574098;-2.431846628;-1.61428181
2020-03-05 09:00;-1.913223423;-2.653556418;-1.603961264
2020-03-05 10:00;-0.935766079;-1.525391483;-1.76702532
2020-03-05 11:00;-0.664618732;-1.514711562;-2.392676355
2020-03-05 12:00;-1.589533185;-1.280196099;-0.771498886
2020-03-05 13:00;-1.63904787;-2.39503013;-0.635522684
2020-03-05 14:00;-1.039904463;-1.183392836;0.606157468
2020-03-05 15:00;-0.242408537;-1.814210813;1.507123416
2020-03-05 16:00;-0.356271792;-1.78076344;0.251467451
2020-03-05 17:00;-1.656840024;-2.630601248;0.610429308
2020-03-05 18:00;-3.162961168;-1.950177001;-0.003852024
2020-03-05 19:00;-3.049606501;-3.43587825;-1.023119959
2020-03-05 20:00;-1.285637937;-3.622421925;0.678727854
2020-03-05 21:00;-3.366919972;-4.116013313;1.314795725
2020-03-05 22:00;-5.027461615;-2.367712723;-0.014016908
2020-03-05 23:00;-4.812741575;-2.240336572;0.489994716
2020-03-06 00:00;-3.718193198;-0.6450084;0.783772535
2020-03-06 01:00;-2.219975005;-0.878529556;1.723589382
2020-03-06 02:00;-2.77456919;-1.767748399;1.150386362
2020-03-06 03:00;-3.61397847;-1.392481497;-0.393601944
2020-03-06 04:00;-1.513956193;-2.371027027;-1.011846329
2020-03-06 05:00;-2.293226653;0.386932854;-1.865547479
2020-03-06 06:00;0.191911683;0.330522083;0.640576266
2020-03-06 07:00;-0.370707232;1.232419536;-0.145025209
2020-03-06 08:00;1.643913591;0.585565575;-0.6538846
2020-03-06 09:00;1.129075807;0.371700523;0.917427931
2020-03-06 10:00;0.682885777;1.659630151;0.791448684
2020-03-06 11:00;0.910335113;1.122779478;0.411924264
2020-03-06 12:00;2.924600428;0.603565742;-0.726692918
2020-03-06 13:00;1.296358524;0.732607965;1.706515677
2020-03-06 14:00;2.102058965;-0.616200805;1.656873314
2020-03-06 15:00;-0.659028053;0.196570482;0.524140819
2020-03-06 16:00;0.501725457;1.62019172;-0.329454384
2020-03-06 17:00;1.951789076;0.094958436;-1.82948978
2020-03-06 18:00;1.237614762;0.167872694;-1.158146389
2020-03-06 19:00;0.244456458;-1.018091134;-1.732330123
2020-03-06 20:00;-1.844771836;-1.894352342;-1.177291507
2020-03-06 21:00;-3.688195671;-1.243489755;-1.408975677
2020-03-06 22:00;-2.179340659;-1.2348654;-1.231047873
2020-03-06 23:00;-2.437998525;-1.314937218;-1.025188556
2020-03-07 00:00;-2.834459035;1.411204077;-1.036479081
2020-03-07 01:00;-1.997006825;2.25090192;-1.070048964
2020-03-07 02:00;-0.101529007;2.571753084;-2.06750444
2020-03-07 03:00;1.679344683;1.614874585;-1.443922965
2020-03-07 04:00;1.770378467;2.006992943;-1.972415899
2020-03-07 05:00;0.908831284;0.436096945;-2.222693986
2020-03-07 06:00;2.270006372;-0.99532065;-0.972489559
2020-03-07 07:00;0.337497598;-1.04186005;-0.211902156
2020-03-07 08:00;-1.639204395;-0.703832395;-1.0592314
2020-03-07 09:00;-1.369513277;1.907675456;-1.556450016
2020-03-07 10:00;0.258517949;2.984305534;-0.581561698
2020-03-07 11:00;1.970864798;1.18416168;0.477208941
2020-03-07 12:00;1.020832273;1.10410861;1.872407044
2020-03-07 13:00;1.952979334;1.970767226;1.114302326
2020-03-07 14:00;1.18811874;0.655622333;0.376614848
2020-03-07 15:00;0.521576509;0.793302808;0.420645356
2020-03-07 16:00;1.309520107;-0.544551183;2.227929404
2020-03-07 17:00;-1.726053535;-1.731380334;2.553827754
2020-03-07 18:00;-0.283256733;-2.660665425;2.024492017
2020-03-07 19:00;-5.77603029;-0.565338343;2.312972243
2020-03-07 20:00;-3.423407613;1.164192572;1.297504691
2020-03-07 21:00;-1.291572126;-0.012527495;0.553800392
2020-03-07 22:00;-0.36239638;-0.424209037;0.87598093
2020-03-07 23:00;0.610489169;-0.061047158;0.241775734
2020-03-08 00:00;0.512423271;-2.162520223;-2.281446449
2020-03-08 01:00;-1.116394007;-2.212592291;-1.74744359
2020-03-08 02:00;-3.694583926;-2.18154551;-2.682300403
2020-03-08 03:00;-3.366250338;-2.817859008;-1.58322931
2020-03-08 04:00;-2.610692181;-0.932713495;-1.763135137
2020-03-08 05:00;-3.213349634;-0.970360445;-2.172065593
2020-03-08 06:00;-1.651321685;-0.546465494;-1.483555606
2020-03-08 07:00;-1.730016695;-0.751169085;-2.930523325
2020-03-08 08:00;0.339603213;-0.554347699;-2.959706311
2020-03-08 09:00;-0.595188933;-0.876783685;-3.004250778
2020-03-08 10:00;-1.8558776;-1.4001095;-3.666617338
2020-03-08 11:00;-1.489289538;-1.546823685;-2.557913377
2020-03-08 12:00;-1.512060584;-1.002606695;-1.681466592
2020-03-08 13:00;-1.074787505;-3.636422147;-2.357945252
2020-03-08 14:00;-3.370330232;-4.698645458;-1.504794243
2020-03-08 15:00;-5.446732884;-2.305149118;-0.713417079
2020-03-08 16:00;-4.088264937;-1.748373176;-0.192842335
2020-03-08 17:00;-4.331555856;-1.411421752;-1.587940805
2020-03-08 18:00;-2.29013847;0.496772006;-0.361705663
2020-03-08 19:00;-2.19823586;-0.812957084;-1.785481112
2020-03-08 20:00;-3.030579989;-0.037642004;-0.857037178
2020-03-08 21:00;-2.818426919;0.219851389;-0.880932984
2020-03-08 22:00;-0.911487211;-0.862753868;-0.186380457
2020-03-08 23:00;-0.116331015;-0.124680276;0.436573247
2020-03-09 00:00;-1.614277631;0.627218289;-0.409244781
2020-03-09 01:00;0.484626822;-0.102065389;-0.906821649
2020-03-09 02:00;1.104566712;1.373386656;-0.396929864
2020-03-09 03:00;2.157490321;-0.173783779;0.106916213
2020-03-09 04:00;-0.533082357;0.478580081;-0.482430371
2020-03-09 05:00;-1.010185979;1.262027487;0.502938549
2020-03-09 06:00;-0.805378149;1.36894337;-0.218909853
2020-03-09 07:00;1.014375623;1.175233008;-1.025829521
2020-03-09 08:00;0.460410027;1.528165131;-1.147796278
2020-03-09 09:00;0.610209957;2.224951207;-1.873678999
2020-03-09 10:00;2.547671886;2.233789614;-0.843615902
2020-03-09 11:00;4.481631489;1.557540361;-0.418440982
2020-03-09 12:00;3.218348309;1.718104901;0.002762853
2020-03-09 13:00;2.645407939;1.390891852;0.787408309
2020-03-09 14:00;2.01254853;1.30831585;0.612479033
2020-03-09 15:00;1.513638725;0.884231938;-0.557092226
2020-03-09 16:00;2.176795188;-0.696839055;-0.017978819
2020-03-09 17:00;1.136796953;-0.667381811;-0.372016299
2020-03-09 18:00;0.409398102;-1.886990139;-0.768939916
2020-03-09 19:00;0.096302015;-1.544021717;1.220766239
2020-03-09 20:00;-0.526039832;-0.894713133;2.337655769
2020-03-09 21:00;-1.174779908;0.26708282;3.313603171
2020-03-09 22:00;-0.24008601;-0.969759807;2.623193721
2020-03-09 23:00;-2.844149475;-0.792758285;1.615146496
2020-03-10 00:00;-3.497590537;-0.588895603;1.422102001
2020-03-10 01:00;-3.482390996;0.242276637;0.73958161
2020-03-10 02:00;-3.084070983;-0.279881931;0.873858906
2020-03-10 03:00;-1.723809046;-2.496047496;-0.474475758
2020-03-10 04:00;-1.735336058;0.237656909;-0.838402746
2020-03-10 05:00;-1.10823843;-0.737568276;-0.608287399
2020-03-10 06:00;-1.792132987;0.15201512;-0.710509542
2020-03-10 07:00;-1.777065007;1.115715833;-0.966647242
2020-03-10 08:00;2.126067122;0.867803771;1.081435219
2020-03-10 09:00;1.331162064;1.089742989;1.983699276
2020-03-10 10:00;2.125022082;2.292109403;2.818995957
2020-03-10 11:00;4.192817263;3.000465006;2.682825909
2020-03-10 12:00;4.393873163;2.558738167;2.73372204
2020-03-10 13:00;4.916962493;3.215296138;2.748007307
2020-03-10 14:00;3.641760233;1.968033661;1.480661567
2020-03-10 15:00;3.69735889;1.516794162;0.365679185
2020-03-10 16:00;3.596401148;-0.216497362;0.443533631
2020-03-10 17:00;1.965476311;1.41383066;-1.667832789
2020-03-10 18:00;3.278862766;1.438504825;0.001442789
2020-03-10 19:00;2.927950856;0.486164252;1.010981204
2020-03-10 20:00;2.41455445;-0.241709013;-1.93473706
2020-03-10 21:00;0.949601999;-0.52450516;-1.672192241
2020-03-10 22:00;0.425722293;0.489916868;-3.087704725
2020-03-10 23:00;-1.118871145;-0.915056533;-3.395839315
2020-03-11 00:00;-1.251764426;-0.097233612;-2.922659658
2020-03-11 01:00;-0.678289867;0.422942725;-2.819959109
2020-03-11 02:00;0.993947732;-1.894909767;-4.23773604
2020-03-11 03:00;1.023039727;-1.494869313;-3.785974053
2020-03-11 04:00;-0.007409055;-1.5747305;-3.831339389
2020-03-11 05:00;0.347342935;-2.770178558;-2.18251918
2020-03-11 06:00;-2.277873523;-3.173215862;-2.957660019
2020-03-11 07:00;-3.617434917;-1.709833227;-1.491626095
2020-03-11 08:00;-1.329554943;-3.539399172;-0.962031334
2020-03-11 09:00;-3.417278078;-1.810350528;-0.578542604
2020-03-11 10:00;-2.996145382;-3.261847709;-0.557759667
2020-03-11 11:00;-1.933022938;-2.237989452;0.2631391
2020-03-11 12:00;-3.984671676;-0.928559551;-1.681289636
2020-03-11 13:00;-3.400235104;-2.424151477;0.188916378
2020-03-11 14:00;-3.992428752;-0.575484529;-0.321060582
2020-03-11 15:00;-2.67691041;-0.694011459;-0.012270424
2020-03-11 16:00;-1.866552111;-2.559739219;-0.560092667
2020-03-11 17:00;-0.989443519;-0.639514964;-0.981622564
2020-03-11 18:00;-1.268711337;0.442363657;0.392383168
2020-03-11 19:00;1.424506793;1.691710941;-0.175202787
2020-03-11 20:00;2.869774274;0.380371418;-0.503784308
2020-03-11 21:00;2.595973917;0.726668421;0.453048082
2020-03-11 22:00;1.38708667;-1.066401663;1.488331045
2020-03-11 23:00;0.238689713;0.387207867;0.411319416
2020-03-12 00:00;1.275215371;-1.763388015;0.79323794
2020-03-12 01:00;1.720262248;-3.431385455;0.923506263
2020-03-12 02:00;0.038887668;-1.670556738;0.019830467
2020-03-12 03:00;-1.425194484;-1.688319453;-0.018290136
2020-03-12 04:00;-2.394679192;-0.708795487;0.055744929
2020-03-12 05:00;-2.017625036;-0.431551126;-1.023919113
2020-03-12 06:00;-2.516045805;-2.629345991;-2.571151698
2020-03-12 07:00;-1.323870512;-0.772071285;-2.918478935
2020-03-12 08:00;1.026660229;0.436444055;-1.610938464
2020-03-12 09:00;0.532371538;-0.045151804;-0.375034681
2020-03-12 10:00;0.865688627;0.351254097;0.628843613
2020-03-12 11:00;-0.70767005;0.039969491;1.138014413
2020-03-12 12:00;0.131812173;1.659948156;1.940791918
2020-03-12 13:00;1.208479121;-0.529868895;1.819097331
2020-03-12 14:00;0.468857239;-1.394392366;0.601854848
2020-03-12 15:00;0.333018988;-1.511315204;2.069435902
2020-03-12 16:00;-1.886790519;0.361588765;1.594193239
2020-03-12 17:00;-1.098103918;0.495241295;0.785185581
2020-03-12 18:00;0.519693625;1.151120853;-0.318417178
2020-03-12 19:00;0.271587482;1.147612144;-1.055923276
2020-03-12 20:00;2.656350626;-0.206759528;0.471722371
2020-03-12 21:00;1.115408789;-0.793974666;-0.61160401
2020-03-12 22:00;0.233112368;-0.557461967;-0.089904527
2020-03-12 23:00;-1.012012167;-1.675470955;1.077043692
2020-03-13 00:00;-2.536671373;0.122231584;3.702602434
2020-03-13 01:00;-2.015528976;1.96530564;3.85148372
2020-03-13 02:00;1.957708914;0.855443205;2.63040364
2020-03-13 03:00;1.728128732;0.307481103;0.895355356
2020-03-13 04:00;-0.030504394;0.580616789;1.702831875
2020-03-13 05:00;1.352188531;1.448843293;1.021313139
2020-03-13 06:00;1.567962264;0.979423807;1.120160032
2020-03-13 07:00;0.955432466;0.657742422;2.160106404
2020-03-13 08:00;0.347540811;0.854652799;2.082564887
2020-03-13 09:00;-0.667397185;1.551582937;1.25330228
2020-03-13 10:00;-0.593998719;1.918375649;-0.547967957
2020-03-13 11:00;0.879789224;1.154032236;-2.078776319
2020-03-13 12:00;1.306244162;1.242668181;-1.68492715
2020-03-13 13:00;1.385705219;0.708710297;-0.859196023
2020-03-13 14:00;1.289881446;0.092991351;-1.536891073
2020-03-13 15:00;0.246744223;0.53876889;-2.996871631
2020-03-13 16:00;-0.582061531;-1.077140761;-3.510271679
2020-03-13 17:00;0.813054307;-1.026615942;-2.990856511
2020-03-13 18:00;0.044700346;-0.199101235;-1.66084604
2020-03-13 19:00;-1.455433011;-1.272195987;-1.447066582
2020-03-13 20:00;-1.810123533;0.11537802;-0.775756185
2020-03-13 21:00;-0.950642503;-1.380465022;-2.412533467
2020-03-13 22:00;-1.136317915;-2.050940434;-1.039172567
2020-03-13 23:00;0.145533074;-0.417632756;0.017970972
2020-03-14 00:00;-1.619450825;-0.832289919;0.632161834
2020-03-14 01:00;-3.113862235;0.709034968;0.483862503
2020-03-14 02:00;-0.636311964;-0.279291856;0.516811403
2020-03-14 03:00;0.510787513;-0.117649145;-0.136857282
2020-03-14 04:00;-1.274930151;-0.814356107;-0.683175373
2020-03-14 05:00;-2.392175468;0.249964806;-1.240082107
2020-03-14 06:00;0.799453692;0.24392655;0.679499268
2020-03-14 07:00;-0.414629575;-1.116874755;-0.222036569
2020-03-14 08:00;-0.286059734;-0.070151015;-0.211468745
2020-03-14 09:00;0.745658521;1.181231272;-1.24746283
2020-03-14 10:00;0.510487307;0.683053963;-0.942803218
2020-03-14 11:00;-0.034378209;0.99576512;0.744073877
2020-03-14 12:00;-0.629894724;0.6782872;0.911456624
2020-03-14 13:00;1.988712334;1.794362867;-1.04187432
2020-03-14 14:00;3.120731581;1.773481443;-0.548335175
2020-03-14 15:00;4.226447676;-0.861394215;-2.309932201
2020-03-14 16:00;1.048672529;0.996786999;-1.03837558
2020-03-14 17:00;-0.068754591;0.273346036;-1.591857076
2020-03-14 18:00;-0.130298513;-1.55123873;-0.950744779
2020-03-14 19:00;-1.120120263;-0.546126853;-0.602876133
2020-03-14 20:00;-1.477048891;0.135308719;1.250567738
2020-03-14 21:00;-0.734424314;-0.656955479;-0.465775876
2020-03-14 22:00;0.253438034;2.504498042;-0.857736907
2020-03-14 23:00;2.798358462;2.509464726;-0.484162046
2020-03-15 00:00;4.68574997;1.180982277;1.878385187
2020-03-15 01:00;5.217838247;1.326850579;2.271542069
2020-03-15 02:00;4.026827612;0.440439252;2.448707424
2020-03-15 03:00;2.896282104;0.652577515;1.238036268
2020-03-15 04:00;1.5764538;2.744667085;2.009304263
2020-03-15 05:00;1.661565596;0.384918356;1.396536808
2020-03-15 06:00;1.575732014;1.209441184;1.658797102
2020-03-15 07:00;0.037182425;0.219581956;0.673699037
2020-03-15 08:00;1.859780196;-1.248956742;-0.631848418
2020-03-15 09:00;-1.333470558;-0.5128525;-0.52681226
2020-03-15 10:00;-2.027217818;0.691885245;0.113875027
2020-03-15 11:00;-1.502325008;-1.591144581;0.124972353
2020-03-15 12:00;-3.940859193;-2.217856166;0.141721822
2020-03-15 13:00;-3.869389171;-1.163175557;0.143977526
2020-03-15 14:00;-2.233158768;-1.90386879;0.239753131
2020-03-15 15:00;-4.339497754;-3.280259791;1.468614587
2020-03-15 16:00;-4.518371189;-2.941158973;0.602574391
2020-03-15 17:00;-4.599317692;-2.382585359;0.596939767
2020-03-15 18:00;-3.538805613;-3.119496934;1.152443849
2020-03-15 19:00;-3.862762211;-1.657127682;0.821388869
2020-03-15 20:00;-2.579938878;-0.912104985;-0.375235303
2020-03-15 21:00;-1.856231874;-0.125487788;-1.494632193
2020-03-15 22:00;-0.151159302;-0.07523978;-0.980531702
2020-03-15 23:00;-0.907312453;0.383553935;-2.448132494
2020-03-16 00:00;-0.629466023;0.216438664;-2.716212131
2020-03-16 01:00;0.663893522;-0.409985737;-2.217471256
2020-03-16 02:00;1.101763437;0.175491977;-2.311166788
2020-03-16 03:00;-0.249750521;-1.21492664;-0.808366817
2020-03-16 04:00;-3.280374259;-1.082063058;-0.282179193
2020-03-16 05:00;-1.93417148;-2.579183424;0.430757186
2020-03-16 06:00;-2.751353361;-2.865068893;0.34351868
2020-03-16 07:00;-4.067258778;-0.812161486;2.705232604
2020-03-16 08:00;-2.989415409;-0.770779063;1.239326849
2020-03-16 09:00;-2.227303089;-0.702168392;2.094167692
2020-03-16 10:00;-0.586823275;-0.073784671;2.248412185
2020-03-16 11:00;-1.634265489;-0.348883163;0.845702348
2020-03-16 12:00;-3.012615418;0.749197842;2.057130696
2020-03-16 13:00;-1.061551795;1.213276155;2.333291521
2020-03-16 14:00;0.132626817;-0.402667682;1.209775109
2020-03-16 15:00;-0.79533522;-1.23489186;-0.055896717
2020-03-16 16:00;-0.47955885;0.393185204;1.900882031
2020-03-16 17:00;1.441379997;1.025016765;2.286169064
2020-03-16 18:00;1.400993358;1.474029787;1.337530996
2020-03-16 19:00;0.855566288;1.543014102;2.150671737
2020-03-16 20:00;2.435058043;1.54365527;2.790238479
2020-03-16 21:00;1.994492139;0.147880615;1.392278807
2020-03-16 22:00;1.966008379;0.722247511;1.294156741
2020-03-16 23:00;1.922379847;-0.697172162;0.148498332
2020-03-17 00:00;-1.232870301;-0.911652962;0.123711292
2020-03-17 01:00;-1.395912524;-0.317968311;-0.853854728
2020-03-17 02:00;-2.596548699;-0.344945603;-1.692122007
2020-03-17 03:00;-0.001182706;-0.152763645;-1.446114751
2020-03-17 04:00;0.473710982;0.417618673;-1.635853382
2020-03-17 05:00;0.374076513;0.994046454;-0.909090709
2020-03-17 06:00;0.742218499;-1.020825136;-1.315544017
2020-03-17 07:00;2.267495366;-0.447668382;-1.461195747
2020-03-17 08:00;2.183057374;-0.646286523;0.011216555
2020-03-17 09:00;0.529430663;-0.263577729;0.069269486
2020-03-17 10:00;0.61093617;-0.652377872;-1.143938538
2020-03-17 11:00;0.415633548;0.19136521;0.125616205
2020-03-17 12:00;-1.216297117;1.394976835;0.046132205
2020-03-17 13:00;0.516604022;0.308643925;0.333995792
2020-03-17 14:00;1.753857841;-0.726015547;0.056678602
2020-03-17 15:00;-0.063123148;-0.787063217;-1.205677226
2020-03-17 16:00;-1.995684907;-0.17983863;-2.205043367
2020-03-17 17:00;0.622472628;-1.243777963;-1.478598916
2020-03-17 18:00;-2.062787706;-1.570160991;-1.995507767
2020-03-17 19:00;-0.552706074;-1.647524663;-0.982917827
2020-03-17 20:00;0.969285125;-0.570526781;-1.046429778
2020-03-17 21:00;0.144232864;-0.039499786;-0.687671117
2020-03-17 22:00;1.433703304;0.794468391;-0.330808872
2020-03-17 23:00;0.653401836;-1.439923513;-0.668314344
2020-03-18 00:00;-0.78787853;-0.274754541;0.883567678
2020-03-18 01:00;-2.487541732;-0.31557787;1.156610781
2020-03-18 02:00;-2.090738761;0.383009834;0.673083735
2020-03-18 03:00;0.873467554;-0.9149563;0.334682258
2020-03-18 04:00;0.322176455;1.817369742;0.702791529
2020-03-18 05:00;1.488685197;1.346553665;-0.269725011
2020-03-18 06:00;2.66070758;3.548591142;1.446170704
2020-03-18 07:00;4.777724915;3.746095382;0.158750245
2020-03-18 08:00;3.54732286;1.582840697;1.370351069
2020-03-18 09:00;2.179220366;0.339195274;2.422139609
2020-03-18 10:00;3.138398158;-0.161719631;2.474909663
2020-03-18 11:00;0.985320798;-0.038451223;1.922051853
2020-03-18 12:00;-0.942938517;0.932137913;2.273762434
2020-03-18 13:00;-0.548886534;1.014963053;2.225160195
2020-03-18 14:00;-1.022527098;1.728002599;2.500672206
2020-03-18 15:00;0.679971449;1.509521682;1.687610152
2020-03-18 16:00;0.871649591;1.78875358;2.881836419
2020-03-18 17:00;1.486835677;1.541027987;3.048614398
2020-03-18 18:00;0.556439768;0.518482361;3.515791872
2020-03-18 19:00;0.502614727;1.278220725;3.820147572
2020-03-18 20:00;1.147982681;0.091899225;1.472454324
2020-03-18 21:00;1.128013769;0.870465513;1.378269121
2020-03-18 22:00;0.466624287;0.545412143;2.151850663
2020-03-18 23:00;0.712982089;1.743244619;3.286435064
2020-03-19 00:00;0.36426539;1.463751392;2.778326643
2020-03-19 01:00;1.659199027;1.691784433;1.669307088
2020-03-19 02:00;1.620511712;0.6931237;1.959366072
2020-03-19 03:00;0.468773811;0.94680002;2.048554188
2020-03-19 04:00;2.287166664;1.541772319;0.621564809
2020-03-19 05:00;1.601751951;2.150936981;0.565489181
2020-03-19 06:00;1.395411378;2.227392475;0.145852135
2020-03-19 07:00;2.187057494;-0.545232425;-1.028254821
2020-03-19 08:00;0.654584446;0.197728492;-0.090682105
2020-03-19 09:00;1.065661124;0.298716278;0.646334922
2020-03-19 10:00;1.542676684;2.459955924;0.232484056
2020-03-19 11:00;2.880553117;0.818481035;-1.200460238
2020-03-19 12:00;2.160337059;-0.671190907;-0.832478071
2020-03-19 13:00;-0.172263232;-1.738180231;-1.204245993
2020-03-19 14:00;-1.464150341;-3.456579573;-1.80766762
2020-03-19 15:00;-2.741252798;-2.409743726;-2.499882846
2020-03-19 16:00;-2.857430127;-1.209790252;-1.223670554
2020-03-19 17:00;-2.895595515;-2.199269948;-1.679330847
2020-03-19 18:00;-3.03212695;-2.713224445;-0.294739292
2020-03-19 19:00;-3.88402653;-0.973588188;1.088865507
2020-03-19 20:00;-2.097687161;-0.244488766;0.276715701
2020-03-19 21:00;-0.453291865;1.14076947;0.42291417
2020-03-19 22:00;0.264005177;-2.258323471;1.140347754
2020-03-19 23:00;-0.600627035;-1.127935411;2.001501766
2020-03-20 00:00;-1.513410034;1.455342471;3.30813395
2020-03-20 01:00;-1.212276909;3.12845669;1.686816969
2020-03-20 02:00;1.55937726;2.972778333;2.93766222
2020-03-20 03:00;1.576799454;2.136825482;2.294700441
2020-03-20 04:00;2.084147315;1.020982146;-0.055326149
2020-03-20 05:00;0.004865291;-1.527720303;-0.473648146
2020-03-20 06:00;0.216527116;-1.293875559;-0.060425235
2020-03-20 07:00;0.056165227;-0.264420526;-0.70338874
2020-03-20 08:00;0.134199151;1.45295719;0.762133531
2020-03-20 09:00;1.508670902;3.539828105;-0.166669463
2020-03-20 10:00;2.735725773;4.029882443;-0.82420084
2020-03-20 11:00;4.24819052;1.834538357;-0.406393116
2020-03-20 12:00;5.817347174;1.058524011;-0.284403451
2020-03-20 13:00;3.915646537;0.938548283;1.339751903
2020-03-20 14:00;0.428562586;-0.351922646;0.255111801
2020-03-20 15:00;2.516722425;-0.524563947;0.044724938
2020-03-20 16:00;-1.004287992;-0.717420831;-0.388675644
2020-03-20 17:00;-1.540364018;0.063457546;-0.683902978
2020-03-20 18:00;-0.140213229;-0.69221166;-0.411866303
2020-03-20 19:00;0.207427825;-0.34985286;1.919677904
2020-03-20 20:00;-1.330207309;-0.25047;2.058637554
2020-03-20 21:00;-0.3206222;1.189220037;1.22325998
2020-03-20 22:00;-0.020168663;0.797709748;2.293388563
2020-03-20 23:00;2.995414876;1.306385639;1.983134664
2020-03-21 00:00;2.221859856;0.572638531;1.961656422
2020-03-21 01:00;2.029547209;2.494959639;1.38488335
2020-03-21 02:00;4.578283554;2.266732433;1.640256186
2020-03-21 03:00;3.071233739;3.888065329;1.075597988
2020-03-21 04:00;5.655377099;3.941156694;-0.309971331
2020-03-21 05:00;5.543331741;1.82119495;0.917237601
2020-03-21 06:00;3.359960758;1.756740657;0.007118307
2020-03-21 07:00;3.938492146;2.096659786;0.468936011
2020-03-21 08:00;4.288682122;2.207443849;1.709465106
2020-03-21 09:00;3.471658889;1.072623373;1.031702864
2020-03-21 10:00;1.744945176;0.601056067;-0.769163046
2020-03-21 11:00;1.997927929;0.691867244;-0.201073975
2020-03-21 12:00;0.631680648;0.172336875;-1.742629286
2020-03-21 13:00;0.518777811;-0.079274362;-1.830200956
2020-03-21 14:00;1.701326377;0.722246375;-1.731447493
2020-03-21 15:00;1.071191465;1.606483112;-1.031181368
2020-03-21 16:00;2.602534127;-0.30091418;-0.880820855
2020-03-21 17:00;1.43971526;-1.882941537;0.316305951
2020-03-21 18:00;-0.371600325;-2.749243361;0.445620989
2020-03-21 19:00;-2.339322526;-1.116356181;1.36558676
2020-03-21 20:00;-2.734190617;0.085475494;1.371514081
2020-03-21 21:00;-1.547633429;1.490959491;0.785838113
2020-03-21 22:00;-0.254338666;0.824204384;1.396573602
2020-03-21 23:00;1.02770454;-0.749489818;1.963094288
2020-03-22 00:00;-1.437622648;-1.294287381;1.96965988
2020-03-22 01:00;-1.322927221;-0.741580353;0.889317971
2020-03-22 02:00;-0.943755887;-0.502588035;3.048910708
2020-03-22 03:00;-1.646709225;1.381222078;1.660135082
2020-03-22 04:00;-0.168360738;0.901737278;2.30050544
2020-03-22 05:00;-0.082900502;0.247015602;1.233926482
2020-03-22 06:00;-0.811343495;0.075680892;0.597105323
2020-03-22 07:00;0.154511897;0.270726049;-0.078340072
2020-03-22 08:00;0.758713257;1.249160721;0.268123383
2020-03-22 09:00;1.590364144;-0.662144367;0.655359492
2020-03-22 10:00;1.761428966;-2.288407916;-2.752914338
2020-03-22 11:00;0.157502324;0.681664382;-1.849432519
2020-03-22 12:00;0.795899036;0.30325036;-1.927064393
2020-03-22 13:00;-0.92345063;-0.328867628;-3.165538097
2020-03-22 14:00;0.156205486;0.335544589;-3.661460558
2020-03-22 15:00;0.984862286;0.39311666;-1.741877047
2020-03-22 16:00;0.138820438;0.127288736;-3.547390288
2020-03-22 17:00;0.588718063;-1.814023738;-3.73482088
2020-03-22 18:00;1.523394178;-0.14841876;-5.06023358
2020-03-22 19:00;0.282003022;-1.279671973;-4.583931733
2020-03-22 20:00;-1.982876297;-1.835102308;-4.07014802
2020-03-22 21:00;-1.768474957;-0.048083702;-2.460264138
2020-03-22 22:00;-1.271542031;0.596672823;-2.870632984
2020-03-22 23:00;0.139006712;-0.24181705;-1.438183904
2020-03-23 00:00;0.600720467;0.600243757;-3.794965607
2020-03-23 01:00;1.079744979;-0.817210567;-3.91562148
2020-03-23 02:00;0.657444566;-0.921256822;-2.27875273
2020-03-23 03:00;0.413030054;-0.195096987;-0.963169782
2020-03-23 04:00;-0.588945966;-0.212963055;0.827714614
2020-03-23 05:00;-0.127618556;-0.688659538;0.29034034
2020-03-23 06:00;-0.775634414;-1.84101039;0.226397797
2020-03-23 07:00;-1.790544407;-0.931471735;0.815037303
2020-03-23 08:00;-1.842051321;0.425709779;2.854605555
2020-03-23 09:00;-0.595920574;0.103377998;-0.939964309
2020-03-23 10:00;0.218008164;-0.937676321;1.313811093
2020-03-23 11:00;-2.049723508;-1.313504903;0.611529912
2020-03-23 12:00;-2.704490503;-0.130008636;-0.890921367
2020-03-23 13:00;-1.360377558;-1.044586783;-1.829327889
2020-03-23 14:00;0.065585901;-0.858010606;-1.335451907
2020-03-23 15:00;0.671323589;-1.958343431;-0.361740937
2020-03-23 16:00;1.126379975;-0.93723573;1.158783796
2020-03-23 17:00;-0.897271825;-0.639009392;0.031992411
2020-03-23 18:00;-1.147856283;-1.39201856;-0.849971352
2020-03-23 19:00;-0.869086007;-0.418396779;-1.018766244
2020-03-23 20:00;-1.203634939;0.521830194;0.09589993
2020-03-23 21:00;-0.464146127;0.35973763;0.529075215
2020-03-23 22:00;-0.018166962;0.223215386;0.372048494
2020-03-23 23:00;-0.026098006;-0.84302539;0.478768793
2020-03-24 00:00;-0.524773488;0.350100549;-1.005613485
2020-03-24 01:00;0.236937995;0.665316568;-0.385092578
2020-03-24 02:00;0.685693654;-1.193413714;-1.892682055
2020-03-24 03:00;0.402541422;-1.078924575;-1.175005372
2020-03-24 04:00;-2.728562682;-0.333394887;-2.789407614
2020-03-24 05:00;-3.299555987;-0.812148044;-2.308022651
2020-03-24 06:00;-2.08023563;-1.284887494;-2.958563791
2020-03-24 07:00;-1.746658955;0.627638026;-1.280627285
2020-03-24 08:00;-0.75713872;-0.034870657;-3.119756349
2020-03-24 09:00;0.110778676;1.420297515;-0.789186565
2020-03-24 10:00;-0.095806665;1.424002121;-0.801025936
2020-03-24 11:00;-0.896870934;2.008851215;0.294207091
2020-03-24 12:00;-0.008633827;2.592162353;0.02648262
2020-03-24 13:00;0.796558853;1.19718685;0.743959333
2020-03-24 14:00;0.325453406;0.031762674;0.992514065
2020-03-24 15:00;-0.333816283;-0.18692005;0.345098208
2020-03-24 16:00;-0.540575057;0.696170335;1.335908519
2020-03-24 17:00;-0.748514938;1.071133387;1.913931621
2020-03-24 18:00;-0.507404621;3.249614986;1.305084516
2020-03-24 19:00;2.469145223;2.949049433;0.247199161
2020-03-24 20:00;2.309931951;2.369112241;0.479586785
2020-03-24 21:00;3.018582455;1.265806024;2.004624167
2020-03-24 22:00;1.423365515;-1.110572244;2.294702851
2020-03-24 23:00;-0.113357776;-0.92122828;0.726107149
2020-03-25 00:00;-1.395830767;-0.825419651;2.046659996
2020-03-25 01:00;-1.215760879;-0.717276437;1.113760348
2020-03-25 02:00;-2.03933847;-0.703942669;-0.136504967
2020-03-25 03:00;-1.530823092;0.13235997;0.766409884
2020-03-25 04:00;0.367019764;0.184385347;1.252103936
2020-03-25 05:00;-0.399742608;0.095793613;1.771015804
2020-03-25 06:00;-1.098922904;0.90855248;0.962668707
2020-03-25 07:00;-0.245869004;1.152228453;0.747714219
2020-03-25 08:00;1.160050874;1.55705546;2.521960084
2020-03-25 09:00;0.513968176;1.335958876;0.298407446
2020-03-25 10:00;1.527704424;1.476887604;-0.166022853
2020-03-25 11:00;2.608550325;1.965814535;-0.216885469
2020-03-25 12:00;3.251938256;2.429109617;0.594794347
2020-03-25 13:00;3.525495122;2.094852182;0.96512136
2020-03-25 14:00;0.985680077;2.433284686;1.156760941
2020-03-25 15:00;1.921253545;2.264618578;0.993536177
2020-03-25 16:00;2.71762889;2.11970115;2.663752669
2020-03-25 17:00;2.698531766;1.056086385;2.050008096
2020-03-25 18:00;3.63397954;1.533746447;3.564699875
2020-03-25 19:00;3.314087294;2.274808532;2.44913523
2020-03-25 20:00;1.134221663;2.223152691;1.091383152
2020-03-25 21:00;0.592366047;1.758878185;1.617829512
2020-03-25 22:00;0.173058075;0.638982752;1.184018661
2020-03-25 23:00;0.672021162;2.22536778;0.181391623
2020-03-26 00:00;1.654426012;2.490170109;0.311794991
2020-03-26 01:00;2.362751384;1.190058022;-0.20737709
2020-03-26 02:00;1.709269356;0.387477995;1.159174438
2020-03-26 03:00;1.763996473;0.799821057;0.43018969
2020-03-26 04:00;1.492171006;2.180323059;-0.627264336
2020-03-26 05:00;1.720046432;1.72180815;0.538069644
2020-03-26 06:00;0.945430963;1.349338183;-0.445483976
2020-03-26 07:00;1.72704754;-1.181127361;0.42285699
2020-03-26 08:00;-0.252938098;-1.556726521;0.199143247
2020-03-26 09:00;-1.01347393;-2.168112339;2.015085232
2020-03-26 10:00;-2.607546412;-2.054033119;1.137030332
2020-03-26 11:00;-4.907270265;-1.468936682;1.965010862
2020-03-26 12:00;-3.353209008;-0.154758653;2.558139629
2020-03-26 13:00;-1.965323654;0.626199803;2.351861753
2020-03-26 14:00;0.676797752;2.234014448;0.825720634
2020-03-26 15:00;2.435793439;1.839777262;1.726460149
2020-03-26 16:00;2.200856245;-0.838832776;2.369711958
2020-03-26 17:00;1.206135943;0.135364318;1.930973976
2020-03-26 18:00;-0.78320341;1.619751248;1.779214536
2020-03-26 19:00;1.81529329;2.883509199;3.201853112
2020-03-26 20:00;2.523145319;3.039466094;2.389117617
2020-03-26 21:00;4.219006693;2.935484892;1.820254033
2020-03-26 22:00;4.11942194;2.978578732;2.755613798
2020-03-26 23:00;3.678256712;2.798415567;2.946751495
2020-03-27 00:00;3.982778732;3.308928604;2.165430895
2020-03-27 01:00;4.701624745;1.055813297;1.431155936
2020-03-27 02:00;4.710002725;-0.004945557;-0.34499094
2020-03-27 03:00;2.366994691;1.212035673;-1.797292255
2020-03-27 04:00;2.65823402;0.811618867;-2.251954524
2020-03-27 05:00;1.850411825;0.502502783;-1.297303152
2020-03-27 06:00;1.824771105;1.59709398;-2.971815835
2020-03-27 07:00;2.128583112;0.364974624;-3.270726671
2020-03-27 08:00;1.110958836;2.099089866;-1.28952728
2020-03-27 09:00;0.783225658;1.592483379;-2.702264184
2020-03-27 10:00;1.751083904;0.108671776;-4.006647368
2020-03-27 11:00;3.578571494;0.551486927;-5.569384684
2020-03-27 12:00;3.319946461;0.910300919;-3.903351137
2020-03-27 13:00;5.596390078;-0.512962438;-2.293570804
2020-03-27 14:00;3.019160852;-0.706795076;-2.555193434
2020-03-27 15:00;1.336733555;0.265680232;-3.461392248
2020-03-27 16:00;0.297866043;-1.321243696;-3.910290205
2020-03-27 17:00;-1.382292204;0.96693411;-3.223290128
2020-03-27 18:00;0.442269085;0.501937597;-1.853986509
2020-03-27 19:00;0.43574336;-0.529898122;-1.293079007
2020-03-27 20:00;-0.92857167;-1.427819768;-0.624903124
2020-03-27 21:00;-1.963252722;-0.775026805;-1.766755829
2020-03-27 22:00;-0.166058976;0.21025907;-0.76040711
2020-03-27 23:00;0.211706361;-0.777795904;-0.042350043
2020-03-28 00:00;-2.575582741;-1.045486014;0.672555623
2020-03-28 01:00;-1.352528813;-0.367925141;0.786364906
2020-03-28 02:00;-0.812822909;-1.409871305;0.180468946
2020-03-28 03:00;0.210065565;-1.310746103;-1.588403906
2020-03-28 04:00;-0.169754213;-1.151545281;-2.262485653
2020-03-28 05:00;-0.225739811;-2.008438938;-0.842525759
2020-03-28 06:00;-3.096374351;-3.175566189;-0.963037399
2020-03-28 07:00;-4.294946511;-5.737035997;-1.765204238
2020-03-28 08:00;-5.589823031;-6.058984883;-1.646796373
2020-03-28 09:00;-6.771923211;-3.621309234;-0.393723733
2020-03-28 10:00;-4.879025783;-3.002943666;-1.126230461
2020-03-28 11:00;-3.761705404;-2.107995449;-1.580585606
2020-03-28 12:00;-2.821978419;-1.00266059;-1.834994063
2020-03-28 13:00;-1.573200402;0.144877524;-1.767405977
2020-03-28 14:00;-1.237589769;0.814427333;-0.661366894
2020-03-28 15:00;0.111800315;-0.565949655;0.371026217
2020-03-28 16:00;-0.999698485;0.832085987;-0.841939379
2020-03-28 17:00;-1.21440099;0.14382532;-0.41070707
2020-03-28 18:00;-0.676046294;-0.784202859;1.277134388
2020-03-28 19:00;-1.532732739;-0.510175597;1.369025706
2020-03-28 20:00;0.433868736;-0.500151001;0.924212178
2020-03-28 21:00;-1.422011985;-1.340022536;0.640880772
2020-03-28 22:00;-1.71284125;-0.985720827;0.772726907
2020-03-28 23:00;-1.149095118;-1.958075852;1.334467341
2020-03-29 00:00;-1.19174662;-0.890816927;0.273147228
2020-03-29 01:00;-2.545441909;0.80476544;0.624339303
2020-03-29 02:00;-1.033368587;1.236019682;-1.330303559
2020-03-29 03:00;0.182354912;0.63379051;-0.39563824
2020-03-29 04:00;1.38574613;-0.407790278;0.308098237
2020-03-29 05:00;1.123642738;0.066407846;0.408565826
2020-03-29 06:00;0.480139439;1.101252784;0.000607064
2020-03-29 07:00;0.305778895;0.849716681;0.124949397
2020-03-29 08:00;0.860561649;1.44494127;0.552939425
2020-03-29 09:00;1.125899716;0.978488396;0.8948337
2020-03-29 10:00;-0.722985197;1.141641217;1.277501499
2020-03-29 11:00;-1.841683086;0.734865351;1.046601532
2020-03-29 12:00;-1.946083147;0.508040239;-0.05743775
2020-03-29 13:00;-1.139535598;0.417173662;-0.753531839
2020-03-29 14:00;-0.005804816;1.057301787;-0.241940639
2020-03-29 15:00;1.325521404;0.428112691;0.695788265
2020-03-29 16:00;1.708671304;-0.632449862;0.40797363
2020-03-29 17:00;0.979340734;-1.518005249;1.156480995
2020-03-29 18:00;-1.085778062;-1.957102095;0.375018422
2020-03-29 19:00;-2.601163823;-1.432084703;-0.143822621
2020-03-29 20:00;-2.481018211;-1.43344237;-0.111757479
2020-03-29 21:00;-4.386630783;-1.778241279;1.294173102
2020-03-29 22:00;-2.729342455;-0.066799082;1.303381338
2020-03-29 23:00;-0.047854478;1.590257249;2.822303794
2020-03-30 00:00;0.844645333;2.448049567;3.568765744
2020-03-30 01:00;1.371302807;0.437956993;3.45108423
2020-03-30 02:00;0.573278219;0.942456514;0.867268179
2020-03-30 03:00;1.232723693;-0.92823606;0.006904392
2020-03-30 04:00;-0.585298074;-2.458682247;-0.738581981
2020-03-30 05:00;-1.591924153;-2.58015371;-1.748095761
2020-03-30 06:00;-2.615916635;-2.507294118;-1.161324281
2020-03-30 07:00;-3.333882689;-1.392880428;-0.203263896
2020-03-30 08:00;-3.014565324;0.060071869;-0.833904288
2020-03-30 09:00;-0.456769993;-1.859683641;-0.749077674
2020-03-30 10:00;-0.584875469;-2.612045944;-1.682091978
2020-03-30 11:00;-1.020364075;-2.928422157;-0.308454824
2020-03-30 12:00;-2.452435012;-2.055329452;-1.151180976
2020-03-30 13:00;-3.203178243;-3.300416336;1.106820581
2020-03-30 14:00;-2.72611581;-4.133882967;2.502440448
2020-03-30 15:00;-3.026769409;-1.25829175;1.20457911
2020-03-30 16:00;-0.260857938;-2.205486576;2.821620214
2020-03-30 17:00;-2.075142686;-0.92592111;2.543617521
2020-03-30 18:00;-1.101496146;-0.739247296;1.100879912
2020-03-30 19:00;-1.668324593;0.91134939;1.81033894
2020-03-30 20:00;0.337091644;-0.172579915;2.033422241
2020-03-30 21:00;-2.223414322;-1.274102514;1.434624013
2020-03-30 22:00;-1.383780913;-0.250945418;1.906457504
2020-03-30 23:00;-1.490413686;-0.66895469;2.695630474
2020-03-31 00:00;-1.289838716;0.515706644;2.577893639
2020-03-31 01:00;0.092383992;-0.337999285;2.219544993
2020-03-31 02:00;1.036741591;0.820757898;2.372791698
2020-03-31 03:00;-0.325820671;1.635250028;1.529608407
2020-03-31 04:00;1.036947847;-0.825926178;1.67367281
2020-03-31 05:00;1.259688069;-0.689270253;0.89914963
2020-03-31 06:00;-1.63000151;-0.044421612;-0.877073244
2020-03-31 07:00;-0.96105271;0.282540624;-1.385512977
2020-03-31 08:00;-0.147888784;-0.567445429;-0.486194091
2020-03-31 09:00;0.569941454;-0.082884039;-0.593123823
2020-03-31 10:00;0.747088032;1.400441338;-0.90710116
2020-03-31 11:00;2.060572785;0.159588062;-2.29243275
2020-03-31 12:00;2.174183561;-0.187199524;-1.553199501
2020-03-31 13:00;1.199776326;0.513795898;-2.12902649
2020-03-31 14:00;1.121768213;1.575367293;-1.164790637
2020-03-31 15:00;1.24259316;0.67823236;0.200689187
2020-03-31 16:00;1.658244928;-0.709970037;1.412194368
2020-03-31 17:00;1.178126115;-0.854539647;2.930526251
2020-03-31 18:00;-0.298389759;0.233018923;2.148801946
2020-03-31 19:00;-0.238978514;0.284153057;1.700447209
2020-03-31 20:00;-1.409247192;1.912746768;2.267402935
2020-03-31 21:00;-0.138265016;2.998100774;1.803768448
2020-03-31 22:00;3.131472384;1.535633251;2.050010839
2020-03-31 23:00;3.087380964;1.187533959;2.277888407
2020-04-01 00:00;2.021256746;1.157631414;1.73729523
2020-04-01 01:00;2.208644717;0.932680137;0.927007315
2020-04-01 02:00;0.591420054;0.905938407;2.365716424
2020-04-01 03:00;0.478382093;1.49161885;1.259773069
2020-04-01 04:00;2.194186152;-0.025206391;1.186126552
2020-04-01 05:00;2.252563012;-1.352501546;1.275468153
2020-04-01 06:00;0.973228284;-1.148745371;-1.557730549
2020-04-01 07:00;-1.173923849;0.500239929;-1.794788884
2020-04-01 08:00;0.430064282;-0.787401384;-2.702627983
2020-04-01 09:00;0.072349654;-1.821914227;-3.691735057
2020-04-01 10:00;-0.496926301;-3.375149865;-3.464485692
2020-04-01 11:00;-2.306296047;-3.731676996;0.23803798
2020-04-01 12:00;-5.771613554;-2.79096778;-0.19116962
2020-04-01 13:00;-4.33862817;-2.028234196;1.057163956
2020-04-01 14:00;-4.623829451;-2.054898478;1.965841561
2020-04-01 15:00;-3.67604045;-1.662128396;0.147054592
2020-04-01 16:00;-3.73914034;-1.901308125;-0.267739724
2020-04-01 17:00;-2.765246122;-2.561163629;0.739877704
2020-04-01 18:00;-5.035266335;-4.075543453;0.245283518
2020-04-01 19:00;-6.628877724;-4.705978599;0.107845551
2020-04-01 20:00;-5.539856735;-4.381437357;-0.58405621
2020-04-01 21:00;-4.602978122;-3.987820441;-1.472743459
2020-04-01 22:00;-4.756640275;-1.181622511;-0.772340366
2020-04-01 23:00;-2.09830149;-2.313082346;-0.434201664
2020-04-02 00:00;-4.521248313;-2.003134864;-0.751544797
2020-04-02 01:00;-4.218625;-1.79251455;-0.109927519
2020-04-02 02:00;-2.038156177;0.51497325;-0.149698287
2020-04-02 03:00;-0.724309514;0.571663043;-0.533317929
2020-04-02 04:00;-0.476705165;0.960381785;-0.238265854
2020-04-02 05:00;-0.515865417;0.053848391;0.223941526
2020-04-02 06:00;-0.901814265;-0.661293672;-0.358490686
2020-04-02 07:00;1.69991094;0.215120446;1.078172016
2020-04-02 08:00;1.193446791;1.082897238;0.194623049
2020-04-02 09:00;1.876222214;-0.072806039;-1.045587036
2020-04-02 10:00;2.210402875;-0.468485376;-1.104108712
2020-04-02 11:00;0.748135064;0.211516353;1.211389399
2020-04-02 12:00;1.668707912;1.26541841;2.547925473
2020-04-02 13:00;1.984999632;1.145321474;3.439759593
2020-04-02 14:00;1.770316933;-0.129406448;2.882550693
2020-04-02 15:00;1.153303864;0.240708608;1.973724577
2020-04-02 16:00;2.009560944;-1.643799455;1.031545894
2020-04-02 17:00;-0.832359362;-2.479544358;1.263443511
2020-04-02 18:00;-3.303478964;-1.120971068;0.550389673
2020-04-02 19:00;-0.876685858;-1.355555674;1.034535431
2020-04-02 20:00;-1.998482614;-0.754516129;2.664236057
2020-04-02 21:00;-2.166464788;-1.554167188;1.59132881
2020-04-02 22:00;-2.162818535;-0.719855569;2.065573821
2020-04-02 23:00;-1.806640737;0.665605957;3.52068426
2020-04-03 00:00;-2.28891323;0.46651997;2.107631692
2020-04-03 01:00;-1.885825337;1.124532998;1.937785065
2020-04-03 02:00;-0.926911249;1.401328822;-0.067962283
2020-04-03 03:00;-0.219835636;0.830108667;0.401008683
2020-04-03 04:00;-0.894126313;0.92340029;-0.970569567
2020-04-03 05:00;-0.756117383;0.717704335;-1.011802681
2020-04-03 06:00;-0.755318735;-0.781239842;0.528195826
2020-04-03 07:00;-1.228430021;-0.987544493;1.515847045
2020-04-03 08:00;-1.506104902;-0.521758114;1.039194959
2020-04-03 09:00;-2.093639428;0.219904733;0.23696728
2020-04-03 10:00;0.271161673;0.603366639;-0.470402081
2020-04-03 11:00;-0.363591518;-0.863663052;-1.657693858
2020-04-03 12:00;0.038218733;-0.584189616;-2.445864641
2020-04-03 13:00;-0.128937907;-0.730376538;-1.507554767
2020-04-03 14:00;-0.611617274;-0.837899999;-1.395426753
2020-04-03 15:00;0.185518076;1.272112325;-0.383866221
2020-04-03 16:00;1.475464705;1.34188788;0.129810888
2020-04-03 17:00;2.563594622;-0.485239203;-1.110923584
2020-04-03 18:00;0.470740621;-1.600545584;0.1548681
2020-04-03 19:00;-0.855581254;-1.202971589;-0.122342859
2020-04-03 20:00;-0.546429693;-0.875927279;-0.559859411
2020-04-03 21:00;-0.413973233;-0.737529044;-0.372059021
2020-04-03 22:00;-0.671206827;-1.294435937;-0.252013959
2020-04-03 23:00;-1.236512601;-0.685363006;-0.137802733
2020-04-04 00:00;-1.775365312;0.856874517;-1.207702703
2020-04-04 01:00;0.375138047;0.77372777;0.278140952
2020-04-04 02:00;0.199882522;0.066942511;0.921420182
2020-04-04 03:00;-0.494561604;0.628377446;1.976822879
2020-04-04 04:00;2.207056305;-0.758302216;1.903541609
2020-04-04 05:00;0.092262996;-0.468419249;1.600700502
2020-04-04 06:00;-1.255305471;-0.480491971;2.293204824
2020-04-04 07:00;-1.531249071;1.32519341;2.739753866
2020-04-04 08:00;-0.856466557;1.0088491;1.585799193
2020-04-04 09:00;-0.435594702;1.687911171;0.920871686
2020-04-04 10:00;1.782044184;1.529668319;0.827214637
2020-04-04 11:00;3.21633059;0.223104389;1.789299489
2020-04-04 12:00;-0.037901535;1.209366667;2.365617845
2020-04-04 13:00;0.319557206;2.058392325;1.854804287
2020-04-04 14:00;0.765756831;1.767618755;0.156100139
2020-04-04 15:00;1.702107968;1.411384074;2.616689417
2020-04-04 16:00;1.878666485;-0.377347799;2.53096855
2020-04-04 17:00;0.377625089;-0.192604722;1.317138986
2020-04-04 18:00;-0.762405423;-0.394231627;1.64159206
2020-04-04 19:00;0.849065146;0.091000535;1.740088231
2020-04-04 20:00;-0.236455572;1.022813538;1.632308198
2020-04-04 21:00;0.433825102;1.018798294;2.22527339
2020-04-04 22:00;1.421502819;2.007244978;2.708531606
2020-04-04 23:00;2.394943653;1.076534419;2.687880654
2020-04-05 00:00;2.686226173;0.880281682;1.004720976
2020-04-05 01:00;1.621831189;2.873188871;2.383925538
2020-04-05 02:00;0.800904285;2.190567222;1.704005576
2020-04-05 03:00;1.586738543;0.997991704;1.763617016
2020-04-05 04:00;1.90353153;2.001850687;3.402983789
2020-04-05 05:00;1.044286003;1.158840205;2.867233298
2020-04-05 06:00;-0.180336311;0.516886362;3.558322537
2020-04-05 07:00;0.597044873;-1.407474055;3.502953756
2020-04-05 08:00;-1.109438634;-1.195206514;2.604850585
2020-04-05 09:00;-1.929574534;-0.005477704;1.87016585
2020-04-05 10:00;-3.547861517;0.358964449;0.407659408
2020-04-05 11:00;-1.491666897;-0.690295714;0.940285066
2020-04-05 12:00;-1.167968399;2.636970406;1.044748318
2020-04-05 13:00;2.736121609;2.386660304;2.076359549
2020-04-05 14:00;3.33273038;1.170797192;-0.88176288
2020-04-05 15:00;1.990417529;1.826862385;-3.038924538
2020-04-05 16:00;3.421793474;-0.181464665;-1.602372814
2020-04-05 17:00;4.050243378;0.373734034;-0.094995416
2020-04-05 18:00;0.890441844;-1.386628465;0.458124058
2020-04-05 19:00;-2.776612021;-1.245972402;-0.061600559
2020-04-05 20:00;-1.722009116;-0.415968918;1.949898502
2020-04-05 21:00;0.857217389;0.210756278;3.814798682
2020-04-05 22:00;-0.84957329;1.119105715;1.918053251
2020-04-05 23:00;0.825650712;2.325325728;1.791462713
2020-04-06 00:00;1.566806259;4.016891968;0.321901318
2020-04-06 01:00;3.318281449;2.520314019;0.478940255
2020-04-06 02:00;3.336257853;1.965795169;-0.746285551
2020-04-06 03:00;2.20368345;0.398690433;-2.308956613
2020-04-06 04:00;2.43548546;0.454115904;-0.776465633
2020-04-06 05:00;2.316264838;1.837549769;-2.715164495
2020-04-06 06:00;1.945427375;1.421332056;-2.23751095
2020-04-06 07:00;0.576811582;-0.655803967;1.055099783
2020-04-06 08:00;-1.270923776;-1.530523607;1.332142827
2020-04-06 09:00;-1.798860393;0.162492639;-0.193099863
2020-04-06 10:00;-1.287123572;0.201625368;0.076115377
2020-04-06 11:00;-0.41789893;0.886722904;-0.003873223
2020-04-06 12:00;0.421250419;1.742887237;1.38573206
2020-04-06 13:00;2.215314089;0.836186823;0.084579197
2020-04-06 14:00;-0.053031406;0.539391599;-0.116749178
2020-04-06 15:00;1.136621519;1.118259831;0.192702294
2020-04-06 16:00;1.44388459;0.726418676;0.509193309
2020-04-06 17:00;0.839949842;-0.683383024;-1.982334778
2020-04-06 18:00;2.178524027;0.736077882;-0.840264281
2020-04-06 19:00;3.534182663;0.412381926;0.494146153
2020-04-06 20:00;2.991099639;0.517205224;-1.141985998
2020-04-06 21:00;1.797470931;0.893296737;-1.270238533
2020-04-06 22:00;1.771147967;0.964111551;-1.805128716
2020-04-06 23:00;2.755516971;1.274728614;-2.39233891
2020-04-07 00:00;2.764728178;-0.473213406;-1.033548752
2020-04-07 01:00;1.879162539;1.218540352;0.748827882
2020-04-07 02:00;1.133576611;0.505613403;-0.529885616
2020-04-07 03:00;-0.759403409;-1.361731945;1.050629765
2020-04-07 04:00;1.003408389;-2.455218367;1.833009346
2020-04-07 05:00;-1.991257821;-1.499167271;3.087251913
2020-04-07 06:00;-1.612253093;-1.699418927;1.657568148
2020-04-07 07:00;-1.623894791;-1.802095303;2.618006341
2020-04-07 08:00;-2.763640822;-1.982045049;1.721336717
2020-04-07 09:00;-1.338798569;-0.916605544;2.022726085
2020-04-07 10:00;-1.482270865;-0.761269518;2.059319604
2020-04-07 11:00;-0.812237221;-0.77788063;2.150872837
2020-04-07 12:00;-0.629938099;-2.337656714;-0.514178745
2020-04-07 13:00;-2.054088559;-1.063186378;-1.536223102
2020-04-07 14:00;-3.138433925;-0.966452205;0.040641952
2020-04-07 15:00;-5.06569502;-0.910663856;0.747425513
2020-04-07 16:00;-2.082002207;-0.915767965;0.370045333
2020-04-07 17:00;-0.985471451;-2.686261844;-0.387410424
2020-04-07 18:00;-4.235049676;-2.986709053;1.160427381
2020-04-07 19:00;-4.968350362;-1.176497243;1.015328332
2020-04-07 20:00;-1.492204467;-2.165540455;-0.204006271
2020-04-07 21:00;-0.712385584;-0.249317224;-1.465017052
2020-04-07 22:00;0.363951118;-0.434213003;0.799982265
2020-04-07 23:00;-0.387871744;0.425042368;1.328929782
2020-04-08 00:00;1.242361157;2.641643634;-0.936220203
2020-04-08 01:00;2.463979278;0.899582067;-1.28298716
2020-04-08 02:00;2.140337699;0.871651957;1.133357318
2020-04-08 03:00;2.107069497;2.357142784;0.72778448
2020-04-08 04:00;1.338144479;1.188204081;-0.156533228
2020-04-08 05:00;3.358024152;-1.678604965;0.043777342
2020-04-08 06:00;-0.025865471;-0.601470527;-0.261561716
2020-04-08 07:00;-2.57474365;-0.729476228;0.958676415
2020-04-08 08:00;-3.056302008;-1.660192991;0.576471629
2020-04-08 09:00;-1.28973553;0.409741134;1.174122253
2020-04-08 10:00;0.348361896;0.671893843;-0.173816764
2020-04-08 11:00;-0.364802704;0.141926012;0.291993683
2020-04-08 12:00;-0.116362611;-0.238835465;-0.995941166
2020-04-08 13:00;-1.457705488;-0.434638064;-1.078171094
2020-04-08 14:00;-0.343762078;0.471372754;-1.111587833
2020-04-08 15:00;0.610746276;0.514711108;-2.184214543
2020-04-08 16:00;0.946097078;-0.855688224;-1.599194593
2020-04-08 17:00;0.193844075;-0.024254428;-1.259953188
2020-04-08 18:00;-0.534661213;-0.687602986;-1.293369967
2020-04-08 19:00;0.551870407;0.103516431;-3.017906914
2020-04-08 20:00;0.253438346;1.388367699;-1.202508612
2020-04-08 21:00;-0.188006674;1.992148794;-1.857367544
2020-04-08 22:00;-0.135512744;2.940571974;-0.908261113
2020-04-08 23:00;3.925859649;1.634690368;-1.002083397
2020-04-09 00:00;3.771053566;-0.633288929;-0.83501979
2020-04-09 01:00;1.408594415;-1.346569062;-1.220901548
2020-04-09 02:00;-0.193281632;-1.110453583;-2.993593608
2020-04-09 03:00;2.204113811;0.329613538;-2.606624387
2020-04-09 04:00;1.029919309;-0.932826309;-3.142315948
2020-04-09 05:00;-1.070987264;-0.480528142;-1.644008484
2020-04-09 06:00;-0.018717232;-0.835457866;-1.160689827
2020-04-09 07:00;-0.148944383;-0.503656548;-0.866984594
2020-04-09 08:00;0.193117055;0.039159039;-1.93199999
2020-04-09 09:00;-0.126566601;-1.048003961;-2.257747543
2020-04-09 10:00;0.84631233;-0.455676096;1.213979336
2020-04-09 11:00;0.379402157;-0.58280265;0.913200958
2020-04-09 12:00;1.109461816;-0.190178995;1.77202113
2020-04-09 13:00;-0.242417903;-0.779257745;1.818640167
2020-04-09 14:00;-1.654623394;-0.287642635;0.227479601
2020-04-09 15:00;-1.809428856;1.904794722;-0.432732524
2020-04-09 16:00;-0.589280632;0.376596201;-1.801211204
2020-04-09 17:00;-1.556704246;1.013969279;-1.811816719
2020-04-09 18:00;-1.180177092;1.130583978;-1.408022247
2020-04-09 19:00;0.724070388;1.720703297;-1.038056976
2020-04-09 20:00;2.283753712;1.687875211;-0.993421536
2020-04-09 21:00;1.769347446;-0.04055095;-0.499327201
2020-04-09 22:00;-1.003328724;-1.255654591;-0.653400049
2020-04-09 23:00;-2.091313098;-0.967215106;-1.570499025
2020-04-10 00:00;-1.047605591;-2.23966391;-1.406302945
2020-04-10 01:00;-1.614281182;-1.03550365;-0.216519824
2020-04-10 02:00;1.08042233;-1.043019398;1.340777624
2020-04-10 03:00;1.439031069;-1.641024686;2.042221025
2020-04-10 04:00;-1.600733069;0.700762693;2.321773478
2020-04-10 05:00;1.236812524;-0.11867046;1.968942507
2020-04-10 06:00;0.022482419;-0.026942701;0.092830544
2020-04-10 07:00;2.231274868;-0.415127531;0.205438551
2020-04-10 08:00;1.554241092;-3.348378505;2.166826562
2020-04-10 09:00;-2.895132117;-2.956958255;2.100975548
2020-04-10 10:00;-3.486985929;-2.007355989;1.875174002
2020-04-10 11:00;-3.83441329;-2.168594156;-0.501943312
2020-04-10 12:00;-3.55689441;0.006776403;-2.309096161
2020-04-10 13:00;-1.332972132;-0.27179685;-1.921031945
2020-04-10 14:00;-1.426621011;-0.870926226;0.515610065
2020-04-10 15:00;-1.968773653;-0.777455626;-0.609967099
2020-04-10 16:00;-2.54121876;-0.139772505;0.245845378
2020-04-10 17:00;-1.745303061;-0.559047225;-1.056467272
2020-04-10 18:00;0.364655018;0.134563298;-1.016750902
2020-04-10 19:00;2.16412078;-0.730319577;-0.540992926
2020-04-10 20:00;1.774173858;-1.766517414;-0.080279565
2020-04-10 21:00;-0.737399889;-0.988862759;-0.218006804
2020-04-10 22:00;-0.709693957;-3.305800666;-0.121621389
2020-04-10 23:00;-5.474975197;-1.24814845;-1.022406682
2020-04-11 00:00;-4.17836623;-1.927727494;1.171957536
2020-04-11 01:00;-3.474628785;-2.095254902;2.424270171
2020-04-11 02:00;-3.091110466;-1.78353626;2.543539423
2020-04-11 03:00;-3.407403943;-1.977070385;2.125483702
2020-04-11 04:00;-2.423420253;-1.724708809;2.978136959
2020-04-11 05:00;-2.349949741;-1.709305016;3.24395373
2020-04-11 06:00;-3.090001676;-1.648101833;2.634572364
2020-04-11 07:00;-3.888490698;-2.070476657;2.574956517
2020-04-11 08:00;-4.809812969;-1.357220101;3.349168562
2020-04-11 09:00;-2.594058306;0.020507285;2.853904642
2020-04-11 10:00;-2.761773972;0.265203278;1.305165942
2020-04-11 11:00;-0.737990343;0.188177488;2.007081493
2020-04-11 12:00;-1.122713842;1.416195195;2.194432475
2020-04-11 13:00;-0.31309296;-0.221188682;1.725367723
2020-04-11 14:00;-0.967368078;0.474888347;1.885835786
2020-04-11 15:00;-1.287821723;-0.251898181;1.488623827
2020-04-11 16:00;-0.584471392;0.455287855;1.154425588
2020-04-11 17:00;-0.224742538;-0.099860006;1.251804778
2020-04-11 18:00;0.468269564;0.061326196;-0.203461025
2020-04-11 19:00;-0.928240147;-0.036390845;0.846210823
2020-04-11 20:00;-0.615565611;1.171624243;2.811517344
2020-04-11 21:00;0.828976136;0.323536353;1.257989739
2020-04-11 22:00;-0.327546004;1.817169749;1.561650537
2020-04-11 23:00;0.933175919;1.076688895;-0.223226626
2020-04-12 00:00;-0.605792041;0.691336216;-0.955654126
2020-04-12 01:00;-0.562887983;1.132040516;-2.436916439
2020-04-12 02:00;1.398226865;0.628804579;-1.255598171
2020-04-12 03:00;-0.829310856;0.561250134;-0.575052241
2020-04-12 04:00;1.379403791;1.521063438;0.069872198
2020-04-12 05:00;0.410811788;-0.870119932;0.264809861
2020-04-12 06:00;-1.003444669;-0.682978122;1.11905525
2020-04-12 07:00;-0.330476177;-0.48675782;0.757324583
2020-04-12 08:00;-1.415319538;-1.019591382;-0.213165749
2020-04-12 09:00;-0.521169105;-2.690367931;0.305275876
2020-04-12 10:00;-3.178036401;-1.434612571;1.787595951
2020-04-12 11:00;-3.863734875;-1.951089133;1.348203396
2020-04-12 12:00;-4.624235082;-2.994569945;0.4026311
2020-04-12 13:00;-4.979578317;-2.557795989;-1.109077355
2020-04-12 14:00;-4.116530698;-2.884900035;-0.273266891
2020-04-12 15:00;-3.412440301;-0.952654503;-0.79863594
2020-04-12 16:00;-2.20414404;-1.310147546;-2.596300937
2020-04-12 17:00;-3.379726975;-1.050299698;-1.607513647
2020-04-12 18:00;-3.000756206;-0.01824347;-1.648722702
2020-04-12 19:00;-0.384813195;-0.024241283;-0.072790476
2020-04-12 20:00;-0.145451696;2.156773005;-0.419993965
2020-04-12 21:00;0.858143134;1.334035008;-1.854556134
2020-04-12 22:00;-0.102872928;0.982533751;0.64759417
2020-04-12 23:00;-0.073089661;0.553062038;1.158493644
2020-04-13 00:00;0.147300718;0.905184639;0.935252799
2020-04-13 01:00;1.093501226;1.140013478;1.433102596
2020-04-13 02:00;0.648969916;-0.006442883;0.410750155
2020-04-13 03:00;-0.378282263;-0.673661603;0.527009767
2020-04-13 04:00;1.151749816;-0.131893031;0.295257019
2020-04-13 05:00;0.810490905;1.939668928;-0.394417893
2020-04-13 06:00;1.410229907;0.65916256;-0.225328883
2020-04-13 07:00;3.039854226;-0.476354703;-0.27353064
2020-04-13 08:00;2.185345115;-2.152730907;-0.120919263
2020-04-13 09:00;-1.498510337;-0.626941563;1.970334202
2020-04-13 10:00;-2.318757497;-0.071905124;1.496270529
2020-04-13 11:00;-1.321683424;0.799818726;0.940636594
2020-04-13 12:00;-1.256844722;2.376673567;0.463676585
2020-04-13 13:00;1.768556354;2.582971653;1.300747528
2020-04-13 14:00;2.884766579;1.92472354;0.714133348
2020-04-13 15:00;2.291347753;2.156016578;-0.220165554
2020-04-13 16:00;2.083582264;0.660867425;2.07653931
2020-04-13 17:00;1.460979848;-0.834513739;0.808583848
2020-04-13 18:00;1.033405671;0.431784404;1.313526305
2020-04-13 19:00;1.349327272;0.001062585;1.635411679
2020-04-13 20:00;-0.573980924;1.322043713;1.375931683
2020-04-13 21:00;0.160127562;0.606681933;0.550459222
2020-04-13 22:00;-0.018124923;1.575553062;0.770635227
2020-04-13 23:00;3.723004967;0.233442009;1.3613933
2020-04-14 00:00;0.766150222;1.399371102;-0.484887382
2020-04-14 01:00;-0.153696849;1.398880051;-0.844598622
2020-04-14 02:00;0.933373852;1.577783186;0.264939645
2020-04-14 03:00;1.852379466;0.862537728;0.90064429
2020-04-14 04:00;1.856320846;0.110227553;0.59957384
2020-04-14 05:00;2.446203653;-0.106874837;0.123488873
2020-04-14 06:00;0.736841221;-0.049548289;0.724257795
2020-04-14 07:00;0.368466505;2.685769487;0.157114489
2020-04-14 08:00;2.678955074;0.987198567;0.375826989
2020-04-14 09:00;1.576134311;0.389621509;0.429700852
2020-04-14 10:00;2.453741536;-0.125416272;-0.303218118
2020-04-14 11:00;-0.402894078;2.326148056;0.55698501
2020-04-14 12:00;3.121981598;3.464571948;-1.830656806
2020-04-14 13:00;4.109267598;2.739387233;-2.170801368
2020-04-14 14:00;5.355272778;0.531210283;-2.391402899
2020-04-14 15:00;1.087287439;0.486611895;-1.34517446
2020-04-14 16:00;0.582789253;1.207614094;-2.235295399
2020-04-14 17:00;2.194984562;1.759102948;-0.564922648
2020-04-14 18:00;2.44570962;2.092406304;-1.195923578
2020-04-14 19:00;3.559781078;1.502350773;-0.586468368
2020-04-14 20:00;3.457255773;0.81841748;-0.277899751
2020-04-14 21:00;-0.232924158;0.666206116;0.403141643
2020-04-14 22:00;0.009349511;-0.722545463;0.746782712
2020-04-14 23:00;-1.185038936;1.161367718;0.280557355
2020-04-15 00:00;0.854113187;-0.079597294;0.96845467
2020-04-15 01:00;0.468384559;-0.253757025;-0.614093625
2020-04-15 02:00;-0.595943509;-1.409690492;-1.628876449
2020-04-15 03:00;-1.366475163;-1.652090458;0.245337279
2020-04-15 04:00;-0.660305444;-0.645993115;0.015663609
2020-04-15 05:00;-1.195816944;-0.176171736;1.406066332
2020-04-15 06:00;0.053203741;-0.5630103;1.919442513
2020-04-15 07:00;-0.480488093;-0.448753728;3.22778125
2020-04-15 08:00;0.249571688;-1.068326194;1.698610322
2020-04-15 09:00;-1.420328206;-1.02034735;1.177688562
2020-04-15 10:00;-1.174584464;-0.910243319;0.639381122
2020-04-15 11:00;-3.164108107;0.148115531;-0.891838755
2020-04-15 12:00;-2.072492251;-0.809458748;2.079962152
2020-04-15 13:00;-1.987160225;-0.330415906;1.919369208
2020-04-15 14:00;-1.708578852;-0.076991268;-0.341419747
2020-04-15 15:00;-1.093432963;0.485242462;-0.847103183
2020-04-15 16:00;-1.37215971;0.490347;-1.599855279
2020-04-15 17:00;-0.788857547;0.640730019;-1.791190177
2020-04-15 18:00;1.384824038;-0.412314897;-1.745993516
2020-04-15 19:00;2.377439609;-1.077635619;-0.716555195
2020-04-15 20:00;0.094653886;-2.491806053;-0.315056183
2020-04-15 21:00;-1.325067537;-2.821088569;-0.10601076
2020-04-15 22:00;-2.66323293;-2.213877784;2.066554985
2020-04-15 23:00;-2.342852613;-0.485735929;0.105527113
2020-04-16 00:00;0.146347383;0.635105949;-0.516522103
2020-04-16 01:00;0.499028395;0.943840295;-0.86158308
2020-04-16 02:00;0.015346272;-0.068007953;0.444369587
2020-04-16 03:00;-1.785418844;-0.650644904;-0.071528854
2020-04-16 04:00;-2.397639572;-0.531003752;-0.755499966
2020-04-16 05:00;-0.263367604;0.303443088;-1.104561305
2020-04-16 06:00;2.880290601;-0.784143311;-1.640608519
2020-04-16 07:00;1.710825651;-0.225657997;0.375249447
2020-04-16 08:00;1.697512201;-0.993234655;1.241878751
2020-04-16 09:00;2.308794452;-0.84451775;2.962740909
2020-04-16 10:00;0.887321065;-0.575251788;2.583607073
2020-04-16 11:00;-1.8290345;1.095273188;3.019459759
2020-04-16 12:00;0.18527212;1.546777555;2.905151969
2020-04-16 13:00;1.28969116;0.003317758;3.368495197
2020-04-16 14:00;0.089608426;-0.81904085;3.45712064
2020-04-16 15:00;-1.774209388;1.651880607;2.16746594
2020-04-16 16:00;0.269451632;-0.056575782;2.287119159
2020-04-16 17:00;2.450163672;-0.717128428;3.928864306
2020-04-16 18:00;-0.607526037;1.755970249;2.689681685
2020-04-16 19:00;0.468887169;1.644979003;0.73427949
2020-04-16 20:00;1.170333312;-0.537178839;2.380109486
2020-04-16 21:00;-0.289330225;-0.330369229;2.325520064
2020-04-16 22:00;-0.237269785;1.175258059;1.265373104
2020-04-16 23:00;-0.102975669;2.40285066;-0.425346662
2020-04-17 00:00;2.644015278;1.547015941;-0.643784706
2020-04-17 01:00;2.30682306;2.109281918;-1.998496721
2020-04-17 02:00;2.53654923;-0.220639924;-0.391196874
2020-04-17 03:00;1.387829932;0.55347243;-0.728201654
2020-04-17 04:00;0.512423403;0.208921691;-0.134316146
2020-04-17 05:00;0.5280429;-0.067935975;1.081711947
2020-04-17 06:00;-0.002546494;-0.453406764;2.410486367
2020-04-17 07:00;-0.388571943;-0.925919596;2.674236939
2020-04-17 08:00;-1.594169383;0.774569897;-0.131413904
2020-04-17 09:00;-0.930974682;-1.136630439;1.370764762
2020-04-17 10:00;-0.256563601;-2.012607094;-0.075720575
2020-04-17 11:00;-1.191198416;-0.731267324;0.621970113
2020-04-17 12:00;-1.817958011;-0.166015113;0.085280514
2020-04-17 13:00;-1.210721073;-0.54430809;-0.141160543
2020-04-17 14:00;-1.650540006;-0.564765767;0.092880047
2020-04-17 15:00;-1.595114334;-0.720869578;0.471972645
2020-04-17 16:00;-1.028908515;-0.917683186;-0.960458912
2020-04-17 17:00;-1.061976705;-1.26261545;-0.866417542
2020-04-17 18:00;0.76562088;-1.558943041;1.220619436
2020-04-17 19:00;-1.28141829;-1.946409247;1.366658787
2020-04-17 20:00;-2.61877653;-1.081103236;-0.080869532
2020-04-17 21:00;-2.323955119;-0.124358357;-1.103523573
2020-04-17 22:00;-1.925541341;-1.523663368;-1.449699164
2020-04-17 23:00;-0.220889172;-1.525547301;0.909458704
2020-04-18 00:00;-0.851449234;-2.557134751;0.510481492
2020-04-18 01:00;-2.879722872;-1.559612191;-0.855060156
2020-04-18 02:00;-2.044737463;-3.476773337;-1.598046773
2020-04-18 03:00;-2.691311055;-4.639576819;-1.810230534
2020-04-18 04:00;-3.572248324;-1.477552212;-2.388051446
2020-04-18 05:00;-4.558314321;-2.593276584;-1.606884959
2020-04-18 06:00;-4.235392037;-1.637696991;-3.405100432
2020-04-18 07:00;-1.661267944;-0.040811014;-1.213567018
2020-04-18 08:00;-0.339981778;1.180838423;0.030897284
2020-04-18 09:00;-0.464386316;-0.511425371;-0.346390245
2020-04-18 10:00;0.256581281;-1.045276311;-0.19303641
2020-04-18 11:00;-1.753458587;0.38417504;-1.539673932
2020-04-18 12:00;0.131635871;0.408670568;-1.734913121
2020-04-18 13:00;-1.265140415;0.802805724;-0.728069132
2020-04-18 14:00;-0.735981387;2.645746784;-0.45798116
2020-04-18 15:00;1.249196651;2.080538936;-0.303838745
2020-04-18 16:00;3.391707241;1.972127895;-0.003062923
2020-04-18 17:00;3.104671233;1.079167673;2.138131263
2020-04-18 18:00;0.809449653;2.456233905;1.642922721
2020-04-18 19:00;0.587947427;1.606004007;2.389378414
2020-04-18 20:00;-0.529677243;3.297470143;1.418224989
2020-04-18 21:00;1.211226329;4.564021364;1.277833937
2020-04-18 22:00;3.515436303;4.004951629;-0.915155907
2020-04-18 23:00;3.182406484;2.598803939;-1.094053782
2020-04-19 00:00;3.229321466;1.272736971;-2.162768063
2020-04-19 01:00;3.322577242;-0.76482264;-2.577123792
2020-04-19 02:00;2.165846981;-2.884555886;-3.191204703
2020-04-19 03:00;-0.056196025;-1.051205778;-2.509439644
2020-04-19 04:00;-2.537780694;-2.019003389;-3.27239692
2020-04-19 05:00;-1.145774951;-1.456640245;-2.676835648
2020-04-19 06:00;-0.135490279;-2.50922761;-1.904794838
2020-04-19 07:00;-0.283910628;-2.077224095;-0.392380922
2020-04-19 08:00;-2.990855191;0.441241259;-0.182052109
2020-04-19 09:00;-2.096335411;1.832886341;0.091275987
2020-04-19 10:00;-0.398805288;0.37038379;-0.72561102
2020-04-19 11:00;0.015391145;0.517593454;-1.453374233
2020-04-19 12:00;1.068401317;0.882302749;-1.283989987
2020-04-19 13:00;-0.588709549;0.648812471;-1.3734957
2020-04-19 14:00;0.962766017;-0.768813912;0.105548109
2020-04-19 15:00;0.991010518;-1.341146507;0.870753225
2020-04-19 16:00;-1.26941804;-0.589424098;1.323618116
2020-04-19 17:00;0.032237215;1.415229128;1.032776433
2020-04-19 18:00;0.216334871;1.580001143;-0.242278072
2020-04-19 19:00;-0.005720276;-0.30425883;-0.581451246
2020-04-19 20:00;-0.953870553;-0.964524324;-1.704377979
2020-04-19 21:00;-0.793649751;-0.651415229;-0.363261392
2020-04-19 22:00;0.278658222;-1.502670577;1.326402496
2020-04-19 23:00;-3.182221654;-0.599431924;0.861329744
2020-04-20 00:00;-3.183492238;0.990468019;-1.170969144
2020-04-20 01:00;-0.452475796;0.119759204;-2.072692507
2020-04-20 02:00;0.345798459;-1.587840443;0.85774244
2020-04-20 03:00;-2.380215745;-2.258647087;1.160014602
2020-04-20 04:00;-1.62286018;-0.97951056;2.324640263
2020-04-20 05:00;-0.82059305;-1.817739889;1.145111789
2020-04-20 06:00;0.329590505;-1.11162833;0.329133311
2020-04-20 07:00;-1.805707018;-0.973140357;-0.416533962
2020-04-20 08:00;-2.342186077;-0.351683521;-0.015224557
2020-04-20 09:00;-0.77249664;0.817100327;0.529250955
2020-04-20 10:00;0.87396218;1.160502615;-0.194805538
2020-04-20 11:00;1.775422116;0.455880437;-0.403287144
2020-04-20 12:00;-0.112710954;0.356200028;-1.202250737
2020-04-20 13:00;0.412045991;0.087520747;0.483239744
2020-04-20 14:00;-0.234012869;-0.838416177;-0.648400735
2020-04-20 15:00;-1.65749102;-0.423023202;-1.694083767
2020-04-20 16:00;1.538689582;0.055969898;-1.606100648
2020-04-20 17:00;0.818326597;1.013478478;-0.761903476
2020-04-20 18:00;2.295103255;0.044920542;-0.953994316
2020-04-20 19:00;1.030749483;0.611067431;-0.505282869
2020-04-20 20:00;0.466819959;1.919074609;-0.749736013
2020-04-20 21:00;2.271715102;1.553134268;-0.625790031
2020-04-20 22:00;3.303467303;-0.664646737;-0.129079575
2020-04-20 23:00;2.487104644;-0.70296285;-1.121494912
2020-04-21 00:00;0.004437466;-0.463033496;-0.71476538
2020-04-21 01:00;-0.657901326;-0.847776225;-2.317164918
2020-04-21 02:00;0.047590391;-0.754949398;-2.341344987
2020-04-21 03:00;-0.244238932;-1.860652272;-2.877353332
2020-04-21 04:00;-0.473236845;0.626113584;-3.716497955
2020-04-21 05:00;1.96645594;-0.163818348;-1.306277078
2020-04-21 06:00;0.392479656;0.463414128;-2.760227551
2020-04-21 07:00;-0.419143974;-1.42624334;-3.046973595
2020-04-21 08:00;-0.148114678;0.364169186;-1.159073935
2020-04-21 09:00;1.051955445;-1.120884459;-1.407989191
2020-04-21 10:00;-0.022822311;-1.465240224;-1.519370107
2020-04-21 11:00;-0.435985877;-1.268485373;-2.496294469
2020-04-21 12:00;-1.385794485;-0.273550047;-0.110510116
2020-04-21 13:00;-2.746031747;-0.309052219;-0.258829854
2020-04-21 14:00;-1.236480897;1.190021358;-0.259313586
2020-04-21 15:00;-0.828416811;1.297690844;-2.037450661
2020-04-21 16:00;-1.050635225;1.430800757;-0.078512489
2020-04-21 17:00;0.291212918;1.772359693;2.385168607
2020-04-21 18:00;0.08622765;1.171332872;2.837616783
2020-04-21 19:00;0.748250647;0.788100359;1.767420959
2020-04-21 20:00;1.263858253;-1.640133646;2.646510954
2020-04-21 21:00;-1.507503777;-3.543445894;0.909462329
2020-04-21 22:00;-3.500249722;-2.070682476;-0.112201532
2020-04-21 23:00;-2.203185412;-3.518444803;0.786243288
2020-04-22 00:00;-3.688641787;-0.479933021;1.868432693
2020-04-22 01:00;-2.568138551;-0.852537878;1.854746253
2020-04-22 02:00;-2.342232466;-0.185132023;-0.090787099
2020-04-22 03:00;-2.518859246;-1.394926354;0.021257928
2020-04-22 04:00;-3.676004145;-2.512055955;-1.645631826
2020-04-22 05:00;-2.808237834;-2.094669409;-0.908081735
2020-04-22 06:00;-2.67028717;-2.121227168;0.344291767
2020-04-22 07:00;-2.597090534;-0.683094849;0.84435066
2020-04-22 08:00;-3.062283413;-1.920774942;-0.131743983
2020-04-22 09:00;-2.450196911;-1.568479728;-0.163344397
2020-04-22 10:00;-2.662625309;-1.014051075;0.541379884
2020-04-22 11:00;-3.124165127;-0.235714757;-0.049174173
2020-04-22 12:00;-1.424779877;-1.765683458;0.308021601
2020-04-22 13:00;-0.891075684;-1.40293186;1.687794691
2020-04-22 14:00;-0.735830235;-0.503830744;-0.10159506
2020-04-22 15:00;-1.629795228;-0.059246445;-0.872440103
2020-04-22 16:00;1.050748698;-0.867851271;-1.905879626
2020-04-22 17:00;-0.565820638;0.450976827;-1.511045869
2020-04-22 18:00;0.545473288;0.657544784;-1.127580752
2020-04-22 19:00;0.936162759;0.845134238;-0.448405581
2020-04-22 20:00;1.554581626;1.01636673;-0.5392974
2020-04-22 21:00;1.698503317;1.503254275;-2.320272943
2020-04-22 22:00;3.439394396;1.466178201;-1.181181064
2020-04-22 23:00;2.453128785;0.742580484;-2.195296312
2020-04-23 00:00;3.19275225;0.536859249;-0.267588066
2020-04-23 01:00;1.826994144;1.240262747;-1.40529695
2020-04-23 02:00;0.997127395;2.284078089;-2.019056685
2020-04-23 03:00;1.003475698;1.694693788;-3.277276057
2020-04-23 04:00;0.828279869;0.071790329;-0.841837024
2020-04-23 05:00;1.787276459;-1.235161278;-0.339649903
2020-04-23 06:00;0.437488441;-2.632334143;-2.48982295
2020-04-23 07:00;-1.454900457;0.397908079;-3.367626244
2020-04-23 08:00;0.463087345;-1.054347494;-3.990901064
2020-04-23 09:00;-1.719864787;-1.498881517;-2.958887531
2020-04-23 10:00;-0.348926648;-1.327568002;-3.189867019
2020-04-23 11:00;-0.804981008;-1.204738362;0.043629644
2020-04-23 12:00;-1.501847567;-2.558206735;-0.257297494
2020-04-23 13:00;-3.353564702;-1.100818704;-1.455810134
2020-04-23 14:00;-1.550097438;0.414943146;-0.432739482
2020-04-23 15:00;-0.141469859;0.396675697;-1.071640002
2020-04-23 16:00;-0.393861446;0.253300441;-0.478796186
2020-04-23 17:00;0.941377752;-0.546863405;-0.633081307
2020-04-23 18:00;-0.850312387;-1.161783213;0.972812744
2020-04-23 19:00;-2.622851312;1.1643101;1.341869106
2020-04-23 20:00;-0.17371015;1.61767051;2.197452043
2020-04-23 21:00;0.030689642;0.9945763;4.065805492
2020-04-23 22:00;0.647745029;-0.835386713;2.668951413
2020-04-23 23:00;1.261194158;-1.425856039;2.184233797
2020-04-24 00:00;-1.083449891;-1.620302291;2.484783256
2020-04-24 01:00;-3.07811048;-0.744386671;1.13634212
2020-04-24 02:00;-3.199416451;0.016948275;1.103919636
2020-04-24 03:00;-3.572254021;0.316535721;2.030213467
2020-04-24 04:00;-1.138165788;2.66258822;2.231296473
2020-04-24 05:00;1.118870863;2.292959535;0.168515496
2020-04-24 06:00;1.44220952;4.091367494;-1.392685554
2020-04-24 07:00;2.96908046;5.206854456;-1.248739362
2020-04-24 08:00;6.112527483;3.789772206;-1.259136701
2020-04-24 09:00;5.83547613;1.565711185;-2.326065107
2020-04-24 10:00;4.32299672;1.789486726;-1.810260034
2020-04-24 11:00;6.065623231;-0.397295907;-2.097615466
2020-04-24 12:00;3.424204274;1.175508163;-1.989197099
2020-04-24 13:00;2.167801218;1.812367375;-2.526611491
2020-04-24 14:00;2.950135454;0.202246563;-3.03041681
2020-04-24 15:00;1.970569823;1.702027439;-3.298892365
2020-04-24 16:00;1.943842429;1.327509125;-2.32234618
2020-04-24 17:00;2.182172824;1.329090998;-1.702788277
2020-04-24 18:00;3.195588121;2.086920252;-2.020037783
2020-04-24 19:00;2.919960175;0.655409561;-0.433262508
2020-04-24 20:00;2.995534007;0.811856178;-0.327654139
2020-04-24 21:00;3.964454508;0.588166319;-0.465330176
2020-04-24 22:00;2.492733146;-0.707231708;1.159251957
2020-04-24 23:00;0.560765791;-0.64295616;-1.091171819
2020-04-25 00:00;-0.446672835;-1.237363848;-0.246238159
2020-04-25 01:00;-1.238096008;-1.747927286;0.08496446
2020-04-25 02:00;-2.040394204;-0.311876423;1.07173646
2020-04-25 03:00;-1.381789127;-1.011439776;0.890382757
2020-04-25 04:00;-0.977050232;-2.074411989;0.208438554
2020-04-25 05:00;-2.735753521;-1.414238511;-1.720062499
2020-04-25 06:00;-3.06017097;0.305213534;-1.12245208
2020-04-25 07:00;-1.708484865;1.2598933;-3.47809606
2020-04-25 08:00;1.295413408;0.10218135;-4.619055376
2020-04-25 09:00;1.079780032;-2.116192785;-4.042829085
2020-04-25 10:00;-1.374041551;-3.00948204;-3.381040868
2020-04-25 11:00;-0.986096119;-2.178402565;-3.505835966
2020-04-25 12:00;-0.943288511;-0.903390381;-3.155374715
2020-04-25 13:00;-0.227581801;-0.261473169;-2.671620282
2020-04-25 14:00;-0.070695151;-0.009822942;-2.400683587
2020-04-25 15:00;-1.03825104;0.644936121;-3.038644243
2020-04-25 16:00;0.53672767;-1.028642001;-0.980798951
2020-04-25 17:00;-1.988932686;0.100769628;-0.702709516
2020-04-25 18:00;-1.669728368;0.365123;-0.470115446
2020-04-25 19:00;-0.947018083;-1.138670778;-1.1228922
2020-04-25 20:00;-2.277139381;0.115818933;-0.962577537
2020-04-25 21:00;-0.943044611;0.221804426;-1.250700924
2020-04-25 22:00;-1.239964921;-1.380867415;-0.913633701
2020-04-25 23:00;-1.693530387;-2.470530416;0.584958753
2020-04-26 00:00;-0.494057916;0.267817421;0.267356742
2020-04-26 01:00;1.419818944;-0.567213714;-0.028388799
2020-04-26 02:00;-0.235573555;-0.395834276;-1.789471043
2020-04-26 03:00;-1.847531782;1.281017867;-1.250863623
2020-04-26 04:00;1.417275062;1.761192261;-0.879707473
2020-04-26 05:00;0.489607471;0.697629999;1.200991822
2020-04-26 06:00;3.270726724;-0.013007455;1.118491542
2020-04-26 07:00;1.22935881;-1.782941053;1.646054907
2020-04-26 08:00;-1.018829207;0.42689199;1.522550363
2020-04-26 09:00;0.370767051;-0.175867828;0.923854368
2020-04-26 10:00;-1.794227001;0.285596348;1.428947457
2020-04-26 11:00;-1.361961294;-1.390823258;0.413162621
2020-04-26 12:00;-1.145022464;-0.308686514;0.224079517
2020-04-26 13:00;-0.507328644;-1.771800906;0.205179627
2020-04-26 14:00;-2.622842232;-1.692689972;-0.498011042
2020-04-26 15:00;-2.95499421;1.057942271;-0.919307946
2020-04-26 16:00;0.271868158;1.261241541;-0.695314488
2020-04-26 17:00;-0.487252339;0.89957402;-1.714850661
2020-04-26 18:00;-0.663861448;2.650374126;-1.399404817
2020-04-26 19:00;2.035269706;0.941099866;-1.709136459
2020-04-26 20:00;0.680719252;1.167743743;-1.102719902
2020-04-26 21:00;1.3331235;1.251691328;0.154350428
2020-04-26 22:00;2.003952288;1.668985666;0.94955739
2020-04-26 23:00;2.647583146;2.734759822;-0.768386968
2020-04-27 00:00;2.081758827;2.122629894;-0.865392896
2020-04-27 01:00;1.042270599;-0.37990047;-1.975962954
2020-04-27 02:00;0.003540817;-0.563089089;-1.487523657
2020-04-27 03:00;-0.17981133;-1.539432808;-0.454372294
2020-04-27 04:00;-3.04308219;-1.094670908;-1.248326657
2020-04-27 05:00;-2.715958527;0.279530619;-1.298480371
2020-04-27 06:00;-1.758564541;-0.709625055;-1.549423155
2020-04-27 07:00;-1.011986427;-0.83918898;-1.109892219
2020-04-27 08:00;-4.821366656;-0.607654023;-1.082295554
2020-04-27 09:00;-4.22825456;-1.090522663;-0.749113808
2020-04-27 10:00;-3.792915184;-0.924041565;-1.505039452
2020-04-27 11:00;-3.017888326;-0.86126606;-1.822397779
2020-04-27 12:00;-1.190682716;-1.253344863;-0.693740948
2020-04-27 13:00;-1.547529119;-1.257681553;-0.667318086
2020-04-27 14:00;-1.80587355;-0.616459838;-0.354212294
2020-04-27 15:00;-2.021896935;-0.309944497;1.180306888
2020-04-27 16:00;-1.448644261;0.23240394;1.677453595
2020-04-27 17:00;0.274299729;-0.601541383;2.170332129
2020-04-27 18:00;-1.577201584;-0.403710667;3.216477225
2020-04-27 19:00;0.028281765;-0.38724036;2.523296452
2020-04-27 20:00;-1.151151068;0.292056618;3.160870355
2020-04-27 21:00;-0.659679914;1.802227133;2.040003658
2020-04-27 22:00;1.108811151;0.238867388;1.841029041
2020-04-27 23:00;-1.218391306;2.767200936;0.474991943
2020-04-28 00:00;2.621199031;3.005810069;0.922441021
2020-04-28 01:00;2.571974648;1.984362999;0.844753774
2020-04-28 02:00;-0.415490481;2.643380302;1.093599085
2020-04-28 03:00;3.214618818;3.59782341;2.45438639
2020-04-28 04:00;3.508465728;3.150520411;0.93479582
2020-04-28 05:00;2.642564858;3.057184058;0.471649994
2020-04-28 06:00;4.013540261;-0.145884921;0.718400908
2020-04-28 07:00;0.788877374;-1.745673125;-0.211614481
2020-04-28 08:00;-0.256955014;-2.891544035;-0.282779516
2020-04-28 09:00;-3.083231524;-3.261867785;-2.040602118
2020-04-28 10:00;-3.662786104;-1.979510913;-3.165842523
2020-04-28 11:00;-3.285696019;-1.755244676;-3.797292788
2020-04-28 12:00;-1.195770183;-1.169292348;-1.538596851
2020-04-28 13:00;-0.265700827;-0.42890841;-0.712693123
2020-04-28 14:00;0.391336933;-0.954426802;0.087254457
2020-04-28 15:00;-0.016309722;0.590345961;2.037991727
2020-04-28 16:00;-0.903733867;-1.159753276;1.799917361
2020-04-28 17:00;-1.398891249;-0.627531596;0.960393901
2020-04-28 18:00;-0.783791893;-0.271489614;0.603087136
2020-04-28 19:00;1.105394414;0.896585029;-0.72399455
2020-04-28 20:00;-0.113496805;-0.77995563;-1.147979484
2020-04-28 21:00;-1.082791982;-1.019485741;-0.135270519
2020-04-28 22:00;-1.581704077;-1.807369541;0.129550051
2020-04-28 23:00;-1.34640858;-1.379414508;2.255872189
2020-04-29 00:00;-1.146062763;-0.232888334;0.563780876
2020-04-29 01:00;0.003014941;-0.270355401;3.109574747
2020-04-29 02:00;0.062906417;0.691088246;0.779179263
2020-04-29 03:00;-0.28241119;-0.11134616;-0.34310394
2020-04-29 04:00;-0.433605359;-1.269750698;-0.80715262
2020-04-29 05:00;-1.553211312;-0.685785853;-0.011693047
2020-04-29 06:00;-1.839116092;-0.162669297;1.069286598
2020-04-29 07:00;-2.744641906;-1.777782283;-1.515285675
2020-04-29 08:00;-3.327072956;0.399617389;-2.056796958
2020-04-29 09:00;-0.998109486;0.665133827;-1.626695615
2020-04-29 10:00;0.77262515;-0.379347101;-0.290955827
2020-04-29 11:00;-0.712685103;0.037637208;-2.187680489
2020-04-29 12:00;1.179638667;0.276014868;-1.278043858
2020-04-29 13:00;1.601515703;1.130961408;0.411719926
2020-04-29 14:00;0.725485248;2.148901771;-0.770246795
2020-04-29 15:00;1.50000399;1.950535002;0.34776995
2020-04-29 16:00;0.692136478;1.521270163;-0.822075169
2020-04-29 17:00;0.263690741;0.106749312;-0.642941801
2020-04-29 18:00;0.929216991;-2.01200447;-1.029767571
2020-04-29 19:00;0.02694232;-1.902476609;-1.638974597
2020-04-29 20:00;-2.556095831;-2.305707381;-0.83063586
2020-04-29 21:00;-2.066573828;-0.953769074;0.012837047
2020-04-29 22:00;-0.511844985;-0.563473805;1.235791145
2020-04-29 23:00;-0.718001393;0.661305281;1.927666025
2020-04-30 00:00;1.128094797;0.201014172;1.91941551
2020-04-30 01:00;0.810027552;-0.618435282;-0.105062169
2020-04-30 02:00;-0.866408943;-0.601904265;-0.209517148
2020-04-30 03:00;-0.152891757;-0.102174152;0.795342091
2020-04-30 04:00;-0.598598744;1.369223091;0.197940061
2020-04-30 05:00;0.623366285;1.204189804;-1.332768982
2020-04-30 06:00;1.126460655;0.656433777;-0.561236772
2020-04-30 07:00;1.573983987;1.156616084;-0.871060556
2020-04-30 08:00;1.645467822;1.542871677;-1.862412278
2020-04-30 09:00;1.383155661;1.353641057;-1.795093169
2020-04-30 10:00;2.007924841;0.515308293;-0.727869364
2020-04-30 11:00;1.788242902;1.431032469;-1.01448042
2020-04-30 12:00;1.757291636;2.303396343;0.158576943
2020-04-30 13:00;2.067510561;1.110794279;-0.43026925
2020-04-30 14:00;3.343733478;1.671504125;-1.717192007
2020-04-30 15:00;3.804488309;1.741068989;-2.439717695
2020-04-30 16:00;4.376791557;1.192420212;-1.678223542
2020-04-30 17:00;3.180814195;-0.647047631;-1.47429784
2020-04-30 18:00;0.337324063;-1.163241398;-2.192195623
2020-04-30 19:00;0.254378995;-0.174401717;-1.842874223
2020-04-30 20:00;0.060324696;-0.076465743;0.008346023
2020-04-30 21:00;-1.040918094;-0.299232506;-0.679815996
2020-04-30 22:00;-0.15345106;0.675456533;-0.654988696
2020-04-30 23:00;-0.488439538;0.700308226;-1.462077123
2020-05-01 00:00;-0.598379945;0.726088899;-2.220286974
2020-05-01 01:00;-0.004959018;0.040053255;-2.771095206
2020-05-01 02:00;1.056088255;-1.869034654;-4.831096321
2020-05-01 03:00;0.774190053;-3.157658122;-4.215966415
2020-05-01 04:00;-2.003683562;-2.14098203;-2.90623672
2020-05-01 05:00;-1.640572917;-2.427249274;-3.13840973
2020-05-01 06:00;-1.675671594;-2.241599012;-0.242016592
2020-05-01 07:00;-2.51758553;-0.414238845;-0.556912459
2020-05-01 08:00;-1.436021271;-0.411531067;0.718725966
2020-05-01 09:00;-2.054150918;0.052001071;0.706778789
2020-05-01 10:00;-3.440255247;1.620546294;2.050567166
2020-05-01 11:00;2.152689814;0.408377691;1.58199192
2020-05-01 12:00;1.991163529;-0.978457799;1.564940879
2020-05-01 13:00;1.319623607;0.662677485;0.230942136
2020-05-01 14:00;-0.012019658;1.00394994;-0.483025235
2020-05-01 15:00;0.389440738;1.728868246;-2.769127138
2020-05-01 16:00;0.798578522;0.958427768;-3.057924369
2020-05-01 17:00;0.132373905;1.252174919;-2.652784961
2020-05-01 18:00;1.04833097;-0.926727977;-2.275799597
2020-05-01 19:00;1.429972493;0.372557219;-1.552542409
2020-05-01 20:00;1.86046961;1.182533491;-2.07358291
2020-05-01 21:00;0.641300863;1.131495444;-2.387353981
2020-05-01 22:00;1.97025736;2.058807736;-1.837056454
2020-05-01 23:00;2.905546122;1.098060033;-1.544032173
2020-05-02 00:00;2.602471139;0.35289454;-0.512034966
2020-05-02 01:00;2.346207843;1.183163355;-1.286954677
2020-05-02 02:00;4.119620884;0.544016501;-0.983893302
2020-05-02 03:00;0.648418709;-0.144209439;-0.774941784
2020-05-02 04:00;-0.775694078;-0.698688071;-2.067650541
2020-05-02 05:00;-2.41038576;-0.545134098;-1.360836833
2020-05-02 06:00;-2.494026109;0.604129163;0.659359359
2020-05-02 07:00;-2.428010036;1.535011668;1.707732377
2020-05-02 08:00;0.10516591;1.497714447;1.70577205
2020-05-02 09:00;1.88650301;-0.758582086;1.552069182
2020-05-02 10:00;-1.334270278;-1.794947273;-0.239548825
2020-05-02 11:00;-0.468418739;-0.556368874;-0.277839664
2020-05-02 12:00;-1.636008115;-1.533438294;-0.816658252
2020-05-02 13:00;-3.065426597;0.572778753;-0.771121698
2020-05-02 14:00;-2.38394672;-1.157695134;0.103423202
2020-05-02 15:00;-0.911351939;-0.671081356;-0.257398666
2020-05-02 16:00;-1.160498601;1.566875918;-0.284969564
2020-05-02 17:00;0.374293277;-0.759483447;-0.283281
2020-05-02 18:00;-1.248763117;0.913305462;-2.347721524
2020-05-02 19:00;-1.20725903;1.844269772;-2.165829128
2020-05-02 20:00;1.852393085;2.142574334;0.049986118
2020-05-02 21:00;3.565933534;2.446787502;-0.122281504
2020-05-02 22:00;3.641013816;2.933717203;0.647595865
2020-05-02 23:00;3.320263229;3.396777871;0.595184907
2020-05-03 00:00;3.528658145;0.353861519;-0.555907527
2020-05-03 01:00;0.141890777;-0.159665288;0.28651731
2020-05-03 02:00;1.007709658;0.936829215;-0.88621747
2020-05-03 03:00;0.423694098;1.106938984;-1.564309397
2020-05-03 04:00;1.363091886;0.666167569;-1.148356673
2020-05-03 05:00;3.316656594;1.110552228;-0.26954342
2020-05-03 06:00;1.623721568;0.571586019;0.38336983
2020-05-03 07:00;0.611174706;0.741795592;2.346992594
2020-05-03 08:00;-0.533910696;0.147498453;3.575343938
2020-05-03 09:00;-0.5055251;0.484496848;1.592939447
2020-05-03 10:00;-0.859558833;2.271491414;-0.473239872
2020-05-03 11:00;1.938090277;1.310942076;-0.810119173
2020-05-03 12:00;0.300117024;0.180803595;-0.061156185
2020-05-03 13:00;-0.538826614;-0.814197419;0.504133704
2020-05-03 14:00;-0.634213882;-1.102550147;-0.67159501
2020-05-03 15:00;-1.546055204;-0.259408255;1.304183259
2020-05-03 16:00;-2.671075867;-0.731312808;1.956455275
2020-05-03 17:00;-3.000179472;0.033310624;2.456012394
2020-05-03 18:00;-0.177637281;0.248419185;1.901279469
2020-05-03 19:00;1.358825222;1.334077007;1.245356177
2020-05-03 20:00;2.185573841;-1.525094518;0.732388998
2020-05-03 21:00;-0.318312787;-0.008820627;1.046147864
2020-05-03 22:00;0.694586379;-0.359311521;2.244434194
2020-05-03 23:00;-0.814056402;0.347676866;1.78997909
2020-05-04 00:00;0.366097026;-2.148993847;1.340380317
2020-05-04 01:00;-1.17697405;0.499943361;2.454305185
2020-05-04 02:00;1.076900366;-0.001412377;2.701411595
2020-05-04 03:00;0.458243267;0.633998478;2.07935435
2020-05-04 04:00;-1.09153663;2.489752161;3.230679528
2020-05-04 05:00;2.1955751;2.233445619;2.737681469
2020-05-04 06:00;4.013583915;1.933295071;2.487491513
2020-05-04 07:00;3.077220405;2.165284837;3.08934411
2020-05-04 08:00;2.049481279;2.913683676;2.233258372
2020-05-04 09:00;3.395809705;2.061211964;1.963253625
2020-05-04 10:00;2.797001061;0.993246743;1.2538395
2020-05-04 11:00;1.61374676;1.489098463;2.583421878
2020-05-04 12:00;0.232705435;1.778010771;3.057132328
2020-05-04 13:00;3.05715796;0.849980135;1.854178878
2020-05-04 14:00;2.426815999;1.195130691;0.892058831
2020-05-04 15:00;1.217059021;0.978522686;-0.50409872
2020-05-04 16:00;1.243426729;0.289218392;0.249855214
2020-05-04 17:00;-0.247704745;-1.465012495;1.092941226
2020-05-04 18:00;-0.951897576;-0.282980111;1.627135592
2020-05-04 19:00;-1.457510711;-1.312815241;0.764157251
2020-05-04 20:00;-3.026411988;-0.371750072;0.255925555
2020-05-04 21:00;-1.663140405;1.652032127;-0.246763738
2020-05-04 22:00;1.114164057;2.222285314;0.769416977
2020-05-04 23:00;1.08273863;1.134543026;-0.336920977
2020-05-05 00:00;1.086375613;0.110616048;0.873957643
2020-05-05 01:00;0.930308197;1.554205345;1.225129139
2020-05-05 02:00;0.288305114;2.175418071;1.202062197
2020-05-05 03:00;1.726264848;2.792971395;0.573739625
2020-05-05 04:00;2.976049973;2.089621812;2.15507506
2020-05-05 05:00;4.418887853;0.58989988;1.197612985
2020-05-05 06:00;2.170910627;-0.066362323;0.496885926
2020-05-05 07:00;1.548822556;0.153230227;2.161964773
2020-05-05 08:00;-0.687118411;1.128001315;1.310511782
2020-05-05 09:00;0.032827529;1.374004947;0.301647992
2020-05-05 10:00;-0.696892563;0.054616473;-0.10495265
2020-05-05 11:00;0.20750091;-1.890739922;0.458408922
2020-05-05 12:00;-1.362870411;-4.09028754;0.990546628
2020-05-05 13:00;-1.703357904;-2.410207595;0.439806601
2020-05-05 14:00;-2.052316181;-1.962710287;1.753527025
2020-05-05 15:00;-3.186478559;-2.63090639;0.853492155
2020-05-05 16:00;-3.546854038;-2.462404974;0.343921521
2020-05-05 17:00;-5.0551651;-1.003060067;-0.478695158
2020-05-05 18:00;-2.56206576;-1.241776644;-0.737944432
2020-05-05 19:00;-1.304713768;-2.329187845;-0.060872059
2020-05-05 20:00;-1.611945872;-3.77946188;-0.058061397
2020-05-05 21:00;-4.478053928;-0.779296233;-0.443552533
2020-05-05 22:00;-0.642346088;-1.158591673;-0.246352316
2020-05-05 23:00;-0.611678971;-2.289980163;1.710423312
2020-05-06 00:00;-2.093559279;-0.354453396;1.638119838
2020-05-06 01:00;-0.133314146;-0.401632982;0.851069277
2020-05-06 02:00;-0.516800252;-0.19519283;1.883519571
2020-05-06 03:00;-1.053461522;-1.291034707;1.937567507
2020-05-06 04:00;-2.79400251;-2.005061464;2.958952821
2020-05-06 05:00;-4.266013265;0.635543479;4.296762042
2020-05-06 06:00;-2.870478162;1.710049938;3.086557375
2020-05-06 07:00;-1.330658766;1.29580268;0.634696038
2020-05-06 08:00;-1.081760734;0.511369482;2.074063164
2020-05-06 09:00;-0.566125466;-0.5526862;2.784557726
2020-05-06 10:00;0.142349763;0.976729078;2.124233134
2020-05-06 11:00;2.107600401;1.599736848;0.913820414
2020-05-06 12:00;2.038869566;1.362183726;0.495603643
2020-05-06 13:00;2.210384853;-0.080190904;1.205981651
2020-05-06 14:00;1.960064468;-0.261477735;1.226388739
2020-05-06 15:00;-0.831162309;0.386399853;0.352849946
2020-05-06 16:00;0.232255833;1.080864258;0.349147015
2020-05-06 17:00;2.577285179;-0.193527603;1.223186187
2020-05-06 18:00;2.513347195;0.55964237;0.972329389
2020-05-06 19:00;3.861385245;1.432409828;1.767217124
2020-05-06 20:00;3.931077888;2.00678466;2.985340346
2020-05-06 21:00;2.766850194;3.125229761;1.514563889
2020-05-06 22:00;3.549965271;2.462718666;1.152754112
2020-05-06 23:00;3.132957085;2.314152277;1.509117526
2020-05-07 00:00;3.749248724;1.194361806;-0.326132194
2020-05-07 01:00;3.148338953;1.749445268;-0.323097582
2020-05-07 02:00;2.675572462;1.676417433;-0.414522324
2020-05-07 03:00;2.80695188;1.366668387;-1.369072362
2020-05-07 04:00;1.300925996;0.151283787;0.368745106
2020-05-07 05:00;-0.197505194;-0.34647705;-2.550397628
2020-05-07 06:00;-0.142125086;0.380997237;-0.891803976
2020-05-07 07:00;0.782036434;1.313847225;-1.152912826
2020-05-07 08:00;1.681984822;-2.004749216;-0.063434721
2020-05-07 09:00;-0.197832455;-1.098019971;0.345277436
2020-05-07 10:00;-2.462719205;-0.446488246;0.036997463
2020-05-07 11:00;-3.028996443;-1.996373278;0.6676696
2020-05-07 12:00;-2.506013651;-1.747243498;0.436321588
2020-05-07 13:00;-3.770393167;-0.783076952;1.252565455
2020-05-07 14:00;-2.859170627;-2.596949833;0.227990831
2020-05-07 15:00;-4.022334631;-1.086844007;-0.588877235
2020-05-07 16:00;-2.402999932;-0.571541137;-1.106011992
2020-05-07 17:00;-1.840854422;1.029669425;-1.046513653
2020-05-07 18:00;-0.805295838;-0.769503793;-1.062311827
2020-05-07 19:00;-1.075921336;1.263384946;-0.890012362
2020-05-07 20:00;0.316332268;-0.173891544;0.625664141
2020-05-07 21:00;-0.157145995;0.421570648;-0.310908449
2020-05-07 22:00;1.610178821;0.164243314;-0.805835409
2020-05-07 23:00;1.873575786;0.257701607;-1.245555508
2020-05-08 00:00;-0.083113914;0.7317907;-2.141937645
2020-05-08 01:00;-0.439490144;1.274117444;-1.60862635
2020-05-08 02:00;-0.176441909;0.217251464;-1.932969745
2020-05-08 03:00;1.122146141;0.692413785;-2.736717241
2020-05-08 04:00;-1.182702283;1.383408301;-1.792021507
2020-05-08 05:00;-1.180311332;0.611433953;0.135865831
2020-05-08 06:00;-0.553859568;0.893138517;-0.896763988
2020-05-08 07:00;-0.450755675;0.99505563;-0.834666089
2020-05-08 08:00;1.783664146;0.003716283;-0.657034756
2020-05-08 09:00;0.889326552;1.60320489;-0.828950646
2020-05-08 10:00;0.755357364;0.333082786;-0.038666455
2020-05-08 11:00;0.287218202;-0.217641827;-0.183961489
2020-05-08 12:00;0.988636034;-0.819824254;0.681114234
2020-05-08 13:00;0.904298039;-1.412347033;0.511751903
2020-05-08 14:00;-1.679654756;-1.505967058;0.625571399
2020-05-08 15:00;-1.60143159;-1.677651855;-0.75913008
2020-05-08 16:00;-1.999616584;-0.381299723;-1.598776637
2020-05-08 17:00;-2.656230168;-0.502987451;0.414243532
2020-05-08 18:00;-0.665897775;0.482360681;-0.180167213
2020-05-08 19:00;0.409303479;-0.299934701;-0.732159564
2020-05-08 20:00;-1.198467865;1.180764312;-1.480605523
2020-05-08 21:00;1.975664219;1.848164607;-1.582500624
2020-05-08 22:00;3.546567635;-1.283308292;0.283193029
2020-05-08 23:00;1.31249271;-1.169343765;0.33855543
2020-05-09 00:00;-1.131031824;-2.295763349;0.013290343
2020-05-09 01:00;-3.618227192;-1.901815059;0.635407855
2020-05-09 02:00;-1.981670784;-1.499555008;0.83569023
2020-05-09 03:00;-2.006361254;-1.078196304;1.197471899
2020-05-09 04:00;-1.055150664;-2.322697801;2.045676795
2020-05-09 05:00;-4.175775299;-2.470404356;2.087977987
2020-05-09 06:00;-4.128030048;-1.444485641;1.928128325
2020-05-09 07:00;-3.570031411;-3.667263712;3.153336555
2020-05-09 08:00;-4.370803712;-0.094557809;2.775068216
2020-05-09 09:00;-4.164778517;-0.360707142;2.184155277
2020-05-09 10:00;-3.442734609;-2.34445654;1.555795226
2020-05-09 11:00;-3.020403117;0.996835537;1.187207889
2020-05-09 12:00;-2.179189795;-0.503269045;2.311424398
2020-05-09 13:00;-2.266572134;0.248195215;1.238304852
2020-05-09 14:00;-1.733892941;1.748521569;0.489135294
2020-05-09 15:00;1.856840294;0.387260343;1.161119369
2020-05-09 16:00;2.407985345;0.230142128;0.869264256
2020-05-09 17:00;2.315809682;0.311547799;0.619923705
2020-05-09 18:00;1.497140316;0.538753045;-1.133226181
2020-05-09 19:00;1.008470013;-0.304769623;-3.019691703
2020-05-09 20:00;0.672950107;-0.034973;-1.412323865
2020-05-09 21:00;2.147650683;-0.023074822;-2.746101592
2020-05-09 22:00;0.679217216;0.429825909;-2.275396928
2020-05-09 23:00;2.442586222;0.292499408;-1.218000946
2020-05-10 00:00;0.673680674;-0.926048428;-0.152843886
2020-05-10 01:00;-0.340873032;0.249865422;1.388984155
2020-05-10 02:00;1.952111683;1.085012056;1.403345702
2020-05-10 03:00;4.437940933;2.529204409;1.29382147
2020-05-10 04:00;4.17867969;1.232176944;1.576958854
2020-05-10 05:00;2.883322634;0.994385123;2.207952307
2020-05-10 06:00;2.450214065;0.98673492;2.855226523
2020-05-10 07:00;1.628104816;-0.422759585;2.382029506
2020-05-10 08:00;0.123552521;-0.075303792;0.238763807
2020-05-10 09:00;0.371574649;-0.36478809;-0.478672473
2020-05-10 10:00;-1.169816746;-0.202855701;-0.563649229
2020-05-10 11:00;0.904761106;-0.283943589;-0.620672076
2020-05-10 12:00;0.278771278;-1.968168509;0.078636154
2020-05-10 13:00;0.269358463;-3.413501103;-0.086652515
2020-05-10 14:00;-0.927399864;-2.791555999;0.37345545
2020-05-10 15:00;-1.45585424;-2.577010436;1.389927435
2020-05-10 16:00;-2.167503746;-0.538682157;1.382140351
2020-05-10 17:00;-1.340085602;1.47510333;-1.618040841
2020-05-10 18:00;-0.298249001;1.279690991;-0.852474643
2020-05-10 19:00;0.845991274;0.030467331;-1.652724322
2020-05-10 20:00;0.442046862;0.138743856;-0.029269638
2020-05-10 21:00;0.244327274;0.749238596;2.353183708
2020-05-10 22:00;1.965590133;0.644227357;1.423930937
2020-05-10 23:00;1.695331095;-0.768857365;1.052376439
2020-05-11 00:00;-0.429375825;-0.924018804;1.077941227
2020-05-11 01:00;0.890617204;0.003368592;2.178387068
2020-05-11 02:00;0.028279113;-0.12774055;1.160694185
2020-05-11 03:00;0.145240202;-0.537481526;1.063043285
2020-05-11 04:00;2.164753165;-1.771177225;1.184843874
2020-05-11 05:00;0.78880129;1.403278325;0.288579398
2020-05-11 06:00;1.611215871;0.577645377;1.63537344
2020-05-11 07:00;1.453250553;2.061799034;0.619158797
2020-05-11 08:00;2.824290845;2.517878736;-0.051173774
2020-05-11 09:00;3.994528868;0.45636185;1.053388286
2020-05-11 10:00;0.114620341;2.028519836;2.53779392
2020-05-11 11:00;1.684992019;1.096091569;2.92225541
2020-05-11 12:00;0.925755969;-0.397987329;2.354411356
2020-05-11 13:00;-1.096116071;-0.616710408;1.754959788
2020-05-11 14:00;-3.06149789;-0.083421028;2.870750555
2020-05-11 15:00;-2.562019202;0.472072407;2.350235191
2020-05-11 16:00;-0.494682142;0.641142652;1.268438468
2020-05-11 17:00;0.51875988;1.071398744;-0.601510891
2020-05-11 18:00;0.3907204;2.095193772;-2.234776869
2020-05-11 19:00;0.415175174;1.591189687;-2.102487914
2020-05-11 20:00;2.185734627;1.896442876;-1.356410816
2020-05-11 21:00;2.106109225;1.74909764;-1.788536961
2020-05-11 22:00;3.45401583;1.946454147;-2.40328615
2020-05-11 23:00;2.33979256;-1.18825778;-0.039184083
2020-05-12 00:00;0.731855969;-0.379374492;-1.923925332
2020-05-12 01:00;-0.042896873;-1.036743606;-1.305093991
2020-05-12 02:00;1.359583476;-2.258408741;-2.237281897
2020-05-12 03:00;0.368897349;-2.909703717;-1.760863408
2020-05-12 04:00;-3.664391184;-2.5082264;-1.086235707
2020-05-12 05:00;-2.443082622;-2.636458713;-0.417200525
2020-05-12 06:00;-2.883949856;-0.897344024;1.491686681
2020-05-12 07:00;-2.225463021;-0.861925151;1.354233429
2020-05-12 08:00;-2.573894108;1.074815144;2.536626699
2020-05-12 09:00;-0.21687226;2.423169843;1.484114475
2020-05-12 10:00;2.291037164;1.710013242;1.555519385
2020-05-12 11:00;1.419737373;-0.092818443;-0.90549725
2020-05-12 12:00;0.358526392;-0.070128671;-1.077321279
2020-05-12 13:00;1.222403372;0.390595554;-1.883958915
2020-05-12 14:00;1.317499398;0.22334206;-2.807593347
2020-05-12 15:00;2.250105058;0.530213603;-1.56096886
2020-05-12 16:00;-0.348644557;0.108017922;-1.731511347
2020-05-12 17:00;-2.35252699;-0.006764895;-2.796267449
2020-05-12 18:00;-1.490262748;-0.886375056;-3.868745393
2020-05-12 19:00;0.248861744;-1.85331063;-2.898285002
2020-05-12 20:00;0.302587248;-2.334150951;-2.613824822
2020-05-12 21:00;-3.153515056;-3.995123432;-2.903966775
2020-05-12 22:00;-4.454819977;-4.821383405;-1.922997113
2020-05-12 23:00;-4.748574047;-4.025564178;-1.625101402
2020-05-13 00:00;-4.5413355;-3.00299156;-0.524488495
2020-05-13 01:00;-6.187389881;-1.271407901;-0.77918717
2020-05-13 02:00;-2.89870613;-0.230399155;-1.379280455
2020-05-13 03:00;-1.781763633;-1.795947819;-1.688234528
2020-05-13 04:00;-1.969130836;-1.367997046;-0.640218323
2020-05-13 05:00;-2.797651288;-0.729486284;-0.302478355
2020-05-13 06:00;-1.161986646;-0.833951232;-0.914764527
2020-05-13 07:00;0.770336401;-0.794076284;-0.980877726
2020-05-13 08:00;0.787557614;-0.200182079;-1.111071737
2020-05-13 09:00;-0.429238872;-0.267141149;0.13652808
2020-05-13 10:00;-1.641662164;0.08692123;0.29720074
2020-05-13 11:00;-0.987685275;-0.792882458;-0.286919834
2020-05-13 12:00;-0.51796889;-2.046219911;-0.498022275
2020-05-13 13:00;-3.227663548;-1.443918185;-0.8171372
2020-05-13 14:00;-1.922970403;-0.625088939;-2.461064114
2020-05-13 15:00;-0.994140349;-0.049930502;-2.054759943
2020-05-13 16:00;2.965709029;-0.731108084;-0.881783843
2020-05-13 17:00;1.13692452;-0.699406849;0.416815655
2020-05-13 18:00;0.465669381;-1.151254521;1.782695165
2020-05-13 19:00;0.516466993;-2.966671445;2.093040368
2020-05-13 20:00;-3.216961627;-2.85014981;3.37154576
2020-05-13 21:00;-3.710098971;-1.33813457;3.728388504
2020-05-13 22:00;-2.48239075;-1.083668476;4.023502106
2020-05-13 23:00;-2.207674243;-0.705388349;3.300326934
2020-05-14 00:00;-1.940418427;-1.608490376;3.764648037
2020-05-14 01:00;-2.002037105;0.075841295;2.078354727
2020-05-14 02:00;-1.951637383;0.469393131;1.005450949
2020-05-14 03:00;0.414915032;1.232416124;0.130092302
2020-05-14 04:00;-0.402157556;1.805265466;-0.976951865
2020-05-14 05:00;0.804290804;0.42338762;1.28832491
2020-05-14 06:00;-0.091445444;-1.663631393;-0.172589408
2020-05-14 07:00;-1.335837877;-0.403733623;0.35173381
2020-05-14 08:00;-0.695000779;1.197286297;-0.051413654
2020-05-14 09:00;0.800870876;-0.895507115;-1.102275985
2020-05-14 10:00;-0.780282291;0.024569976;-1.036962288
2020-05-14 11:00;-1.884430272;1.185037706;-0.7890748
2020-05-14 12:00;-1.400989427;0.983908648;-1.431489124
2020-05-14 13:00;-1.196703279;0.628551554;-2.036042485
2020-05-14 14:00;1.495395138;0.474175389;-1.6866949
2020-05-14 15:00;1.264880932;-1.057269374;-3.355646226
2020-05-14 16:00;-0.081704269;-2.841096643;-3.861009671
2020-05-14 17:00;-3.051860973;-0.516557684;-2.698073489
2020-05-14 18:00;-2.355820731;0.753086152;-3.107779994
2020-05-14 19:00;0.1869533;-0.777795167;-3.276035825
2020-05-14 20:00;1.433940066;-1.813225354;-1.281947305
2020-05-14 21:00;-0.058811822;-0.407751378;-0.43206382
2020-05-14 22:00;0.884964588;-2.353975335;-0.328357816
2020-05-14 23:00;-2.655105898;-3.20646356;0.955008471
2020-05-15 00:00;-4.254533341;-1.023355218;2.564993184
2020-05-15 01:00;-1.623181369;0.050673905;1.835103299
2020-05-15 02:00;-1.042056276;0.05109688;1.169752207
2020-05-15 03:00;-1.124677489;1.599403407;2.001395806
2020-05-15 04:00;2.754085047;1.811493756;1.446412032
2020-05-15 05:00;1.838315088;2.181126073;1.34185609
2020-05-15 06:00;2.484700467;2.911014883;0.473421943
2020-05-15 07:00;2.695815879;2.664237645;1.408322784
2020-05-15 08:00;2.808711955;1.239579785;2.312705572
2020-05-15 09:00;1.784439598;2.624032047;3.871514352
2020-05-15 10:00;4.703743539;1.589949989;4.418300985
2020-05-15 11:00;2.776152684;1.294636255;1.783828105
2020-05-15 12:00;2.199950808;0.380480992;1.911550778
2020-05-15 13:00;1.121343433;1.27E-05;0.002815114
2020-05-15 14:00;1.545195823;1.275548176;-2.914856638
2020-05-15 15:00;2.339796464;0.591917;-3.560840615
2020-05-15 16:00;2.172706886;-1.249118667;-2.910941881
2020-05-15 17:00;0.508589873;-1.604457327;-2.61084748
2020-05-15 18:00;0.321744533;-3.618751438;-1.113417712
2020-05-15 19:00;-3.094686429;-4.196285817;-1.127180069
2020-05-15 20:00;-4.522401447;-2.481650094;-1.608064513
2020-05-15 21:00;-3.256411886;-0.178774952;-1.631992225
2020-05-15 22:00;-0.814803515;0.11809288;-1.93971148
2020-05-15 23:00;0.23764147;0.476921716;-0.451329248
2020-05-16 00:00;1.555225261;-1.79492527;0.146140713
2020-05-16 01:00;-0.206600927;-0.157534125;1.344078033
2020-05-16 02:00;1.235663598;-0.267989369;1.687977908
2020-05-16 03:00;-0.275397076;-0.912326338;1.00506122
2020-05-16 04:00;-1.214147076;-0.595471958;1.629106139
2020-05-16 05:00;-2.317048882;-2.479912663;0.298944947
2020-05-16 06:00;-3.450781717;-2.117014253;0.167307583
2020-05-16 07:00;-3.378118979;0.194075248;-0.075784618
2020-05-16 08:00;-1.273173796;0.657909378;1.856217931
2020-05-16 09:00;-3.297361622;0.743258873;0.499763715
2020-05-16 10:00;0.164025419;0.65044353;1.38520829
2020-05-16 11:00;1.345383545;1.595982666;2.63163618
2020-05-16 12:00;1.68257661;1.994465532;0.765225474
2020-05-16 13:00;2.595988877;2.350192897;2.358197228
2020-05-16 14:00;3.255028564;1.934548914;0.000907737
2020-05-16 15:00;3.775868699;2.257108921;1.042830575
2020-05-16 16:00;3.617123188;2.190439191;-0.321628832
2020-05-16 17:00;4.754911286;2.189388888;0.181073364
2020-05-16 18:00;2.606079298;2.600726485;1.011943157
2020-05-16 19:00;2.489386013;3.557809503;0.56749699
2020-05-16 20:00;2.870127504;0.933152269;1.263701924
2020-05-16 21:00;2.125766926;1.875571851;1.419578676
2020-05-16 22:00;3.063516922;1.316234558;0.627669796
2020-05-16 23:00;3.008411627;0.729665154;0.314159436
2020-05-17 00:00;1.364064566;2.235061097;0.383863669
2020-05-17 01:00;3.307321531;-0.749512235;0.10072934
2020-05-17 02:00;0.243803082;-1.386109292;-1.666924845
2020-05-17 03:00;0.36869028;-1.85768676;-1.186293304
2020-05-17 04:00;-0.79523873;-2.294613333;-1.539168538
2020-05-17 05:00;-1.801561138;-0.253266305;-1.523551109
2020-05-17 06:00;-2.523114502;-1.198474153;-0.913885916
2020-05-17 07:00;-1.49337014;-0.794617741;-1.015899302
2020-05-17 08:00;-0.424779536;-0.00723142;-0.667629856
2020-05-17 09:00;0.345790454;-1.128227131;-0.803385409
2020-05-17 10:00;-1.952380292;-1.615053588;0.014747835
2020-05-17 11:00;-0.763478017;-0.638962163;-0.93453265
2020-05-17 12:00;0.915561397;-1.905625183;-0.165755644
2020-05-17 13:00;-0.239387411;-0.123938732;-0.688538409
2020-05-17 14:00;-0.543817601;-1.118405017;-1.25281781
2020-05-17 15:00;0.491152034;0.379805815;-0.911955415
2020-05-17 16:00;0.324782691;0.458211971;-0.836315811
2020-05-17 17:00;1.728200978;-0.783359874;0.142111776
2020-05-17 18:00;1.47610741;0.988241131;-0.798891094
2020-05-17 19:00;3.09688609;-0.942815052;-1.833339281
2020-05-17 20:00;2.693201534;-0.738899584;-0.532188007
2020-05-17 21:00;-0.26619199;-0.942327395;-0.183219238
2020-05-17 22:00;-1.175464761;-0.858113303;-1.471507355
2020-05-17 23:00;-2.938107797;0.007416953;0.214529319
2020-05-18 00:00;-0.748128303;-1.032445233;0.759966903
2020-05-18 01:00;-0.17179099;-1.25069206;-0.847585199
2020-05-18 02:00;-0.239901007;-1.158073037;-0.968815337
2020-05-18 03:00;0.071238707;-0.71093056;-0.04774413
2020-05-18 04:00;-0.488481576;0.087974905;-0.21202343
2020-05-18 05:00;0.731475439;1.245962664;0.922039999
2020-05-18 06:00;1.756773923;0.255791366;-0.380538007
2020-05-18 07:00;2.792592671;1.756511738;-0.994873377
2020-05-18 08:00;2.351186063;0.427877612;-1.496894579
2020-05-18 09:00;1.088394327;-1.046040161;-0.190281497
2020-05-18 10:00;-0.133607594;-0.041118257;-0.385598482
2020-05-18 11:00;1.798155262;1.748898;-1.2194713
2020-05-18 12:00;2.887386175;1.432047804;-0.15948617
2020-05-18 13:00;3.124052366;0.53741461;1.298215874
2020-05-18 14:00;1.847190446;2.382736284;1.982976465
2020-05-18 15:00;2.204932032;0.741534446;1.923757436
2020-05-18 16:00;2.034784157;1.979821973;2.023295658
2020-05-18 17:00;2.114998422;3.033006824;1.932675629
2020-05-18 18:00;2.490275538;2.213055283;-0.108940149
2020-05-18 19:00;1.50598401;-0.152488484;-0.868999584
2020-05-18 20:00;0.424858683;-1.058541926;-1.239290102
2020-05-18 21:00;-0.099020783;-1.468913605;-2.378679195
2020-05-18 22:00;-1.14121155;-0.760931758;-1.379499678
2020-05-18 23:00;-0.503172282;-1.376731101;-0.857773133
2020-05-19 00:00;-0.805677391;-1.872843645;-2.133854675
2020-05-19 01:00;-2.206231642;-1.725985243;-2.009403511
2020-05-19 02:00;-1.739850365;-1.389054074;-0.955788602
2020-05-19 03:00;-2.262334808;-1.7580744;-2.183390766
2020-05-19 04:00;-2.404410377;-2.216593388;-1.144444579
2020-05-19 05:00;-2.80119619;-0.432781027;-1.291312311
2020-05-19 06:00;-1.20534628;0.025776719;1.228361564
2020-05-19 07:00;0.043621846;-0.157809332;2.786070034
2020-05-19 08:00;1.128496923;0.024946215;2.365465462
2020-05-19 09:00;0.406978857;0.287391958;0.877592853
2020-05-19 10:00;0.209842627;0.801883417;2.201857671
2020-05-19 11:00;0.294974132;0.108542815;0.81674598
2020-05-19 12:00;1.696705784;0.886955154;0.745925348
2020-05-19 13:00;1.750861;1.665529637;0.737640813
2020-05-19 14:00;2.711578475;1.179770733;1.578032686
2020-05-19 15:00;2.223479083;0.650516048;-0.033356775
2020-05-19 16:00;3.178081136;0.74665148;-0.65017456
2020-05-19 17:00;0.237146675;0.024614776;-0.106721497
2020-05-19 18:00;-0.77672675;-1.154714356;0.759381957
2020-05-19 19:00;-0.898478074;-1.038684674;1.643118524
2020-05-19 20:00;-1.234676982;-1.115578664;3.27528708
2020-05-19 21:00;-2.597785279;-0.326850786;2.218433051
2020-05-19 22:00;-1.683470231;0.456453909;2.794895907
2020-05-19 23:00;-0.769663997;-0.52179627;1.582135169
2020-05-20 00:00;-2.431582519;-1.472598025;1.939965653
2020-05-20 01:00;-2.860678342;-1.653410335;2.751407366
2020-05-20 02:00;-2.168987902;-1.66629655;2.571696839
2020-05-20 03:00;-2.288150972;-0.104271994;2.405006631
2020-05-20 04:00;-0.809571988;-2.927548938;2.304809879
2020-05-20 05:00;-3.768190461;-1.257035703;1.74307151
2020-05-20 06:00;-3.326886339;0.491057656;2.475794341
2020-05-20 07:00;-1.909048251;-1.266237166;1.198224573
2020-05-20 08:00;-2.942925104;-0.520765233;1.274503283
2020-05-20 09:00;-0.389347785;-0.171345702;0.672869369
2020-05-20 10:00;-0.633101789;0.154423774;0.824876694
2020-05-20 11:00;-1.474670119;0.4262429;1.392710432
2020-05-20 12:00;0.895534794;1.684029904;1.890830898
2020-05-20 13:00;2.123136466;2.058351868;1.142436874
2020-05-20 14:00;3.162690218;1.748384846;1.378513672
2020-05-20 15:00;2.541702528;2.105995663;0.531839238
2020-05-20 16:00;3.722728914;0.612503007;-0.88600896
2020-05-20 17:00;2.791740978;2.049880052;0.137635447
2020-05-20 18:00;3.202539619;0.198417486;2.646562624
2020-05-20 19:00;2.412013415;-0.783709575;1.755934606
2020-05-20 20:00;0.115559013;-0.388045168;2.23570091
2020-05-20 21:00;0.470524803;0.052751618;1.261974294
2020-05-20 22:00;-0.208575737;1.727532145;1.612964755
2020-05-20 23:00;1.236593299;1.902705352;1.002651684
2020-05-21 00:00;2.909450539;1.542509795;1.211907035
2020-05-21 01:00;3.309969383;-0.225077336;1.564339625
2020-05-21 02:00;1.728346307;-0.012712478;1.848461098
2020-05-21 03:00;-1.243118263;2.888168707;-0.558123061
2020-05-21 04:00;2.223647045;2.796722895;0.91382398
2020-05-21 05:00;3.954413472;3.580487173;-0.632347697
2020-05-21 06:00;4.114874356;1.710972677;-0.854881892
2020-05-21 07:00;3.487449729;2.371088363;-0.626462337
2020-05-21 08:00;3.995147411;0.513138907;-0.333467186
2020-05-21 09:00;0.981091837;-0.126611666;1.049355342
2020-05-21 10:00;0.194865666;-0.354967567;1.488369772
2020-05-21 11:00;-1.299200838;-0.892593003;1.698928252
2020-05-21 12:00;-1.092692323;-1.322420116;-0.31335328
2020-05-21 13:00;0.406345809;-1.650751369;-0.027468728
2020-05-21 14:00;0.695752511;-2.226377419;-1.020264394
2020-05-21 15:00;0.238519794;1.462617948;-1.590225839
2020-05-21 16:00;2.642370191;0.915344431;-0.65226649
2020-05-21 17:00;0.832203115;1.322107303;0.08840317
2020-05-21 18:00;0.599943488;0.577513889;-0.754493394
2020-05-21 19:00;0.554056859;1.057483464;-1.761005457
2020-05-21 20:00;1.173560467;-0.396325765;-2.485294112
2020-05-21 21:00;1.295708212;0.908867932;-0.539503735
2020-05-21 22:00;1.561867252;-0.466044697;-0.612257818
2020-05-21 23:00;1.756619607;0.658991939;-0.519489087
2020-05-22 00:00;1.135047841;0.45301091;0.184214089
2020-05-22 01:00;-0.785888508;-0.820576618;0.425810637
2020-05-22 02:00;-3.391754976;-0.727181171;0.130404147
2020-05-22 03:00;-1.946260881;-1.202284388;0.023295048
2020-05-22 04:00;-1.195970512;-1.449740701;-1.240787093
2020-05-22 05:00;-1.103746562;-0.840557641;-1.615427467
2020-05-22 06:00;-1.1323534;-0.276046682;-1.643816387
2020-05-22 07:00;-0.399754871;0.41272675;-1.426960133
2020-05-22 08:00;-0.39958853;-0.568897796;-2.253168627
2020-05-22 09:00;-0.898684025;0.347812024;-2.729272798
2020-05-22 10:00;-0.394109535;-0.369655487;-1.393701538
2020-05-22 11:00;-2.542488048;1.264293571;-0.61717473
2020-05-22 12:00;0.928055284;0.06264705;-0.791292524
2020-05-22 13:00;0.398668415;-1.060637605;-0.893054845
2020-05-22 14:00;0.614763329;-0.768430479;-1.618521787
2020-05-22 15:00;0.135598194;1.365306765;-3.059715508
2020-05-22 16:00;0.536842967;0.608471463;-2.097338532
2020-05-22 17:00;-0.229116163;0.940578102;-0.919771249
2020-05-22 18:00;0.458658274;2.509324277;0.575070888
2020-05-22 19:00;3.038665794;2.075026981;0.360035012
2020-05-22 20:00;1.985632219;0.005685979;-0.048479953
2020-05-22 21:00;1.639521211;-0.584273889;-1.986280733
2020-05-22 22:00;1.06273034;0.228717275;-1.626979206
2020-05-22 23:00;1.92756738;0.014700487;0.372301973
2020-05-23 00:00;-0.765513579;-0.782665033;-0.125073176
2020-05-23 01:00;-1.966038481;-1.289738629;1.124049516
2020-05-23 02:00;-2.48428224;-1.234490369;2.911322955
2020-05-23 03:00;-3.327260727;0.721343891;1.36685967
2020-05-23 04:00;-1.742655426;-1.364422421;2.772386889
2020-05-23 05:00;-3.536861501;-0.80065108;1.012885377
2020-05-23 06:00;-1.831249121;-1.182853771;0.770616351
2020-05-23 07:00;-1.437567107;-0.51617064;0.549728101
2020-05-23 08:00;-0.262769113;0.38980326;0.499152467
2020-05-23 09:00;1.244796176;1.229105159;1.178936611
2020-05-23 10:00;1.316042578;-0.876705999;2.90273581
2020-05-23 11:00;0.318236595;-0.049195906;2.567203465
2020-05-23 12:00;0.162399201;2.168320788;1.045160796
2020-05-23 13:00;2.114899537;1.34900156;0.060672248
2020-05-23 14:00;1.727994199;1.253452046;-0.310992473
2020-05-23 15:00;1.135603084;0.434430857;0.015283235
2020-05-23 16:00;2.737630713;1.35035241;0.930138355
2020-05-23 17:00;4.616942174;3.239858402;-1.456157747
2020-05-23 18:00;4.649486726;1.916434522;-2.948133618
2020-05-23 19:00;2.17614022;1.555560939;-0.899465382
2020-05-23 20:00;2.749065898;1.489666761;-0.279569834
2020-05-23 21:00;2.084174998;2.119255628;0.62758888
2020-05-23 22:00;1.065949814;2.063294818;1.130086842
2020-05-23 23:00;2.480282753;0.390638478;-0.463864393
2020-05-24 00:00;2.557031353;1.447079233;-0.631175798
2020-05-24 01:00;1.640785044;2.57322927;0.898478481
2020-05-24 02:00;2.656893263;1.234642431;-1.014174796
2020-05-24 03:00;2.306250983;-0.275072685;-0.619005931
2020-05-24 04:00;0.216915783;-0.049979842;0.129568946
2020-05-24 05:00;-0.208703755;1.665013169;2.390510784
2020-05-24 06:00;-0.15710281;1.330200852;3.243654391
2020-05-24 07:00;0.638358562;1.671588958;1.794873207
2020-05-24 08:00;0.61990533;0.926461938;3.209389427
2020-05-24 09:00;1.30492593;2.19756804;2.548352608
2020-05-24 10:00;0.556301228;0.809240978;2.993055219
2020-05-24 11:00;3.219949899;-0.745240997;2.659144783
2020-05-24 12:00;-0.588908777;-0.029916361;2.638522102
2020-05-24 13:00;-1.93865566;-1.414823367;0.224770937
2020-05-24 14:00;-1.702397953;-0.292402015;-0.965615282
2020-05-24 15:00;-2.742944008;-0.81544455;-0.652733539
2020-05-24 16:00;-1.266567902;-1.093386673;-0.916274315
2020-05-24 17:00;-1.434579725;-0.637103;-2.962432405
2020-05-24 18:00;0.813567615;-1.144319699;-1.071683308
2020-05-24 19:00;-0.236287694;-2.290704484;-0.94666679
2020-05-24 20:00;-0.864259861;0.262541131;-0.662762608
2020-05-24 21:00;-0.083475357;-1.040467718;-1.543377955
2020-05-24 22:00;-1.071647955;-0.183448956;-0.871396834
2020-05-24 23:00;-1.180975829;-0.420493946;-1.557000229
2020-05-25 00:00;-1.296143719;1.873170812;-1.786604867
2020-05-25 01:00;0.573781562;-0.742054845;-1.08019361
2020-05-25 02:00;1.206242673;-0.60591687;-1.096815182
2020-05-25 03:00;0.401487527;-3.672622247;-0.180039252
2020-05-25 04:00;-1.999758593;-1.986204572;0.268933014
2020-05-25 05:00;-2.776197315;0.038954243;1.625333219
2020-05-25 06:00;-1.783818007;-0.326457548;3.660911055
2020-05-25 07:00;-0.337023705;-0.011385225;1.979316564
2020-05-25 08:00;-0.854808251;1.047618902;0.251770155
2020-05-25 09:00;-0.214883762;2.107328362;-0.041075929
2020-05-25 10:00;2.747720166;2.831024768;-0.643027631
2020-05-25 11:00;3.971698201;2.484177308;-1.191129721
2020-05-25 12:00;2.686269623;1.042606796;0.024515122
2020-05-25 13:00;1.62484701;0.072320388;-1.232166143
2020-05-25 14:00;2.218823162;1.006755728;-1.859947977
2020-05-25 15:00;1.432803214;0.151534056;-1.722318903
2020-05-25 16:00;1.055365378;-0.918481145;-2.660941288
2020-05-25 17:00;0.259292713;-2.19909409;-0.717309623
2020-05-25 18:00;-0.115673138;-1.183774045;-0.041136823
2020-05-25 19:00;-1.863030147;-0.586726202;-1.073453792
2020-05-25 20:00;-1.786749471;-2.806609356;-0.994922175
2020-05-25 21:00;-3.29961611;-1.256276971;-0.168213376
2020-05-25 22:00;-2.401463397;-1.643021734;-0.142629056
2020-05-25 23:00;-2.446775123;0.384775539;-1.782703874
2020-05-26 00:00;-0.543952763;-0.015814257;0.332984637
2020-05-26 01:00;-0.549272857;-0.007635843;0.126322215
2020-05-26 02:00;0.462863008;-0.356624126;0.281960223
2020-05-26 03:00;-1.164838169;-0.839539812;-0.935711615
2020-05-26 04:00;-2.375046381;-0.716501193;-1.170755302
2020-05-26 05:00;0.871821997;0.171893987;-1.57237124
2020-05-26 06:00;0.04873509;0.133604736;-1.793946895
2020-05-26 07:00;-0.350849329;-0.030866439;-0.528173695
2020-05-26 08:00;0.97393374;-0.748933386;0.469390632
2020-05-26 09:00;0.315656782;-1.871089869;0.012043507
2020-05-26 10:00;-0.1093746;0.083152007;0.375451148
2020-05-26 11:00;0.29261036;-0.006087372;1.811580904
2020-05-26 12:00;-1.224749918;-0.760529392;2.206943042
2020-05-26 13:00;0.054138221;-1.162687185;0.094742166
2020-05-26 14:00;-2.003996732;-1.237121346;0.668525308
2020-05-26 15:00;-0.508881501;-0.524537278;-0.325527492
2020-05-26 16:00;-0.673301488;-0.661314549;-0.553468442
2020-05-26 17:00;-1.618298421;1.158072533;-1.237406473
2020-05-26 18:00;0.688198043;0.244627102;0.402335671
2020-05-26 19:00;-0.397952735;2.993482539;-0.272186119
2020-05-26 20:00;-0.283720097;0.452571039;-0.349168205
2020-05-26 21:00;0.266959739;0.258188734;-1.042176778
2020-05-26 22:00;-1.435644702;0.143978139;-0.566652293
2020-05-26 23:00;0.236292584;1.273545355;0.183819631
2020-05-27 00:00;2.293389302;0.04309474;0.745350824
2020-05-27 01:00;-0.031968405;1.655156701;-0.383895775
2020-05-27 02:00;0.85824513;-0.939509803;-0.159796346
2020-05-27 03:00;-0.295567321;-1.166509576;0.002063451
2020-05-27 04:00;-1.217139869;-1.611668149;0.574814507
2020-05-27 05:00;-2.16192883;0.775457334;0.957543557
2020-05-27 06:00;-1.379911999;2.024253151;1.363761389
2020-05-27 07:00;-1.301107058;1.379959342;0.256121593
2020-05-27 08:00;0.360117856;1.925562443;0.01135446
2020-05-27 09:00;2.069764831;2.152599911;-0.432309269
2020-05-27 10:00;2.203358401;1.167995067;-1.422933226
2020-05-27 11:00;2.271048513;1.45300621;-1.691677932
2020-05-27 12:00;2.399839029;1.023865085;-1.715732661
2020-05-27 13:00;3.012565494;-0.571075683;-0.461348827
2020-05-27 14:00;2.504010097;0.007271162;-1.282012113
2020-05-27 15:00;1.766178588;-1.371447084;-0.896930807
2020-05-27 16:00;0.793975683;-1.565070348;-1.531537923
2020-05-27 17:00;0.164379714;-1.636607133;-0.781220656
2020-05-27 18:00;-1.995752889;-1.400411304;0.321753606
2020-05-27 19:00;-2.034414701;-0.253432999;-1.120788007
2020-05-27 20:00;-0.674252591;0.902289548;-0.108394771
2020-05-27 21:00;2.287684075;0.155588427;-2.418501553
2020-05-27 22:00;0.356148864;1.119507777;-2.920857229
2020-05-27 23:00;0.716010705;0.119997726;-0.616803026
2020-05-28 00:00;0.883272207;0.201393724;-1.233907392
2020-05-28 01:00;0.534594106;-1.304419764;-1.061690502
2020-05-28 02:00;-1.255304892;0.503800992;-0.292426618
2020-05-28 03:00;-0.52026415;0.688214974;-1.052290953
2020-05-28 04:00;0.71288099;1.263515319;0.836189554
2020-05-28 05:00;0.98997836;0.365189525;1.207426032
2020-05-28 06:00;-0.346094197;1.160539673;2.196338457
2020-05-28 07:00;1.438762393;2.340411573;1.762999129
2020-05-28 08:00;1.667939442;2.201988042;1.293185945
2020-05-28 09:00;2.431432798;0.128610722;-0.145315263
2020-05-28 10:00;1.403816957;0.06083865;-0.427726782
2020-05-28 11:00;0.025464014;1.057614821;-1.480027303
2020-05-28 12:00;1.691947505;-0.483984715;0.013758509
2020-05-28 13:00;-0.965411535;0.090784895;-1.307043907
2020-05-28 14:00;-0.848793831;-0.673017801;-1.590306265
2020-05-28 15:00;-1.016009423;1.63471217;-0.974557382
2020-05-28 16:00;1.727538451;-0.030119362;-1.609277392
2020-05-28 17:00;0.778890569;-0.134517467;0.716198724
2020-05-28 18:00;0.899460283;0.367474293;1.982241744
2020-05-28 19:00;0.913484148;-1.208135668;2.619861784
2020-05-28 20:00;-0.560363752;-0.962253951;2.397466803
2020-05-28 21:00;-1.31500364;0.111105059;2.151939199
2020-05-28 22:00;-0.462086896;-0.984647457;3.39788627
2020-05-28 23:00;-1.824201025;-1.068557167;2.832883353
2020-05-29 00:00;-2.851951339;-0.606654313;2.113613512
2020-05-29 01:00;-3.005739707;-0.742345047;1.15277
2020-05-29 02:00;-1.229576631;0.689370738;2.251816077
2020-05-29 03:00;-1.413956281;2.059079835;0.314456698
2020-05-29 04:00;1.669139187;2.790887194;0.597237285
2020-05-29 05:00;2.060418198;1.240700356;0.390136638
2020-05-29 06:00;1.905708221;1.165369912;0.508391721
2020-05-29 07:00;0.749104143;0.915564458;-0.940382606
2020-05-29 08:00;3.356116973;-0.46663806;-0.386732458
2020-05-29 09:00;2.759042359;0.492221752;-0.130981249
2020-05-29 10:00;0.824940479;0.165337359;-0.791858089
2020-05-29 11:00;-0.821364913;1.99204644;0.409692568
2020-05-29 12:00;0.649580651;1.427163101;-0.916313529
2020-05-29 13:00;2.62560719;0.272191066;-0.106885999
2020-05-29 14:00;-1.132743467;0.758724617;0.692119191
2020-05-29 15:00;2.139131014;1.232218457;0.451443334
2020-05-29 16:00;2.599239979;-1.134232644;2.548842697
2020-05-29 17:00;-0.696878037;-0.766456535;2.445331224
2020-05-29 18:00;-2.107023064;-0.854018231;2.957551879
2020-05-29 19:00;-2.426813183;0.298063059;1.458509428
2020-05-29 20:00;-0.322755584;2.171546174;1.463197285
2020-05-29 21:00;0.76832802;2.431694024;-0.269154018
2020-05-29 22:00;3.245976002;1.858189254;-0.202348579
2020-05-29 23:00;3.828933028;3.023735254;0.518791357
2020-05-30 00:00;3.443644253;0.805152264;0.710972594
2020-05-30 01:00;2.066082786;0.743472046;-0.680714546
2020-05-30 02:00;2.718610799;0.999916762;-0.834815819
2020-05-30 03:00;2.05251733;-1.467242623;-0.318932817
2020-05-30 04:00;-0.170903634;-1.546516129;-0.124123057
2020-05-30 05:00;-1.272248101;-0.592202053;1.292463387
2020-05-30 06:00;-1.679389891;-0.299742836;0.890196948
2020-05-30 07:00;-0.179878353;1.107948306;0.41568292
2020-05-30 08:00;0.876048782;1.630096714;0.555447246
2020-05-30 09:00;0.39134743;2.881506544;0.918196656
2020-05-30 10:00;1.819710079;2.603005775;2.096349046
2020-05-30 11:00;1.82635081;3.283144003;0.24846182
2020-05-30 12:00;3.603851703;0.946745919;0.826447005
2020-05-30 13:00;3.122798837;1.582530847;0.230019463
2020-05-30 14:00;2.679230428;0.345967424;-1.620901168
2020-05-30 15:00;2.676063317;-0.62806765;-2.356101241
2020-05-30 16:00;0.24669022;-0.531830461;-0.60315532
2020-05-30 17:00;-2.204436366;-0.777194766;-0.95786203
2020-05-30 18:00;-1.82990482;1.661021351;-0.91284176
2020-05-30 19:00;-0.957708572;-0.947188693;1.325714365
2020-05-30 20:00;-2.539776191;-0.311024917;0.646958658
2020-05-30 21:00;-2.480693478;0.453841124;-1.424808038
2020-05-30 22:00;-3.531307279;2.51957947;-0.961453027
2020-05-30 23:00;1.429293438;1.307565742;-1.313115875
2020-05-31 00:00;2.067378759;0.261764097;-1.014360365
2020-05-31 01:00;1.140748353;-0.885708355;-0.224067418
2020-05-31 02:00;0.060246584;-1.211637701;-0.985591616
2020-05-31 03:00;0.896997699;-0.879370243;0.666028803
2020-05-31 04:00;0.44595306;-2.084144412;-0.329691542
2020-05-31 05:00;-0.383367422;-0.084722803;-1.09753048
2020-05-31 06:00;-0.759942488;-0.8596767;-0.498175875
2020-05-31 07:00;-0.224395328;-1.486534591;0.104473704
2020-05-31 08:00;-1.623828792;0.979581275;1.867242637
2020-05-31 09:00;0.787355301;0.477295641;1.44866394
2020-05-31 10:00;0.6153808;1.432908295;2.143954156
2020-05-31 11:00;2.180742739;0.597745326;0.848597553
2020-05-31 12:00;0.609928117;-0.000878767;1.66729683
2020-05-31 13:00;1.686081102;-0.315327689;1.877497382
2020-05-31 14:00;2.568205851;0.148322168;1.761393392
2020-05-31 15:00;1.762739738;-0.031097621;-0.239010941
2020-05-31 16:00;1.599189679;0.43335271;-0.306338641
2020-05-31 17:00;0.375037188;1.13818264;-1.670580682
2020-05-31 18:00;1.807883747;-0.89101578;-0.638555218
2020-05-31 19:00;-0.114826;-0.143188945;-0.486665807
2020-05-31 20:00;-0.271549404;-2.791453143;-0.827326031
2020-05-31 21:00;-0.699717921;-3.675629624;-1.706254933
2020-05-31 22:00;-3.480579103;-2.300140944;0.066672507
2020-05-31 23:00;-4.992029335;0.223806304;-0.069199348
2020-06-01 00:00;-2.282158367;1.259623498;-0.27285581
2020-06-01 01:00;-0.930282531;1.388216625;-0.134113907
2020-06-01 02:00;1.631803186;0.870782827;-0.105530883
2020-06-01 03:00;-0.385999133;1.782519045;0.200928293
2020-06-01 04:00;0.466221165;1.972461157;-2.142220652
2020-06-01 05:00;1.784983479;2.077354673;-1.403137454
2020-06-01 06:00;4.187501282;0.023323921;-1.285657986
2020-06-01 07:00;3.494337389;1.754710192;-0.756968932
2020-06-01 08:00;3.209438949;0.578399724;0.071617229
2020-06-01 09:00;2.45547195;0.849904148;2.290279927
2020-06-01 10:00;1.644450184;1.291678254;1.760825457
2020-06-01 11:00;2.380050558;0.969873602;1.466964476
2020-06-01 12:00;2.218667758;0.751142592;-0.534330656
2020-06-01 13:00;0.840037233;0.78242528;0.06648004
2020-06-01 14:00;2.634852333;0.337642225;-0.404813663
2020-06-01 15:00;2.16431372;-1.558509151;-1.483210844
2020-06-01 16:00;0.080143532;-1.287772605;-0.973260308
2020-06-01 17:00;0.12362481;-0.73809512;-2.535119291
2020-06-01 18:00;-0.510220549;-1.612819979;-1.737752001
2020-06-01 19:00;-0.110494542;-1.504641193;-3.044415068
2020-06-01 20:00;-1.06353137;-0.059834345;-2.185603275
2020-06-01 21:00;-2.156207559;1.377841642;-1.922153068
2020-06-01 22:00;1.036376774;1.417209232;-0.1919197
2020-06-01 23:00;3.047076025;1.054042723;0.060290223
2020-06-02 00:00;2.036392949;2.222016871;1.363487405
2020-06-02 01:00;3.308895365;1.544926772;2.969111774
2020-06-02 02:00;3.827075647;2.156667175;1.656008374
2020-06-02 03:00;1.935932888;2.347802193;0.355532005
2020-06-02 04:00;1.192997864;2.65739521;0.295967932
2020-06-02 05:00;3.530241044;2.092266239;-1.062193126
2020-06-02 06:00;3.189660548;0.206805303;-1.281161544
2020-06-02 07:00;3.525702175;0.348653842;-1.790208012
2020-06-02 08:00;0.475035079;1.239918309;-2.617191491
2020-06-02 09:00;1.844663459;0.938484622;-1.886649192
2020-06-02 10:00;0.117934187;-0.315834225;-1.786597406
2020-06-02 11:00;-0.842510046;1.036415747;-3.162410457
2020-06-02 12:00;-1.387913159;-1.029143655;-2.996004031
2020-06-02 13:00;-2.203490213;-1.099293874;-1.325508344
2020-06-02 14:00;-2.018278042;2.272596282;-3.566293427
2020-06-02 15:00;1.383842623;2.630977388;-1.967081682
2020-06-02 16:00;3.80287302;1.425823341;0.59811642
2020-06-02 17:00;2.126149341;2.572908749;0.274083586
2020-06-02 18:00;2.310547821;1.334209214;2.115174751
2020-06-02 19:00;0.786505584;1.465739587;2.89883491
2020-06-02 20:00;1.905037576;1.329158848;2.088388129
2020-06-02 21:00;2.593666534;-0.579577841;1.422641832
2020-06-02 22:00;-0.044276154;-2.152656398;0.93253188
2020-06-02 23:00;-2.320497425;-1.185000674;1.295447116
2020-06-03 00:00;-2.700234162;-1.413576508;1.112889416
2020-06-03 01:00;-2.88233489;-0.498847269;1.487632355
2020-06-03 02:00;-2.010415218;1.553975309;2.393627838
2020-06-03 03:00;0.568374268;4.44263858;1.220520112
2020-06-03 04:00;2.033315119;3.134453778;0.350523268
2020-06-03 05:00;2.082143584;3.401666679;2.124930907
2020-06-03 06:00;2.40319323;1.491708944;0.401734856
2020-06-03 07:00;2.857714655;2.278330286;0.415760435
2020-06-03 08:00;2.944314403;2.120314909;0.076741359
2020-06-03 09:00;2.599780258;0.572320512;1.051752562
2020-06-03 10:00;1.983715124;-0.169959696;1.504265662
2020-06-03 11:00;0.521021253;-1.822528996;2.104353871
2020-06-03 12:00;-2.050109694;-1.331156732;1.851468221
2020-06-03 13:00;-3.16304455;-2.412927868;1.274244471
2020-06-03 14:00;-4.153229066;-1.58645325;2.467242285
2020-06-03 15:00;-3.398505302;-1.681488779;3.119612688
2020-06-03 16:00;-2.268015576;-3.119150234;0.512248866
2020-06-03 17:00;-3.442996924;-1.983001212;-0.226845151
2020-06-03 18:00;-3.670124762;-2.184511677;1.164457471
2020-06-03 19:00;-3.439042068;-1.52055483;1.365438613
2020-06-03 20:00;-1.269382859;-1.177374648;-0.085801654
2020-06-03 21:00;-2.329762023;-1.57144355;-1.554095955
2020-06-03 22:00;-2.416119097;-0.447428246;-1.190638647
2020-06-03 23:00;-2.325636521;-0.61288924;-1.600535516
2020-06-04 00:00;-0.522963481;0.080395349;-1.43970812
2020-06-04 01:00;0.057379466;1.779808622;-0.286408041
2020-06-04 02:00;0.805164499;0.970549631;1.07403247
2020-06-04 03:00;1.387005672;2.558182536;2.283056633
2020-06-04 04:00;3.295278616;3.400251578;0.523730246
2020-06-04 05:00;5.67544983;1.774971189;0.121555615
2020-06-04 06:00;3.509398997;1.909584081;-0.522251544
2020-06-04 07:00;2.473672734;2.131797982;-1.316736955
2020-06-04 08:00;1.78021999;2.325386113;-1.148051083
2020-06-04 09:00;2.955733887;1.290208936;-2.529139635
2020-06-04 10:00;3.351220778;0.339491729;-3.105151066
2020-06-04 11:00;2.917802168;0.167467647;-3.662472846
2020-06-04 12:00;3.009929951;-0.892692966;-1.702097875
2020-06-04 13:00;-0.148100064;-1.153401862;-0.612331308
2020-06-04 14:00;-1.93239919;0.155055076;-2.087648881
2020-06-04 15:00;-0.524004489;1.355064912;-1.492573285
2020-06-04 16:00;-0.585266994;1.75909644;-1.243085543
2020-06-04 17:00;0.196306218;-0.237206002;-0.733053943
2020-06-04 18:00;-0.994295202;2.026698779;0.693152305
2020-06-04 19:00;-0.049143137;1.88992303;-0.267854353
2020-06-04 20:00;0.829296632;1.642531331;-0.03793624
2020-06-04 21:00;-0.127954559;-1.564868782;-0.47246369
2020-06-04 22:00;0.052118097;-0.139733593;-1.867208331
2020-06-04 23:00;0.20406262;-1.176095883;-2.154234965
2020-06-05 00:00;0.054358744;-0.132369069;-2.020149037
2020-06-05 01:00;-0.956183663;0.557778669;-0.82238714
2020-06-05 02:00;-1.232104021;-0.241429366;-0.028069648
2020-06-05 03:00;-0.507917549;-1.777429298;0.614951512
2020-06-05 04:00;-1.026552881;0.397838707;0.591654017
2020-06-05 05:00;0.768871003;-0.147368142;-1.500672953
2020-06-05 06:00;-1.0823561;0.951508277;-2.439221809
2020-06-05 07:00;1.47637927;-0.374399872;-2.759879663
2020-06-05 08:00;1.456450592;-0.830333442;-2.734649962
2020-06-05 09:00;-0.207986358;-0.825770326;-2.146959991
2020-06-05 10:00;1.318078222;-0.198106169;-1.07891518
2020-06-05 11:00;1.781970194;-1.554023637;-0.580780197
2020-06-05 12:00;-1.601453734;-0.242222018;-1.280477361
2020-06-05 13:00;-1.129245307;-1.556930647;-0.677190906
2020-06-05 14:00;-0.062944722;-0.268836558;-0.134935975
2020-06-05 15:00;-0.689899514;0.267560009;-0.339102836
2020-06-05 16:00;-1.73247336;0.856136712;-2.619260771
2020-06-05 17:00;0.700877377;-0.825765284;-1.276015917
2020-06-05 18:00;1.35081152;-1.708514546;-0.953124977
2020-06-05 19:00;-0.99564978;-2.50435568;-0.824644432
2020-06-05 20:00;-2.065255883;-3.387706983;1.100591104
2020-06-05 21:00;-2.131824391;-2.419110197;1.58823736
2020-06-05 22:00;-2.595812434;-0.487005923;0.658871972
2020-06-05 23:00;-1.409809727;0.641352195;0.310419102
2020-06-06 00:00;-1.206216948;1.357570598;-1.010516658
2020-06-06 01:00;-1.487069562;0.925645848;-0.114364546
2020-06-06 02:00;-1.193636384;0.557439206;-0.417333757
2020-06-06 03:00;-1.250828062;2.84102688;0.684609394
2020-06-06 04:00;1.147334846;3.462449701;0.434050599
2020-06-06 05:00;4.192859869;1.963425477;-0.27378211
2020-06-06 06:00;3.497094855;1.598629684;0.13713518
2020-06-06 07:00;2.20885271;-1.048796162;0.430084231
2020-06-06 08:00;-0.72781243;-2.042388423;0.379627276
2020-06-06 09:00;-4.347193776;-1.174603494;0.471212964
2020-06-06 10:00;-3.110877296;-2.160742386;0.713936284
2020-06-06 11:00;-5.477461651;-1.730163176;-0.464074839
2020-06-06 12:00;-4.727512008;-2.29390501;-2.279225255
2020-06-06 13:00;-3.335751342;-2.153904213;-3.817579486
2020-06-06 14:00;-4.42642633;-1.105014712;-3.323938179
2020-06-06 15:00;-3.210772127;-1.196758089;-3.492791256
2020-06-06 16:00;-1.871728917;-2.565391557;-2.221890808
2020-06-06 17:00;-4.273004406;-0.860481702;-1.60109033
2020-06-06 18:00;-2.071734317;-0.030631096;-1.72286945
2020-06-06 19:00;-0.12039356;-1.365124923;-2.131157296
2020-06-06 20:00;-0.976513448;-1.004155416;-2.903259252
2020-06-06 21:00;0.281443134;-1.085021285;-1.029003972
2020-06-06 22:00;-1.31209491;-1.373184378;-2.253831243
2020-06-06 23:00;-0.981700831;-0.502764078;-2.428542813
2020-06-07 00:00;-3.370207829;0.770524121;-2.273867769
2020-06-07 01:00;0.11490143;-1.514711978;-3.645139047
2020-06-07 02:00;-1.270784581;-1.467666877;-2.848923585
2020-06-07 03:00;-1.469272356;-1.135996581;-1.964869887
2020-06-07 04:00;-1.793779508;-2.038001221;-0.169862768
2020-06-07 05:00;-4.358722826;-0.542026732;0.863632125
2020-06-07 06:00;-0.917332562;0.600495433;-0.820456227
2020-06-07 07:00;-0.210955434;-1.158439959;1.552849714
2020-06-07 08:00;-3.237120682;0.443060998;2.620017544
2020-06-07 09:00;-1.54401281;-0.123107308;1.809750491
2020-06-07 10:00;-2.210927033;0.854994745;3.231576005
2020-06-07 11:00;-0.645973418;2.088404364;3.54696487
2020-06-07 12:00;-0.930490064;0.550238636;1.985218094
2020-06-07 13:00;0.543654751;0.586629503;0.735271971
2020-06-07 14:00;-0.871419544;-2.126993496;0.672989757
2020-06-07 15:00;-2.750581331;-2.181002825;0.575900813
2020-06-07 16:00;-2.4089387;-1.8516398;0.678143032
2020-06-07 17:00;-3.016416821;-3.189814621;0.804916482
2020-06-07 18:00;-3.987084746;-3.296521929;3.660534392
2020-06-07 19:00;-4.593458602;-2.699519008;1.622056136
2020-06-07 20:00;-5.256929401;-2.511743658;0.111542845
2020-06-07 21:00;-4.10423703;-2.596238726;-0.261484759
2020-06-07 22:00;-4.855967267;-2.633672683;0.147711414
2020-06-07 23:00;-5.238873928;-0.195348229;1.756873137
2020-06-08 00:00;-5.196932008;0.396825049;0.996866626
2020-06-08 01:00;-0.160542819;1.360853491;0.374416112
2020-06-08 02:00;2.019563318;3.447017249;-0.663990591
2020-06-08 03:00;2.741202253;1.481730195;0.794729861
2020-06-08 04:00;2.813676983;1.113258326;-0.569111939
2020-06-08 05:00;3.138012098;-0.025667628;0.267503168
2020-06-08 06:00;2.188658014;-0.093767678;0.308932241
2020-06-08 07:00;0.139135433;-1.004103084;-2.192741261
2020-06-08 08:00;0.347817673;-0.414664097;-1.484901653
2020-06-08 09:00;-0.318560657;-1.471880419;-2.356574396
2020-06-08 10:00;0.478081037;-1.966477601;-2.825144581
2020-06-08 11:00;-1.987662352;-0.401745581;-3.076134161
2020-06-08 12:00;0.174055007;0.169907451;-0.815939472
2020-06-08 13:00;1.246329825;-0.749038432;-1.954761947
2020-06-08 14:00;0.878081211;-1.079472957;-1.581638364
2020-06-08 15:00;-0.716546685;-1.118987292;-1.221439696
2020-06-08 16:00;-0.720248823;-2.666775024;0.634213557
2020-06-08 17:00;-2.145245423;0.952792034;-1.283570023
2020-06-08 18:00;0.667177616;0.478578043;-0.618061069
2020-06-08 19:00;2.171382958;0.945259962;-1.626719601
2020-06-08 20:00;0.47893796;2.770212788;-1.190119376
2020-06-08 21:00;2.529501147;1.075341086;0.255446935
2020-06-08 22:00;1.203804909;0.894148779;0.85305309
2020-06-08 23:00;0.782629799;0.1733129;-0.528256826
2020-06-09 00:00;0.922590685;1.128017157;-1.577284629
2020-06-09 01:00;1.747949514;0.37056658;-3.705244112
2020-06-09 02:00;-0.573555621;-0.258604398;-4.349808317
2020-06-09 03:00;0.160053529;0.939149654;-3.031622321
2020-06-09 04:00;0.456136707;0.277540864;-1.652991629
2020-06-09 05:00;0.407952995;0.394359749;-2.145554616
2020-06-09 06:00;1.086296381;0.589155289;-0.75236574
2020-06-09 07:00;2.835935718;1.769623406;-1.787518249
2020-06-09 08:00;3.75593481;0.436147688;-2.127268989
2020-06-09 09:00;1.860021503;1.961598902;-1.859202993
2020-06-09 10:00;2.670974411;0.65299221;-1.359061788
2020-06-09 11:00;1.702395573;0.231779875;-1.681440198
2020-06-09 12:00;1.247383239;-0.200805946;-1.465488481
2020-06-09 13:00;0.349306189;-1.852591313;-1.776628714
2020-06-09 14:00;-0.364408327;-1.918305048;-1.813986545
2020-06-09 15:00;-1.178035087;-1.557410256;-0.879614667
2020-06-09 16:00;-1.637866639;-1.349361712;1.25908402
2020-06-09 17:00;-2.360360495;-1.726514927;0.317912986
2020-06-09 18:00;-2.703512023;-1.805517611;0.364411668
2020-06-09 19:00;-3.080567396;-2.127898393;0.519478975
2020-06-09 20:00;-3.080200368;-0.849771561;1.362043352
2020-06-09 21:00;-3.276714812;-1.882876529;-0.403155121
2020-06-09 22:00;-4.182429336;-0.290614486;-0.857471803
2020-06-09 23:00;-1.968001131;1.436189172;-0.476037444
2020-06-10 00:00;0.637329424;0.508549039;0.176549082
2020-06-10 01:00;3.154928397;0.218225334;-0.348173521
2020-06-10 02:00;0.790877694;-0.330487788;-0.861511427
2020-06-10 03:00;-0.549940369;-0.096183089;-1.746953865
2020-06-10 04:00;-0.549857593;0.46186854;-1.892211551
2020-06-10 05:00;0.469398953;1.24216096;-3.410572803
2020-06-10 06:00;2.414388135;0.136135047;-3.137550394
2020-06-10 07:00;2.306328219;-0.62864672;-2.732727132
2020-06-10 08:00;1.958480576;0.430931111;-1.454850528
2020-06-10 09:00;1.667391124;1.161416634;-0.127410632
2020-06-10 10:00;0.601651054;0.252947283;-0.461209997
2020-06-10 11:00;-0.333777046;-0.347291646;0.983050999
2020-06-10 12:00;-1.259834441;0.33526371;0.051145985
2020-06-10 13:00;1.854508735;-1.146018658;-1.436790828
2020-06-10 14:00;-0.632170968;0.858717845;-0.863366477
2020-06-10 15:00;0.834224925;0.920124775;-1.116320523
2020-06-10 16:00;2.787309497;1.740840993;-1.673319469
2020-06-10 17:00;3.140954916;2.187828216;-2.012208105
2020-06-10 18:00;3.627026613;1.908053291;-2.248939414
2020-06-10 19:00;2.412828506;1.631874613;-2.024057079
2020-06-10 20:00;3.104735206;0.834673791;-3.280191446
2020-06-10 21:00;1.682242102;0.015640654;-3.72978795
2020-06-10 22:00;1.333272758;-0.120709654;-4.267084657
2020-06-10 23:00;1.823842858;-0.44987337;-3.496039254
2020-06-11 00:00;1.343143294;-0.22590255;-1.471041197
2020-06-11 01:00;1.38319815;-0.11245392;-0.754232494
2020-06-11 02:00;-0.175417182;0.78351992;-0.589083751
2020-06-11 03:00;-0.681984483;0.458829722;0.692139661
2020-06-11 04:00;-0.458835166;1.229512837;1.059965045
2020-06-11 05:00;-0.669647741;1.192746156;1.071119236
2020-06-11 06:00;0.62635815;-0.347161248;-0.094497034
2020-06-11 07:00;0.835824207;-0.817769687;-0.583829935
2020-06-11 08:00;-1.671862192;-1.563666857;-0.087553747
2020-06-11 09:00;-2.244270754;-1.232989985;0.017557034
2020-06-11 10:00;-3.10397053;-0.921355011;-0.07858881
2020-06-11 11:00;-2.543128901;-1.929743095;0.430577647
2020-06-11 12:00;-2.915946868;-1.263453038;0.467222806
2020-06-11 13:00;-2.622065363;-2.24853134;0.793261331
2020-06-11 14:00;-2.188309357;-1.152841252;0.364884653
2020-06-11 15:00;-0.723177372;-1.153794536;-0.537629309
2020-06-11 16:00;-0.134317156;-0.176456292;1.113957724
2020-06-11 17:00;-0.652964583;-0.203756922;1.579969396
2020-06-11 18:00;-0.277053539;-1.181759539;1.639941945
2020-06-11 19:00;-0.693475846;-1.426879441;0.183401599
2020-06-11 20:00;-1.459138115;-0.366624134;0.737264193
2020-06-11 21:00;0.014371468;-1.803647686;1.430103563
2020-06-11 22:00;-0.887497607;-1.805485386;-0.07433502
2020-06-11 23:00;-2.938823038;-2.323051222;-1.968780564
2020-06-12 00:00;-1.23698883;-4.750349902;0.414104383
2020-06-12 01:00;-3.140854773;-2.879417798;-0.034142431
2020-06-12 02:00;-4.406030715;-1.357115325;-0.882046479
2020-06-12 03:00;-4.377150001;-0.969946904;-2.441743678
2020-06-12 04:00;-4.240453646;-3.161706276;-0.759783434
2020-06-12 05:00;-4.014629752;-2.548820866;-0.214198283
2020-06-12 06:00;-3.348263352;-1.649952127;-1.628626714
2020-06-12 07:00;-1.192147931;-0.426015259;0.947541119
2020-06-12 08:00;-0.616412214;-0.525880494;2.459038369
2020-06-12 09:00;-0.926047307;-0.568328644;2.804344512
2020-06-12 10:00;-2.267402414;-1.253285507;2.712603346
2020-06-12 11:00;-0.524742609;-1.220085765;2.891295068
2020-06-12 12:00;-2.799679459;-1.938074494;3.97117213
2020-06-12 13:00;-2.062767183;-1.800226278;3.831380252
2020-06-12 14:00;-2.028796462;-0.933708183;2.659744297
2020-06-12 15:00;-2.561578915;0.543184573;3.163096488
2020-06-12 16:00;-2.916178617;1.297119776;1.88188414
2020-06-12 17:00;-3.06476589;-0.019426407;0.120560296
2020-06-12 18:00;-0.579183291;-1.166459313;-1.905595043
2020-06-12 19:00;-0.974206162;-2.198791421;-2.961267299
2020-06-12 20:00;-0.72302322;-0.323770362;-3.506869581
2020-06-12 21:00;-1.045194627;-1.162052157;-1.946807608
2020-06-12 22:00;-0.811153741;0.74322836;-1.311934748
2020-06-12 23:00;0.958300031;0.715482737;-0.834117471
2020-06-13 00:00;1.290739944;-0.159201693;0.69246364
2020-06-13 01:00;0.956209424;0.144724728;0.963341037
2020-06-13 02:00;1.277329456;0.086936128;-0.527478177
2020-06-13 03:00;0.048521791;-0.003252723;-1.294725297
2020-06-13 04:00;0.978657191;-0.378807024;0.365781562
2020-06-13 05:00;-0.252424329;0.397401849;0.936752085
2020-06-13 06:00;1.129293621;0.809988477;1.273862788
2020-06-13 07:00;0.115512691;0.596407232;1.569277234
2020-06-13 08:00;0.420572251;0.497631597;1.173632612
2020-06-13 09:00;-0.837944442;-1.216740783;-0.283495702
2020-06-13 10:00;-2.540766852;-2.705875738;-0.398953647
2020-06-13 11:00;-0.727129543;-2.34443685;-2.539815992
2020-06-13 12:00;-0.865564398;-1.384872219;-2.709022421
2020-06-13 13:00;-1.596850565;-1.181116482;-2.933261017
2020-06-13 14:00;-1.746504205;-0.856574212;-2.484845216
2020-06-13 15:00;-2.129942382;-1.866530376;-2.624430795
2020-06-13 16:00;-1.566818404;-2.465499021;-1.989777082
2020-06-13 17:00;-1.883918608;-0.486359829;-1.058806316
2020-06-13 18:00;-0.908052762;0.808995512;-1.791116692
2020-06-13 19:00;-0.937180278;0.778347834;-0.750993927
2020-06-13 20:00;-0.914393179;-0.725992781;-2.175536622
2020-06-13 21:00;0.433699532;-2.421031135;-1.218248194
2020-06-13 22:00;-1.507466179;-1.690555659;-1.431862974
2020-06-13 23:00;-1.408995073;-2.060403027;0.814794485
2020-06-14 00:00;-1.869609837;-2.474912332;0.600356956
2020-06-14 01:00;-2.441125359;-1.617158425;0.224437768
2020-06-14 02:00;-2.826687931;1.345616094;-0.160441206
2020-06-14 03:00;-0.039092819;1.171199976;0.283227813
2020-06-14 04:00;0.982714859;-0.443413106;-0.476526991
2020-06-14 05:00;-1.587199607;-1.455086686;-0.716626355
2020-06-14 06:00;-1.069103178;1.085930907;-0.948499454
2020-06-14 07:00;-0.819111415;-0.523160252;-0.59011199
2020-06-14 08:00;0.084154427;-3.052619837;-1.063599397
2020-06-14 09:00;-2.099931746;-2.819139616;-2.426323881
2020-06-14 10:00;-0.700364373;-3.06199404;-3.573671977
2020-06-14 11:00;-2.168515333;-1.341947819;-1.845428403
2020-06-14 12:00;0.665693076;-1.025211395;0.324779115
2020-06-14 13:00;0.949258274;0.324049784;-0.98237961
2020-06-14 14:00;1.084510521;-0.204855556;-0.979582402
2020-06-14 15:00;0.718706117;0.395383933;0.177739403
2020-06-14 16:00;1.214546614;0.830162303;0.345446231
2020-06-14 17:00;1.651304174;0.911180231;0.342671913
2020-06-14 18:00;1.806685361;0.707621979;1.139789578
2020-06-14 19:00;2.019555312;2.763509202;0.037884805
2020-06-14 20:00;4.55125285;3.741706376;-0.942109635
2020-06-14 21:00;5.94274231;2.361001101;-1.860621493
2020-06-14 22:00;5.155094749;2.304652145;-2.602286153
2020-06-14 23:00;4.75511612;2.268725333;-1.977500323
2020-06-15 00:00;4.899754768;1.762482394;-2.681159455
2020-06-15 01:00;3.46710544;0.445946317;-0.463614488
2020-06-15 02:00;0.688201225;-0.679739687;-0.399610485
2020-06-15 03:00;-0.577191585;-2.631245553;-0.319071488
2020-06-15 04:00;-2.067556133;-1.209669252;-2.164219843
2020-06-15 05:00;-2.28847432;-0.552964004;-1.969610997
2020-06-15 06:00;-1.725151853;-1.423883332;-2.382068619
2020-06-15 07:00;-2.4271685;-0.154129003;-2.481174378
2020-06-15 08:00;-0.736711688;-0.393224529;-0.627706007
2020-06-15 09:00;0.99839;-0.509480612;-1.726461192
2020-06-15 10:00;0.450938158;0.401472062;-3.189542546
2020-06-15 11:00;1.693092397;-0.507980017;-1.874843149
2020-06-15 12:00;-1.124957947;-2.142228864;-0.972352274
2020-06-15 13:00;-2.56148646;-1.644436695;-1.683066296
2020-06-15 14:00;-4.181666815;-2.697726653;-1.57315179
2020-06-15 15:00;-3.114134348;-4.028488268;-0.971052855
2020-06-15 16:00;-2.163870284;-4.748349751;0.260106051
2020-06-15 17:00;-4.107844469;-6.088702112;0.626850532
2020-06-15 18:00;-7.84640628;-2.629775164;-0.725959211
2020-06-15 19:00;-6.050070552;-1.239836275;-2.066782226
2020-06-15 20:00;-4.711183431;-0.034444008;0.008958316
2020-06-15 21:00;-4.025335141;0.929911798;1.109278752
2020-06-15 22:00;-0.664457744;1.097450302;-1.276343095
2020-06-15 23:00;-0.974869669;1.536680691;-0.944192066
2020-06-16 00:00;0.493624268;-0.039836198;-0.320204975
2020-06-16 01:00;0.954539506;0.733056595;0.121985521
2020-06-16 02:00;0.170262518;0.919013009;-0.367262749
2020-06-16 03:00;1.015552867;1.516661336;-1.089954831
2020-06-16 04:00;2.002535212;0.970635214;-0.306495767
2020-06-16 05:00;0.232825017;0.215034822;0.389834872
2020-06-16 06:00;1.901913394;0.403038991;0.169417642
2020-06-16 07:00;2.712622743;1.338399014;0.812094842
2020-06-16 08:00;3.42197595;0.162266295;2.305893154
2020-06-16 09:00;0.088210423;-0.87464543;2.895802684
2020-06-16 10:00;-1.042102797;-0.237308964;2.190111055
2020-06-16 11:00;-1.504857911;-0.51568097;0.726425125
2020-06-16 12:00;-3.327228083;-0.42457092;0.143443294
2020-06-16 13:00;-4.444551908;0.969130569;-1.203239618
2020-06-16 14:00;0.431804569;1.236167755;-0.528513259
2020-06-16 15:00;1.461019897;2.14547196;-0.733191911
2020-06-16 16:00;1.537936471;-0.53499051;-0.209175241
2020-06-16 17:00;-1.004433469;-1.233493106;0.143546863
2020-06-16 18:00;-0.012901908;-0.342559576;0.722001359
2020-06-16 19:00;-0.193885727;0.069292214;-0.503164732
2020-06-16 20:00;-0.552674424;0.859879661;-0.105380765
2020-06-16 21:00;-0.116604035;0.216870387;-2.18474451
2020-06-16 22:00;0.837183094;-0.857226023;-2.846969113
2020-06-16 23:00;-0.379968182;-3.246932035;-3.399465618
2020-06-17 00:00;-4.042872711;-2.827246689;-2.39876848
2020-06-17 01:00;-3.390751824;-1.561754343;-1.217472112
2020-06-17 02:00;-2.337060116;-0.541795929;-0.643298411
2020-06-17 03:00;-1.436915504;0.047793686;-0.796370451
2020-06-17 04:00;0.299839741;0.825271447;-2.197190872
2020-06-17 05:00;0.823013225;-0.564550631;-1.684309993
2020-06-17 06:00;-2.276842836;-2.351167772;-1.974512692
2020-06-17 07:00;-2.82151531;-3.542805137;-0.356058627
2020-06-17 08:00;-3.961082321;-2.249287421;0.592044304
2020-06-17 09:00;-2.470861392;-2.168801257;-0.307270979
2020-06-17 10:00;-1.994336586;-3.137460271;-0.564128398
2020-06-17 11:00;-3.827248232;-1.942409754;-0.310186473
2020-06-17 12:00;-2.879254123;-2.057258112;-1.418389384
2020-06-17 13:00;-1.679988647;-2.060018839;-2.076827174
2020-06-17 14:00;-2.117544794;-0.889550507;-1.844080505
2020-06-17 15:00;-1.378820262;0.74780979;-0.807184697
2020-06-17 16:00;0.447022477;0.479127894;0.405395915
2020-06-17 17:00;1.161961156;1.428239861;-0.016300025
2020-06-17 18:00;1.048025674;2.564967173;-1.491077535
2020-06-17 19:00;1.798789738;0.29087655;-2.846273323
2020-06-17 20:00;2.159178133;0.451896315;-2.178540708
2020-06-17 21:00;1.999871685;0.241440571;-1.979748244
2020-06-17 22:00;0.024358498;1.045250403;-0.869329191
2020-06-17 23:00;2.166265225;0.220111406;0.511781522
2020-06-18 00:00;2.130658719;1.018855425;0.334967702
2020-06-18 01:00;2.616178578;1.11096279;0.531492493
2020-06-18 02:00;1.005761307;0.696934192;0.874751294
2020-06-18 03:00;1.072985316;-0.228309683;0.535927013
2020-06-18 04:00;0.0450513;-2.01588789;-0.40899362
2020-06-18 05:00;-1.391117376;-0.702728031;-2.961150234
2020-06-18 06:00;-1.335079885;-0.449997911;-0.878560332
2020-06-18 07:00;0.526683058;-0.558340051;-1.535558625
2020-06-18 08:00;-1.13383739;1.439983242;-0.149635333
2020-06-18 09:00;0.021354383;1.248392305;0.960649809
2020-06-18 10:00;-1.451341878;1.326384324;1.566201822
2020-06-18 11:00;-0.416427268;1.511699916;2.193406635
2020-06-18 12:00;2.85744195;2.623126174;0.690892963
2020-06-18 13:00;4.609181193;1.985326331;-0.580210179
2020-06-18 14:00;3.918327283;1.276885485;-1.509654186
2020-06-18 15:00;4.081356799;1.220554498;-1.812934269
2020-06-18 16:00;2.648455483;-0.107876925;-1.424072252
2020-06-18 17:00;2.629366839;-0.750812231;0.609360254
2020-06-18 18:00;0.920461256;0.044643769;2.373334991
2020-06-18 19:00;-0.980440293;1.295274565;4.100437452
2020-06-18 20:00;1.582643645;2.480513287;4.847781607
2020-06-18 21:00;0.689538943;3.258253553;3.877529616
2020-06-18 22:00;2.616176188;1.508165572;2.296787086
2020-06-18 23:00;2.423571414;0.973693527;3.179833063
2020-06-19 00:00;1.093799833;0.62449942;1.919147925
2020-06-19 01:00;1.955359364;0.679077942;1.482745166
2020-06-19 02:00;0.00372677;0.943618515;-0.022288233
2020-06-19 03:00;-0.930562979;-0.065201674;-0.268725452
2020-06-19 04:00;-1.691606357;1.936364586;0.212268077
2020-06-19 05:00;1.237440644;1.954237788;-1.33069256
2020-06-19 06:00;0.86796108;1.895620205;-1.855301525
2020-06-19 07:00;2.486946282;0.097175507;-0.614889162
2020-06-19 08:00;0.729363435;0.472805881;0.472957368
2020-06-19 09:00;-0.550803709;-0.779599223;0.658445636
2020-06-19 10:00;-2.309060095;-0.193487864;0.682329698
2020-06-19 11:00;-1.835876918;-0.42033268;1.458365575
2020-06-19 12:00;0.523920157;-0.522676553;1.284810715
2020-06-19 13:00;-2.030035439;0.509567117;0.287548776
2020-06-19 14:00;0.657557485;1.406012456;0.660594512
2020-06-19 15:00;1.105239603;0.965689503;0.48219701
2020-06-19 16:00;0.993396355;-0.457496576;1.594080323
2020-06-19 17:00;0.211944252;0.31359006;4.015117837
2020-06-19 18:00;-1.623349664;0.397174668;2.910173023
2020-06-19 19:00;-0.329764368;-1.278280498;2.579593403
2020-06-19 20:00;-1.500587193;-0.648569869;0.750778645
2020-06-19 21:00;-1.539912872;-1.355401236;0.489659664
2020-06-19 22:00;-1.603145869;-1.004966355;0.525143542
2020-06-19 23:00;-1.101498282;-1.737567445;1.989921631
2020-06-20 00:00;-0.144735222;-0.737431381;0.448861843
2020-06-20 01:00;0.069462135;-0.520160994;-0.038749283
2020-06-20 02:00;-0.984259862;-1.069837961;-0.598811769
2020-06-20 03:00;-1.224945142;0.059407734;-0.358253255
2020-06-20 04:00;1.325026552;-0.703798892;-0.118462812
2020-06-20 05:00;0.840416486;-0.221666635;-0.695777206
2020-06-20 06:00;-1.207756984;-0.362448317;-0.636557722
2020-06-20 07:00;-0.513550197;0.573514367;-2.655310284
2020-06-20 08:00;-1.580227365;-0.630411398;-3.047468243
2020-06-20 09:00;-1.20191033;-0.513184734;-1.815796194
2020-06-20 10:00;-0.521286728;-0.575987269;-0.638876264
2020-06-20 11:00;-0.830954171;-0.137858743;0.478832301
2020-06-20 12:00;-1.419932773;-2.655467801;0.61368635
2020-06-20 13:00;-2.485119722;-3.536531489;0.078554265
2020-06-20 14:00;-2.541955889;-3.017061123;-1.466208925
2020-06-20 15:00;-3.647281631;-2.279755076;-0.945010429
2020-06-20 16:00;-3.402748004;-0.498866952;-3.048087307
2020-06-20 17:00;-0.929011635;0.06243657;-2.343988862
2020-06-20 18:00;1.440173683;-0.368847243;-2.626303234
2020-06-20 19:00;-0.616462642;-0.660229568;-3.262061852
2020-06-20 20:00;-0.207361072;-0.379299239;-2.168614745
2020-06-20 21:00;1.716515267;1.148815971;-1.38741038
2020-06-20 22:00;2.683873313;-0.44176719;-1.915523987
2020-06-20 23:00;0.860884013;-0.178412673;-0.121017394
2020-06-21 00:00;1.279706818;0.056451493;-1.200377846
2020-06-21 01:00;0.350958511;0.21821219;-1.449740989
2020-06-21 02:00;0.133450409;-0.076518399;-1.160409309
2020-06-21 03:00;-0.428471247;-0.672652918;-1.125237705
2020-06-21 04:00;-0.967711618;0.0576073;-0.845497276
2020-06-21 05:00;-0.620361657;-1.749697583;1.015224717
2020-06-21 06:00;-1.77484021;-2.141675755;1.075328382
2020-06-21 07:00;-2.705763577;-1.494449989;-0.081828718
2020-06-21 08:00;-1.289539159;-1.986871193;0.765027775
2020-06-21 09:00;-2.074310708;-0.251330801;0.381834675
2020-06-21 10:00;-2.285789913;1.124207529;-0.906389789
2020-06-21 11:00;-0.936288179;3.261481967;-0.12719844
2020-06-21 12:00;1.270145789;1.663309705;1.825687563
2020-06-21 13:00;3.389257957;1.49213243;1.080510911
2020-06-21 14:00;1.791210111;0.180240856;0.608338721
2020-06-21 15:00;0.266304768;-0.178042213;-1.52852835
2020-06-21 16:00;0.23461258;0.015617489;-1.700627334
2020-06-21 17:00;1.09505428;-1.60939199;-2.073817452
2020-06-21 18:00;1.834572238;-1.688336384;-1.948764115
2020-06-21 19:00;2.152965172;-1.93122473;-1.438182506
2020-06-21 20:00;0.248972388;-0.866428353;-1.492472325
2020-06-21 21:00;1.005177123;-1.707304174;-1.092801839
2020-06-21 22:00;0.409029424;-0.094562242;-0.029939867
2020-06-21 23:00;-0.666462039;-0.589788326;-1.927389688
2020-06-22 00:00;-0.924419951;-1.779370512;-0.615487718
2020-06-22 01:00;-3.092282668;-2.742796334;-0.669209771
2020-06-22 02:00;-1.874864189;-2.97669302;-0.167198882
2020-06-22 03:00;-3.951370517;0.098921027;1.434712853
2020-06-22 04:00;-2.083632413;0.154640578;2.209836253
2020-06-22 05:00;-0.994947127;0.648487097;1.127221632
2020-06-22 06:00;-0.586231611;0.028965477;0.815271363
2020-06-22 07:00;-1.074033529;1.185094089;1.711132453
2020-06-22 08:00;1.891524266;0.829325295;0.784951276
2020-06-22 09:00;0.209844823;1.62789379;0.005535378
2020-06-22 10:00;2.156529005;1.23820323;-1.765128356
2020-06-22 11:00;0.602646368;1.467339108;-2.568690505
2020-06-22 12:00;1.730915246;1.463532677;-2.239327469
2020-06-22 13:00;0.489877199;1.88993489;-1.63824974
2020-06-22 14:00;1.818443045;-0.836643578;-0.775032547
2020-06-22 15:00;-0.01155697;0.68997517;0.29252173
2020-06-22 16:00;1.767659585;0.262822068;-0.344039743
2020-06-22 17:00;-1.419212733;0.595980668;0.761366835
2020-06-22 18:00;-0.257547546;0.429948693;-0.373539391
2020-06-22 19:00;0.67959312;1.60739599;-0.470522003
2020-06-22 20:00;2.179454152;0.723936314;-1.252068521
2020-06-22 21:00;2.321606306;1.960900746;-0.768695366
2020-06-22 22:00;3.680193324;0.460810394;-1.276000388
2020-06-22 23:00;1.198461802;-0.675023444;-0.507263078
2020-06-23 00:00;-0.768955475;-1.11232755;-0.385741374
2020-06-23 01:00;-1.980638281;-1.234455202;0.122486354
2020-06-23 02:00;-0.470615126;-0.963374533;-1.504282997
2020-06-23 03:00;-2.680399386;1.09007043;-0.05423145
2020-06-23 04:00;-0.686762894;1.115959779;0.069691301
2020-06-23 05:00;1.957990416;3.089189037;-2.007274371
2020-06-23 06:00;3.651118754;3.252919188;-1.848298543
2020-06-23 07:00;5.643008301;1.630578525;-2.60306817
2020-06-23 08:00;4.616242225;-0.934297275;-0.459482488
2020-06-23 09:00;0.860431974;-1.486951484;-1.486071093
2020-06-23 10:00;-2.443990439;-0.501670815;-3.021760738
2020-06-23 11:00;-2.362547431;-1.02816805;-1.720695792
2020-06-23 12:00;-1.367460185;-1.707824452;-2.330286983
2020-06-23 13:00;-0.667807351;-1.67315905;-0.732339267
2020-06-23 14:00;-0.840835203;-0.193045259;-0.463469522
2020-06-23 15:00;1.054965629;-1.028784701;-2.276394064
2020-06-23 16:00;-0.654238658;-0.56914674;-1.229910371
2020-06-23 17:00;-1.36281721;0.143921913;-2.136370634
2020-06-23 18:00;-0.898901517;1.253431877;-2.099906346
2020-06-23 19:00;-0.817329736;-1.560362416;-1.590657721
2020-06-23 20:00;-1.072081227;-0.152115003;-2.804829526
2020-06-23 21:00;-1.300023842;-1.393832737;-0.471740023
2020-06-23 22:00;0.492046232;-0.28179628;0.663677912
2020-06-23 23:00;-0.397510913;-1.656922347;-0.343253042
2020-06-24 00:00;-1.976755426;-0.989717084;-0.295306513
2020-06-24 01:00;-2.829622716;0.526240634;0.876637037
2020-06-24 02:00;-2.657035416;0.671431623;-0.172571743
2020-06-24 03:00;0.008992787;0.691480769;0.356120855
2020-06-24 04:00;0.134212556;-0.275722943;-0.176529171
2020-06-24 05:00;1.417356162;-0.164581725;0.583641521
2020-06-24 06:00;0.26531627;1.009652713;1.711042364
2020-06-24 07:00;0.371873378;-1.094033703;1.746501894
2020-06-24 08:00;-0.412084319;-0.684852661;2.885263505
2020-06-24 09:00;0.071896309;2.707721178;3.810042473
2020-06-24 10:00;3.015050719;2.912467106;2.469209661
2020-06-24 11:00;2.24053596;2.673122979;1.530220668
2020-06-24 12:00;2.265204364;2.673450526;0.668110627
2020-06-24 13:00;3.690045497;2.262156153;0.400843335
2020-06-24 14:00;4.000272191;0.993153989;-1.11946996
2020-06-24 15:00;1.755653363;0.322179645;-0.547991293
2020-06-24 16:00;0.750881521;0.402610674;-1.786565368
2020-06-24 17:00;1.680644568;-1.843589233;-0.934723276
2020-06-24 18:00;-0.02415768;-1.8204317;-2.512223666
2020-06-24 19:00;0.591392085;-1.6100027;-1.48979492
2020-06-24 20:00;-0.900515884;-0.863345094;0.157337446
2020-06-24 21:00;0.429059994;0.098936207;0.775146
2020-06-24 22:00;0.871737638;-2.886031829;0.689020506
2020-06-24 23:00;0.434217942;0.086896693;0.978390613
2020-06-25 00:00;0.733650618;0.078698323;1.397951116
2020-06-25 01:00;0.08725762;1.059624233;1.432093233
2020-06-25 02:00;1.387560007;0.803808383;1.115947592
2020-06-25 03:00;-0.22221037;-0.394742879;1.989994267
2020-06-25 04:00;-1.77360225;-1.715282191;2.411233049
2020-06-25 05:00;-0.033837502;0.174812091;1.78755714
2020-06-25 06:00;-0.299557024;-0.709881155;1.644478642
2020-06-25 07:00;0.465339007;0.792250791;1.110674037
2020-06-25 08:00;0.67229956;1.819732079;-0.282370352
2020-06-25 09:00;1.394509097;1.342404914;-1.244560801
2020-06-25 10:00;0.818663157;1.613344627;-2.003271237
2020-06-25 11:00;1.951667022;0.927528045;-1.485028253
2020-06-25 12:00;0.642624645;0.62233743;-0.082321273
2020-06-25 13:00;1.590392393;0.527663498;0.670434084
2020-06-25 14:00;2.811665684;0.858970031;-0.109288419
2020-06-25 15:00;0.554571154;0.434287557;-0.141878814
2020-06-25 16:00;-0.447713767;2.126554325;-0.152608471
2020-06-25 17:00;2.137925648;2.732575789;-0.511792045
2020-06-25 18:00;2.355585762;1.211561585;-0.940070366
2020-06-25 19:00;1.41480743;0.739175533;-0.205564254
2020-06-25 20:00;0.486887145;-0.282342534;-0.665714346
2020-06-25 21:00;0.871701587;-0.965792693;0.362194807
2020-06-25 22:00;-1.788120745;-0.909656013;0.497039362
2020-06-25 23:00;0.570864118;1.476137241;1.607400387
2020-06-26 00:00;1.315780592;3.521118533;0.503741074
2020-06-26 01:00;3.635598472;1.920755863;0.380267155
2020-06-26 02:00;3.698083288;1.797716061;0.307186016
2020-06-26 03:00;3.850712761;1.385230701;1.428289721
2020-06-26 04:00;2.827210495;0.932375164;0.034162717
2020-06-26 05:00;0.853850967;1.920418703;-0.124638806
2020-06-26 06:00;2.375655962;1.765377506;0.353107675
2020-06-26 07:00;3.060981466;2.407724413;-0.235435366
2020-06-26 08:00;4.328272994;1.557297512;-0.633217961
2020-06-26 09:00;3.662949829;0.340822717;0.281917578
2020-06-26 10:00;2.334627991;0.271480998;0.537172517
2020-06-26 11:00;1.036806443;0.027738543;-0.300165014
2020-06-26 12:00;2.260077966;-0.62960211;-0.244200945
2020-06-26 13:00;1.776386603;-1.605301782;-0.18802185
2020-06-26 14:00;-0.265187219;-2.680217022;0.41030121
2020-06-26 15:00;-3.098579122;-1.830409696;1.479309519
2020-06-26 16:00;-3.968943393;-1.914043892;1.945550327
2020-06-26 17:00;-3.723068611;-0.404907536;1.191029627
2020-06-26 18:00;-1.362627098;-0.031527203;0.20083814
2020-06-26 19:00;-0.862731269;0.698763941;-1.085553192
2020-06-26 20:00;-0.930913565;-1.649881976;0.495081486
2020-06-26 21:00;-3.478443057;-3.113684371;0.119591697
2020-06-26 22:00;-3.06737667;-3.753992182;0.089766656
2020-06-26 23:00;-1.965429028;-2.058733713;-2.299665295
2020-06-27 00:00;-2.369558195;-2.242188377;-2.601999094
2020-06-27 01:00;-3.121026621;-3.908725333;-0.559547965
2020-06-27 02:00;-3.55547252;-3.66148458;0.346545952
2020-06-27 03:00;-3.679477531;-2.27028638;-0.072189254
2020-06-27 04:00;-3.829988465;-0.362850738;-1.178549336
2020-06-27 05:00;-2.156325528;-0.998314453;-1.838434924
2020-06-27 06:00;-1.986137671;-0.33555489;-1.471784283
2020-06-27 07:00;-0.067488873;-1.315461797;-2.50984466
2020-06-27 08:00;-1.238923505;-0.690835718;-2.769119329
2020-06-27 09:00;-0.522742983;0.123788539;-1.669994751
2020-06-27 10:00;-0.558897735;-2.677325808;-0.744090202
2020-06-27 11:00;-1.526447482;-0.316529915;-0.759526919
2020-06-27 12:00;-0.468204782;-0.453985528;-1.587213991
2020-06-27 13:00;0.390141038;-0.116817832;-3.867966739
2020-06-27 14:00;0.728676793;-0.513185337;-3.374877884
2020-06-27 15:00;0.158932032;-1.689120708;-4.326175994
2020-06-27 16:00;-1.014422475;-0.014432678;-2.040823199
2020-06-27 17:00;0.482399297;-1.918892894;-2.276823711
2020-06-27 18:00;-1.77723757;-1.076303966;-2.223719994
2020-06-27 19:00;-2.635656634;-1.679524826;-1.274841409
2020-06-27 20:00;-1.052593718;-1.62005606;-0.173486638
2020-06-27 21:00;-1.795024632;-3.291331809;1.055155784
2020-06-27 22:00;-4.299975694;-2.086716179;0.314924028
2020-06-27 23:00;-3.837757784;-1.123457413;-0.779014723
2020-06-28 00:00;-1.919188494;0.302663213;-0.770670286
2020-06-28 01:00;-1.118367307;1.00799352;0.093574059
2020-06-28 02:00;0.442702144;1.912010754;-2.166724511
2020-06-28 03:00;0.936933015;0.640038126;-1.063135772
2020-06-28 04:00;1.115004559;0.820773989;-1.249347759
2020-06-28 05:00;0.717773539;2.377712463;-0.689404645
2020-06-28 06:00;3.6879213;0.805301087;-2.654394594
2020-06-28 07:00;3.371099588;-1.050007934;-1.715903403
2020-06-28 08:00;-0.318573599;0.867874482;-0.357302936
2020-06-28 09:00;-0.056911433;1.255689525;0.12170629
2020-06-28 10:00;0.394937395;3.47491402;-1.016830203
2020-06-28 11:00;3.004222233;2.475375906;0.186145546
2020-06-28 12:00;2.954384392;0.338758311;-0.499161391
2020-06-28 13:00;1.317587112;0.172091226;0.468619307
2020-06-28 14:00;1.155945607;1.660147717;0.980997229
2020-06-28 15:00;1.732966517;0.564629204;-0.040596973
2020-06-28 16:00;3.025430891;0.722128822;-0.408939292
2020-06-28 17:00;4.457035884;2.320761856;-0.71620884
2020-06-28 18:00;2.851992929;1.848579819;-1.365383733
2020-06-28 19:00;3.142766968;2.142031039;-0.710920627
2020-06-28 20:00;2.858709689;1.256492064;-1.422214084
2020-06-28 21:00;1.241110511;0.540491427;-0.336287287
2020-06-28 22:00;1.479452361;0.709964949;-1.577317513
2020-06-28 23:00;1.737814967;0.252842797;0.336047553
2020-06-29 00:00;1.524627336;0.833880469;0.362892993
2020-06-29 01:00;1.262934666;0.957985053;-0.211691674
2020-06-29 02:00;1.796095295;0.472247705;0.131576537
2020-06-29 03:00;0.349037975;0.369945606;0.6850249
2020-06-29 04:00;1.341097297;-0.279803106;-0.801659963
2020-06-29 05:00;1.347635086;-1.104863355;-0.846797086
2020-06-29 06:00;0.424207068;1.200484687;-0.903189871
2020-06-29 07:00;-0.395344143;1.941882287;-1.331035867
2020-06-29 08:00;-0.68501265;0.864605085;-1.593449174
2020-06-29 09:00;0.54624121;-0.157474102;-0.565110121
2020-06-29 10:00;1.010783877;0.471807995;-1.245049776
2020-06-29 11:00;2.706703287;-1.164236495;-0.659731223
2020-06-29 12:00;1.8066527;-2.327670715;0.60842828
2020-06-29 13:00;-0.773597468;-3.731183142;0.908954046
2020-06-29 14:00;-3.185983115;-1.759592524;1.030695869
2020-06-29 15:00;-3.433159886;-0.783177804;-0.039010997
2020-06-29 16:00;-2.306959996;0.989877981;-0.339657896
2020-06-29 17:00;0.160686406;1.187457184;-1.24933329
2020-06-29 18:00;2.542375346;-1.722674407;-0.591009015
2020-06-29 19:00;-1.260721511;-3.20434344;0.173736606
2020-06-29 20:00;-3.069021302;-2.14158129;1.005764861
2020-06-29 21:00;-2.929918195;0.047249582;1.452469234
2020-06-29 22:00;-0.504266283;-0.753455903;0.165214788
2020-06-29 23:00;-0.379375365;-1.672505252;-1.010977434
2020-06-30 00:00;-1.142598468;0.097846479;0.389812433
2020-06-30 01:00;-0.121734604;1.254781743;-0.742313796
2020-06-30 02:00;-0.688662682;1.580793245;-1.906092229
2020-06-30 03:00;0.251540492;-0.925330249;-1.265991585
2020-06-30 04:00;-2.67169859;-0.44197023;0.046217459
2020-06-30 05:00;-1.258819655;2.060432031;0.328185742
2020-06-30 06:00;1.407290538;0.88381277;0.145158171
2020-06-30 07:00;2.284566145;0.546031156;0.002460346
2020-06-30 08:00;1.189905363;0.142243797;-0.327257943
2020-06-30 09:00;2.01347907;-0.084193492;-2.361271861
2020-06-30 10:00;1.251233652;-0.439774173;-1.100245539
2020-06-30 11:00;1.31629939;-1.479917041;-0.075227884
2020-06-30 12:00;0.131283257;-0.834340671;0.039736605
2020-06-30 13:00;-0.557133514;-1.282487509;-0.928401948
2020-06-30 14:00;-1.798566608;0.40999795;-0.425998622
2020-06-30 15:00;-1.562998178;-0.86028187;-1.297951621
2020-06-30 16:00;-1.755932707;0.254867219;-1.5096922
2020-06-30 17:00;-0.418072344;1.16361498;-2.482861665
2020-06-30 18:00;-0.627082685;1.2946552;-2.232378308
2020-06-30 19:00;0.869563456;-0.029431269;-1.978110651
2020-06-30 20:00;2.357650433;-0.492130253;-0.222714516
2020-06-30 21:00;1.672922093;-0.014681237;0.149145587
2020-06-30 22:00;1.368976369;0.681148116;0.664682264
2020-06-30 23:00;1.841627804;0.059157274;0.797181724
2020-07-01 00:00;0.978495952;-2.326204385;0.609042369
2020-07-01 01:00;-2.437935425;-0.718676653;-0.068659926
2020-07-01 02:00;-1.739431552;0.248729167;1.118461032
2020-07-01 03:00;-0.744525319;0.721748837;2.406517849
2020-07-01 04:00;0.104132252;0.706362931;1.282939112
2020-07-01 05:00;0.137870705;0.363879149;0.240327798
2020-07-01 06:00;1.080710278;-0.024287127;1.445831488
2020-07-01 07:00;-0.728095525;0.718544534;1.013438523
2020-07-01 08:00;-2.852600897;0.680311255;0.75651611
2020-07-01 09:00;-0.889060835;-1.647181777;1.390577023
2020-07-01 10:00;-1.470676141;-2.342023034;0.359398926
2020-07-01 11:00;-1.933144952;-0.418531475;1.093182382
2020-07-01 12:00;0.488308538;2.651003889;0.661328052
2020-07-01 13:00;1.716210121;3.274829846;0.540411232
2020-07-01 14:00;2.31459951;1.776524735;1.160407035
2020-07-01 15:00;2.719497348;1.169745084;-1.086799997
2020-07-01 16:00;2.011949016;0.088960995;0.194541096
2020-07-01 17:00;2.746341458;-0.490459812;0.019216889
2020-07-01 18:00;1.745192087;-0.856507277;-0.997238022
2020-07-01 19:00;2.32484603;-0.077023583;0.227657898
2020-07-01 20:00;1.474082299;-0.810094948;0.261309404
2020-07-01 21:00;-0.247742386;-0.426055532;1.171347405
2020-07-01 22:00;0.472558428;1.437488231;0.005596747
2020-07-01 23:00;0.197483958;1.805018611;-0.298622006
2020-07-02 00:00;1.725638128;1.928902346;0.705450706
2020-07-02 01:00;1.827941919;1.925095428;0.910096379
2020-07-02 02:00;1.610549522;2.198238483;-0.199384358
2020-07-02 03:00;2.467736707;2.392716345;-1.376997478
2020-07-02 04:00;4.713406627;1.891519671;-0.890685183
2020-07-02 05:00;3.901896252;1.465571231;-0.542386577
2020-07-02 06:00;3.791552505;1.301899248;-1.251530498
2020-07-02 07:00;3.513145407;0.839816472;-1.605156651
2020-07-02 08:00;3.417980019;-0.650758505;-0.974148831
2020-07-02 09:00;2.299828374;-1.258290658;-0.084106429
2020-07-02 10:00;-0.490356071;-1.311903443;-0.492114134
2020-07-02 11:00;-1.572477606;-1.847738215;-0.85662805
2020-07-02 12:00;-1.125311414;-1.849177937;-1.202530234
2020-07-02 13:00;-1.074096663;-1.396186981;-1.432160738
2020-07-02 14:00;-2.313430362;-0.714816541;-2.692549406
2020-07-02 15:00;-1.544023296;-0.422040393;-2.67948556
2020-07-02 16:00;0.749509002;-0.673114458;-2.175335671
2020-07-02 17:00;-0.543180886;-1.046352417;-1.390152075
2020-07-02 18:00;0.102094064;-0.365752832;-2.828145183
2020-07-02 19:00;-1.197186662;0.331181077;-1.316169657
2020-07-02 20:00;0.101628647;1.291580844;-1.6380355
2020-07-02 21:00;-0.401633053;2.280658703;-1.01188233
2020-07-02 22:00;0.30345352;1.692305727;-1.775717635
2020-07-02 23:00;2.571987639;-0.570980484;-0.115945428
2020-07-03 00:00;2.353769152;-0.868923275;-1.45108373
2020-07-03 01:00;2.889344348;-1.343240248;-0.057966006
2020-07-03 02:00;1.403856238;-2.538731189;-1.641297492
2020-07-03 03:00;-1.01367656;-1.046169813;-2.963069282
2020-07-03 04:00;-0.955286157;-0.785895968;-1.570037276
2020-07-03 05:00;0.176876109;-0.649503807;0.865421141
2020-07-03 06:00;-1.564551142;0.390876936;1.087345927
2020-07-03 07:00;0.461467409;2.295909738;0.975986408
2020-07-03 08:00;3.404658921;-0.613398153;-1.003045138
2020-07-03 09:00;1.044256974;-1.17433899;0.61892412
2020-07-03 10:00;0.394186859;-1.306410886;-1.353862651
2020-07-03 11:00;-1.385099123;0.126942221;-0.390163824
2020-07-03 12:00;0.851625732;-0.898471827;-0.772871644
2020-07-03 13:00;-0.016785;-2.625971577;-0.648957577
2020-07-03 14:00;-1.6018503;-3.23695001;-1.845763675
2020-07-03 15:00;-5.599050035;-3.854760406;-1.071574497
2020-07-03 16:00;-5.529407242;-4.191607407;-1.060347975
2020-07-03 17:00;-6.239329077;-3.576360299;-1.4623209
2020-07-03 18:00;-5.618639144;-1.989903295;-0.908577713
2020-07-03 19:00;-5.587804258;0.209826656;-1.207719545
2020-07-03 20:00;-0.83549408;-0.162157572;-1.56688076
2020-07-03 21:00;0.229271924;-2.431530894;-2.097401717
2020-07-03 22:00;-1.48807942;-2.022191495;-2.686228558
2020-07-03 23:00;-2.139462226;-1.654810072;-1.421433213
2020-07-04 00:00;-2.478742555;-1.979624873;-0.790399699
2020-07-04 01:00;-2.403541872;-0.197188211;-1.446140809
2020-07-04 02:00;-1.088769775;-1.125835115;-0.700461742
2020-07-04 03:00;-1.431710306;0.764385648;-0.7490459
2020-07-04 04:00;-0.710144832;-0.042897217;-2.012195718
2020-07-04 05:00;1.150123368;-0.57548586;-1.425852333
2020-07-04 06:00;-1.027230095;-2.654569248;0.384249192
2020-07-04 07:00;-2.879780263;0.113481295;1.402354867
2020-07-04 08:00;-0.123851315;0.706051593;0.910264667
2020-07-04 09:00;0.600816898;3.128467549;1.972863707
2020-07-04 10:00;2.985241563;2.988535775;1.735335562
2020-07-04 11:00;4.01585915;0.024953082;1.731839843
2020-07-04 12:00;2.39403245;-0.46377391;0.881674782
2020-07-04 13:00;-1.052586262;0.006057875;-0.435048044
2020-07-04 14:00;0.43504307;-2.313267486;-0.378149121
2020-07-04 15:00;-1.224765781;-0.269080782;-1.004062495
2020-07-04 16:00;-0.493121385;-0.308628441;-2.329430701
2020-07-04 17:00;0.344001382;-1.208444047;-1.276283002
2020-07-04 18:00;-1.429571715;0.283075732;-2.023923337
2020-07-04 19:00;-0.456136081;1.342278306;-0.832750982
2020-07-04 20:00;0.752413697;2.439131418;-0.981962344
2020-07-04 21:00;1.715664079;2.141884778;0.528384741
2020-07-04 22:00;3.854964643;0.115563274;1.083720535
2020-07-04 23:00;2.443103522;0.661317667;0.251423447
2020-07-05 00:00;0.782756398;-0.709403626;1.71935389
2020-07-05 01:00;1.040490161;0.304096903;0.657028856
2020-07-05 02:00;-0.291966024;1.159014096;1.085375838
2020-07-05 03:00;2.576305674;-0.053865363;1.242001272
2020-07-05 04:00;0.38086815;0.207826045;2.914778883
2020-07-05 05:00;1.037623041;0.374961586;2.248500992
2020-07-05 06:00;-0.313311881;0.767123228;3.310448841
2020-07-05 07:00;-0.520317658;2.148213768;2.455574317
2020-07-05 08:00;-1.054698538;1.236421542;0.243789444
2020-07-05 09:00;-0.872615746;1.749584478;1.294182607
2020-07-05 10:00;-0.198615546;1.316442498;0.265475403
2020-07-05 11:00;0.064823775;0.432975405;0.63251809
2020-07-05 12:00;0.485103838;1.205065673;1.37628378
2020-07-05 13:00;1.395392337;1.6376094;0.357942823
2020-07-05 14:00;3.089141979;2.124918813;0.382112889
2020-07-05 15:00;4.243360678;1.531215655;2.207939365
2020-07-05 16:00;2.033853195;-0.554848646;2.558402316
2020-07-05 17:00;-0.356768194;0.280145485;0.304535089
2020-07-05 18:00;-0.056632513;-0.857530848;-0.124038319
2020-07-05 19:00;-1.456239827;-2.608349129;-0.942051805
2020-07-05 20:00;-2.013379482;-3.150978746;-1.63298517
2020-07-05 21:00;-3.783892366;-1.806283086;-0.995225917
2020-07-05 22:00;-0.237386328;-1.303595686;0.26075834
2020-07-05 23:00;-1.881831299;-1.060617143;1.501896603
2020-07-06 00:00;-2.867945264;0.026218062;0.993569341
2020-07-06 01:00;-0.859844122;1.56850034;1.77178587
2020-07-06 02:00;-0.640948864;1.19807742;1.656633417
2020-07-06 03:00;-0.105885204;2.641322767;1.852225148
2020-07-06 04:00;0.959457917;3.183567493;0.618046666
2020-07-06 05:00;5.228699494;1.577448648;-0.99132351
2020-07-06 06:00;4.726159394;1.281291258;-1.627525457
2020-07-06 07:00;4.077843428;0.003277968;0.379935926
2020-07-06 08:00;2.426781218;0.902303026;-0.054735942
2020-07-06 09:00;0.972884442;0.244353244;-0.631495079
2020-07-06 10:00;1.399541611;-0.262341136;-0.824472895
2020-07-06 11:00;1.031773683;-0.063223591;-3.885533669
2020-07-06 12:00;0.60822274;0.474367077;-2.166286804
2020-07-06 13:00;0.220710991;-1.472767929;-1.185405858
2020-07-06 14:00;-1.150993157;-0.164219326;-0.910384365
2020-07-06 15:00;-0.882233437;-0.509917867;-2.416715066
2020-07-06 16:00;0.796741717;-1.440058154;-1.857094964
2020-07-06 17:00;0.8303393;0.090032307;-0.428302407
2020-07-06 18:00;0.256401123;-0.025234906;-2.269549196
2020-07-06 19:00;1.847928534;0.509386626;-1.223766078
2020-07-06 20:00;1.991727707;-0.321334557;-0.745236425
2020-07-06 21:00;-0.166482684;0.535468263;-0.501997049
2020-07-06 22:00;-0.03302667;0.657252223;-1.523070563
2020-07-06 23:00;1.341628657;-0.272502078;0.537177025
2020-07-07 00:00;-0.265486302;-0.181115956;-0.115605993
2020-07-07 01:00;0.738373429;1.237645897;-0.301770912
2020-07-07 02:00;1.412916841;1.426936117;-0.570948329
2020-07-07 03:00;1.981895146;2.184490904;-1.576178321
2020-07-07 04:00;4.284131792;1.182106247;-0.716751181
2020-07-07 05:00;4.270333864;0.436300485;0.253756392
2020-07-07 06:00;1.463720714;-1.285335204;-1.652374421
2020-07-07 07:00;0.288783012;-0.867193962;-0.980909067
2020-07-07 08:00;-1.205913137;-0.349693276;-0.49561976
2020-07-07 09:00;-3.029320287;-0.488261357;-1.256404967
2020-07-07 10:00;0.448994753;0.368462837;-0.511636167
2020-07-07 11:00;0.276241801;-2.035796133;-2.362037123
2020-07-07 12:00;-3.175793719;-1.762558132;-1.128897729
2020-07-07 13:00;-4.023714831;-2.249943282;0.961232752
2020-07-07 14:00;-2.270015489;0.12413652;0.005759486
2020-07-07 15:00;-1.803887583;-0.725950356;0.812694086
2020-07-07 16:00;-1.215691483;-1.593837831;-0.002161745
2020-07-07 17:00;-0.003508044;-2.644099991;0.803150807
2020-07-07 18:00;-2.398191759;-1.645027042;1.299747054
2020-07-07 19:00;-1.977636836;-0.643414907;2.35333307
2020-07-07 20:00;-1.964771025;0.131087281;1.347399207
2020-07-07 21:00;-1.696322718;0.505840073;2.899845831
2020-07-07 22:00;0.762073744;-0.256719175;1.670194137
2020-07-07 23:00;-0.009529825;-0.708318834;2.186149417
2020-07-08 00:00;-1.661315695;0.109675363;1.035985405
2020-07-08 01:00;-1.20498619;-1.952371733;0.523151353
2020-07-08 02:00;-2.413847612;-2.707835879;1.427376865
2020-07-08 03:00;-3.383400325;-2.817244343;1.37183388
2020-07-08 04:00;-2.800164407;-3.716547022;0.340796184
2020-07-08 05:00;-4.047372333;-1.371710883;1.460170084
2020-07-08 06:00;-1.559503535;-1.058009704;0.55608543
2020-07-08 07:00;-0.172607485;0.301958147;-1.303147836
2020-07-08 08:00;0.84394423;-1.185125521;-1.108749049
2020-07-08 09:00;-0.593262253;-1.698470298;-1.146477008
2020-07-08 10:00;-1.35348749;-0.714853437;-0.238876712
2020-07-08 11:00;-0.339513944;-0.901953481;-0.195638072
2020-07-08 12:00;0.516362907;-2.473418541;0.546716835
2020-07-08 13:00;-2.453301084;-2.053629623;-1.358728421
2020-07-08 14:00;-1.61512868;-2.152655647;-1.526287031
2020-07-08 15:00;-2.862192045;-2.894795082;1.046495635
2020-07-08 16:00;-3.572841339;-1.613145883;0.942519329
2020-07-08 17:00;-4.117048184;-1.574024752;1.592124774
2020-07-08 18:00;-4.655498316;-0.668306219;2.600809544
2020-07-08 19:00;-3.346551955;-0.766632454;2.323249392
2020-07-08 20:00;-2.524030041;0.334103666;1.695507995
2020-07-08 21:00;-0.3091775;0.046183389;0.757264786
2020-07-08 22:00;0.108983385;-0.92421646;0.959874086
2020-07-08 23:00;0.591323024;-1.473255084;1.020020933
2020-07-09 00:00;-2.316510894;-1.451932397;0.02770575
2020-07-09 01:00;-1.922840487;-0.756043918;1.906351169
2020-07-09 02:00;-2.688529852;-1.188618984;3.201757397
2020-07-09 03:00;-1.56093827;0.494734073;2.531145835
2020-07-09 04:00;-0.813415676;-0.498535727;1.543599941
2020-07-09 05:00;-0.242565892;0.183114403;0.722238128
2020-07-09 06:00;0.928929614;-0.185020517;0.881019946
2020-07-09 07:00;1.361715747;-0.052080867;2.255092004
2020-07-09 08:00;0.291339626;-1.464410108;2.325429045
2020-07-09 09:00;-0.82097547;-1.547166077;1.937440962
2020-07-09 10:00;-1.936880097;-0.490683541;1.339388414
2020-07-09 11:00;-0.896406728;-1.599333729;0.578601708
2020-07-09 12:00;-1.964595954;-0.075152722;0.713894993
2020-07-09 13:00;-2.303983248;0.826147419;0.817081171
2020-07-09 14:00;-1.505249635;3.217328888;2.486871116
2020-07-09 15:00;1.822671336;3.280268837;1.870704866
2020-07-09 16:00;3.503808533;3.670631749;1.483694482
2020-07-09 17:00;3.947948887;2.114015362;2.877834009
2020-07-09 18:00;4.5817058;1.142130124;3.188020242
2020-07-09 19:00;3.473222639;1.459854339;1.646065909
2020-07-09 20:00;1.534606951;2.077445095;2.034770565
2020-07-09 21:00;1.912374051;2.197676592;1.253257197
2020-07-09 22:00;1.30613915;1.360426095;2.65366032
2020-07-09 23:00;2.430965358;1.286153067;3.266038534
2020-07-10 00:00;3.969794513;1.430101914;3.573648302
2020-07-10 01:00;2.763225829;1.343393442;4.110047668
2020-07-10 02:00;3.228854397;1.374383313;3.733210539
2020-07-10 03:00;2.316541617;0.524831323;3.032551111
2020-07-10 04:00;0.332182244;0.962442129;0.549003849
2020-07-10 05:00;-0.36059081;-0.172997185;0.623425506
2020-07-10 06:00;-1.170457052;0.975960749;0.283653855
2020-07-10 07:00;-0.447006587;1.908322472;3.06716808
2020-07-10 08:00;-0.60557142;0.546914049;2.666364692
2020-07-10 09:00;-0.521408454;0.140633551;2.44120175
2020-07-10 10:00;-0.016880455;-0.837413083;2.174491622
2020-07-10 11:00;-2.281051601;-1.540877618;2.660494192
2020-07-10 12:00;-2.868385479;-1.574405688;2.812650862
2020-07-10 13:00;-2.155917694;-1.19280229;1.724375205
2020-07-10 14:00;-2.161534347;-1.471527153;0.402214284
2020-07-10 15:00;-2.147469219;0.460366131;3.457966256
2020-07-10 16:00;-0.275553399;1.248119901;0.808716581
2020-07-10 17:00;0.296009392;1.760380028;1.387876755
2020-07-10 18:00;1.281128227;3.683019961;2.25768062
2020-07-10 19:00;4.212039794;3.258179594;1.783963189
2020-07-10 20:00;4.171416671;2.984080096;1.679273607
2020-07-10 21:00;3.437580533;0.266457898;1.095389899
2020-07-10 22:00;3.100649478;0.481377612;0.475701652
2020-07-10 23:00;1.956715054;-0.560824573;-0.912457196
2020-07-11 00:00;0.415223487;-0.772355859;-1.772470108
2020-07-11 01:00;-0.488805295;0.414423839;-1.748642517
2020-07-11 02:00;0.684216291;0.888482313;-2.015119999
2020-07-11 03:00;2.126487478;-0.345794211;-1.258580478
2020-07-11 04:00;0.673533793;-0.008159514;-1.38509139
2020-07-11 05:00;0.006500282;1.025477998;-2.751157254
2020-07-11 06:00;0.114232233;-1.224446097;-2.559345877
2020-07-11 07:00;-0.999564014;-0.958719208;-3.106420222
2020-07-11 08:00;-2.004478488;-0.982338332;-1.119888517
2020-07-11 09:00;-1.301190097;-0.283424564;-0.241152048
2020-07-11 10:00;-0.881707741;0.147219149;-0.290932185
2020-07-11 11:00;0.504872516;-0.432438532;-0.340591097
2020-07-11 12:00;0.332349713;-0.506589406;-1.342493372
2020-07-11 13:00;-0.716164471;-0.495210053;1.435113184
2020-07-11 14:00;-0.238705355;0.558418309;0.780189858
2020-07-11 15:00;-0.497147162;0.233647753;0.130323052
2020-07-11 16:00;-0.386229023;-0.785100618;-0.056991557
2020-07-11 17:00;-1.232444825;-0.328671182;0.162988944
2020-07-11 18:00;-2.036086571;0.385319234;-1.259603919
2020-07-11 19:00;0.039170954;-0.044158043;-1.933604485
2020-07-11 20:00;0.042930819;-0.110288297;-1.643819168
2020-07-11 21:00;-0.562591222;-0.036796447;-1.056831204
2020-07-11 22:00;-0.100403591;1.22804767;0.126448554
2020-07-11 23:00;0.496397864;-0.049217952;0.837681805
2020-07-12 00:00;1.474725455;0.671478906;1.227155457
2020-07-12 01:00;2.12805643;-0.030477752;0.593718801
2020-07-12 02:00;-0.360003639;-0.644744612;1.562651781
2020-07-12 03:00;-0.820500994;0.081339928;1.266352427
2020-07-12 04:00;0.530242063;-0.260215796;1.623737722
2020-07-12 05:00;-0.995487441;-0.895526404;2.363761215
2020-07-12 06:00;-1.293961134;-0.445942206;2.780854074
2020-07-12 07:00;-1.523535225;-0.593161592;3.681047991
2020-07-12 08:00;-0.140345502;0.845262731;2.272688912
2020-07-12 09:00;1.02707379;2.435016716;2.036444524
2020-07-12 10:00;0.392986326;1.662120432;0.293499651
2020-07-12 11:00;1.390783045;2.979700637;-1.208253758
2020-07-12 12:00;2.842131869;2.159833903;-2.146958729
2020-07-12 13:00;2.464572445;1.979874086;-0.282305539
2020-07-12 14:00;0.590859012;1.313593368;-1.404814963
2020-07-12 15:00;2.37424291;-0.975176892;-0.148774469
2020-07-12 16:00;0.236481822;-0.575482557;-2.085645802
2020-07-12 17:00;-0.955063914;-1.105141705;-2.942960409
2020-07-12 18:00;-2.697823653;-1.641441182;-2.302445579
2020-07-12 19:00;-3.489592491;-1.090772008;-0.650825338
2020-07-12 20:00;-3.525122555;-1.524619384;-3.864280548
2020-07-12 21:00;-3.741415645;-1.018859668;-4.997972997
2020-07-12 22:00;-2.224741201;-0.265919599;-4.112571729
2020-07-12 23:00;-2.731642031;0.780251901;-4.451610594
2020-07-13 00:00;1.375450095;-1.195315591;-3.45309519
2020-07-13 01:00;-1.565656124;-1.640994409;-4.482796721
2020-07-13 02:00;-1.213192042;-0.415653495;-4.096059816
2020-07-13 03:00;-0.81033235;-0.707369046;-3.217706914
2020-07-13 04:00;-0.157636985;-1.972847318;-2.969084368
2020-07-13 05:00;1.578640939;-1.785929965;-1.996840216
2020-07-13 06:00;-1.982303462;-1.401474313;-2.442445289
2020-07-13 07:00;-2.224009554;-1.69618636;-1.768540117
2020-07-13 08:00;-2.531071723;-0.351428853;-2.356992811
2020-07-13 09:00;-3.080434484;-0.046204049;-1.312147083
2020-07-13 10:00;-1.087037755;0.225377883;0.432199238
2020-07-13 11:00;0.574729308;1.18850601;0.67780217
2020-07-13 12:00;0.017509397;0.874621668;1.002323762
2020-07-13 13:00;1.353738712;1.252763372;-0.125796636
2020-07-13 14:00;0.860412647;0.332283179;-0.6141163
2020-07-13 15:00;-0.305088676;-0.618403258;0.824471312
2020-07-13 16:00;-0.576115514;-0.820395781;2.090940084
2020-07-13 17:00;-1.814827973;0.405336343;1.630500748
2020-07-13 18:00;-0.688177193;1.289401249;1.566586723
2020-07-13 19:00;1.680704799;1.60320899;1.727486764
2020-07-13 20:00;1.547850431;0.736361158;1.788142946
2020-07-13 21:00;0.666294569;0.11661491;0.015165757
2020-07-13 22:00;2.002101032;-0.452928369;1.107967273
2020-07-13 23:00;1.922067687;-0.460051805;1.81681695
2020-07-14 00:00;1.407369752;0.832128671;1.716700855
2020-07-14 01:00;0.754581147;1.071054679;1.408479542
2020-07-14 02:00;1.269736377;-0.57754687;1.069075888
2020-07-14 03:00;1.105877922;1.49378652;2.638227017
2020-07-14 04:00;1.559504095;0.568901303;1.493011945
2020-07-14 05:00;2.562566051;-0.134304507;1.041777744
2020-07-14 06:00;-0.845902623;1.669517334;0.746017701
2020-07-14 07:00;-0.656364914;2.124731294;1.009748246
2020-07-14 08:00;0.682922616;1.582523322;-1.770643173
2020-07-14 09:00;1.51782032;1.552213423;-0.63555866
2020-07-14 10:00;1.799625099;0.230891506;-0.265953793
2020-07-14 11:00;0.463588626;-0.90146396;-1.365914916
2020-07-14 12:00;-0.76453362;-0.110967751;-0.372764695
2020-07-14 13:00;1.782908004;-0.242846374;-1.75545541
2020-07-14 14:00;0.104361424;-0.114202097;-0.565319376
2020-07-14 15:00;0.17194552;0.636191103;-1.141956929
2020-07-14 16:00;1.483544093;-2.264898715;-0.184592858
2020-07-14 17:00;-0.698315131;-1.714959011;-1.142827361
2020-07-14 18:00;-1.43549191;-2.354003341;-1.868912885
2020-07-14 19:00;-2.82129319;-0.644484556;-1.381679325
2020-07-14 20:00;-2.595359704;0.616398365;-2.055986855
2020-07-14 21:00;-1.407906859;0.320929231;-0.665714155
2020-07-14 22:00;-2.052305081;0.408356127;-0.420804628
2020-07-14 23:00;0.104894444;1.12771174;-0.358792176
2020-07-15 00:00;0.596689102;1.325201493;0.281499175
2020-07-15 01:00;-0.484667014;-0.147592864;0.872764791
2020-07-15 02:00;-1.09659382;1.303178913;1.886633475
2020-07-15 03:00;0.137656401;-0.028379453;1.871072097
2020-07-15 04:00;-1.8982923;-1.661788859;3.833681547
2020-07-15 05:00;-1.200842042;-1.126796502;5.379276601
2020-07-15 06:00;-1.845027722;1.484107895;4.641771412
2020-07-15 07:00;1.679291704;1.836109763;3.363648561
2020-07-15 08:00;2.427812922;0.835600849;2.779928353
2020-07-15 09:00;0.764452325;1.23313239;2.031682577
2020-07-15 10:00;-0.038283862;1.039046453;1.819782952
2020-07-15 11:00;2.213034889;0.568531079;1.94621807
2020-07-15 12:00;0.863313454;0.375876213;2.280766396
2020-07-15 13:00;-0.700864024;0.79576671;2.193878013
2020-07-15 14:00;-0.876072387;2.230201399;0.719008732
2020-07-15 15:00;0.984670926;2.462860544;-1.360502549
2020-07-15 16:00;1.484619805;-0.13020702;-2.13827051
2020-07-15 17:00;1.225809566;-0.799278637;-0.268886789
2020-07-15 18:00;0.318899623;-0.464397443;0.63294484
2020-07-15 19:00;0.260395734;-0.587185363;0.936083513
2020-07-15 20:00;-0.926902649;0.670027653;1.010322332
2020-07-15 21:00;-2.320611514;1.265895038;0.715027883
2020-07-15 22:00;-0.071879599;-0.493597582;1.471031825
2020-07-15 23:00;0.521512574;-1.039177767;2.224285973
2020-07-16 00:00;0.151053036;-0.109888777;0.404698332
2020-07-16 01:00;1.089657541;-0.916269695;-0.146409319
2020-07-16 02:00;-1.435221489;-1.794275533;0.40901932
2020-07-16 03:00;-1.095763687;-1.724083319;-0.091326564
2020-07-16 04:00;-0.442843015;0.247426016;-0.598285538
2020-07-16 05:00;0.527235021;1.995280513;-0.944427558
2020-07-16 06:00;2.35383374;0.774502546;-0.300015671
2020-07-16 07:00;1.378113588;2.298006162;0.251330421
2020-07-16 08:00;2.685395957;2.953425914;-1.355787543
2020-07-16 09:00;3.334838671;2.499198511;0.07953142
2020-07-16 10:00;2.972548276;1.754563084;1.402745387
2020-07-16 11:00;2.210296355;0.92650916;1.332519691
2020-07-16 12:00;1.815613355;0.903567365;1.312861526
2020-07-16 13:00;1.54748232;2.85193552;2.440782421
2020-07-16 14:00;3.488677306;1.131683431;0.84901457
2020-07-16 15:00;2.98380859;0.326106207;0.319331981
2020-07-16 16:00;0.368404943;0.745638498;0.163100362
2020-07-16 17:00;2.060317092;1.322615303;-0.197442469
2020-07-16 18:00;2.055185474;0.135383866;0.014524256
2020-07-16 19:00;-0.45757646;-0.429063626;-1.453974154
2020-07-16 20:00;0.419948263;-0.217286381;-2.840051564
2020-07-16 21:00;-1.14715124;-0.712463324;-2.123468223
2020-07-16 22:00;0.434001949;-1.975744229;-2.092704973
2020-07-16 23:00;-1.008401943;-0.428783897;-0.778518732
2020-07-17 00:00;-0.200317884;-0.628131683;0.765193381
2020-07-17 01:00;-0.024674911;0.760895046;1.185990904
2020-07-17 02:00;-0.040145159;3.028631068;2.267854394
2020-07-17 03:00;1.967629709;0.661011413;1.700820688
2020-07-17 04:00;1.552580657;0.550789066;1.323701727
2020-07-17 05:00;0.970175602;0.266610197;0.720916817
2020-07-17 06:00;2.25751145;-0.119076186;-0.123373614
2020-07-17 07:00;2.255727351;0.380483503;0.415046133
2020-07-17 08:00;1.287473017;0.696653053;0.564047875
2020-07-17 09:00;-1.301952635;-1.204797245;0.038768224
2020-07-17 10:00;-0.593660724;0.636030954;0.42542717
2020-07-17 11:00;-1.761658984;-0.067995531;0.465233634
2020-07-17 12:00;-2.31028385;0.488607517;-1.25556802
2020-07-17 13:00;-1.088968662;0.015077531;-0.901287074
2020-07-17 14:00;-0.445425181;-0.353289424;-1.435404342
2020-07-17 15:00;-0.468127182;-0.920322847;-1.031787783
2020-07-17 16:00;-0.9580169;0.660992103;-0.94193185
2020-07-17 17:00;-0.252302598;-0.891282135;-2.1145894
2020-07-17 18:00;-2.244517276;0.000661688;-0.638691464
2020-07-17 19:00;-0.446128012;0.59058969;-0.977731144
2020-07-17 20:00;-1.744176502;0.375371254;1.858107257
2020-07-17 21:00;-0.022677838;0.553070925;1.721755232
2020-07-17 22:00;0.576773861;1.370454706;2.226152474
2020-07-17 23:00;1.752361859;2.425883581;0.170480364
2020-07-18 00:00;2.688780249;1.356395843;0.518124299
2020-07-18 01:00;2.1437102;0.886604027;0.754732764
2020-07-18 02:00;1.856122137;0.070459419;1.651237218
2020-07-18 03:00;1.310101885;1.885657841;1.164137306
2020-07-18 04:00;1.851513222;2.928947952;0.812604202
2020-07-18 05:00;3.583238883;0.859872286;1.353384079
2020-07-18 06:00;1.280054447;0.660939055;1.017346677
2020-07-18 07:00;1.246028222;0.477360899;2.338922102
2020-07-18 08:00;1.845231177;-0.140970368;2.310374726
2020-07-18 09:00;0.806938733;0.157619857;1.15267892
2020-07-18 10:00;-0.331350018;0.86897736;-0.055289083
2020-07-18 11:00;-0.135613943;0.550683369;1.497007032
2020-07-18 12:00;-1.421867104;-0.836818489;0.096025742
2020-07-18 13:00;-0.765477681;0.101925542;1.435881619
2020-07-18 14:00;0.341972531;-0.807271223;0.024343659
2020-07-18 15:00;0.161071373;-0.454119994;0.94171041
2020-07-18 16:00;-1.016059821;1.100483699;2.824277831
2020-07-18 17:00;0.804573139;0.979883102;2.020650526
2020-07-18 18:00;0.767017247;0.723820851;0.608104951
2020-07-18 19:00;0.747926333;0.722115521;1.205024457
2020-07-18 20:00;0.811923676;1.221533944;2.726133179
2020-07-18 21:00;0.747017654;0.324488309;2.183484331
2020-07-18 22:00;-1.564462659;0.125162222;3.375840144
2020-07-18 23:00;-1.101693442;0.257275405;3.156103639
2020-07-19 00:00;0.820050727;-0.889479404;4.247124276
2020-07-19 01:00;-1.874386609;0.71844831;4.389498551
2020-07-19 02:00;-0.52216787;1.353987806;3.020217989
2020-07-19 03:00;-0.723580549;0.677914526;2.223963063
2020-07-19 04:00;-0.183384052;-0.335706831;0.935999805
2020-07-19 05:00;-2.388786399;-0.79178637;0.806191247
2020-07-19 06:00;-1.649851179;-2.324903535;-0.910291871
2020-07-19 07:00;-2.706436158;-1.971665888;-0.199206888
2020-07-19 08:00;-2.760207511;-1.43722137;0.166150906
2020-07-19 09:00;-2.082517278;-0.860415044;-0.571499948
2020-07-19 10:00;0.414630568;-0.976210626;-0.237641309
2020-07-19 11:00;-0.811875876;-0.819753313;0.048851813
2020-07-19 12:00;-1.852352547;0.307373917;0.368797399
2020-07-19 13:00;-1.694615653;-0.960770544;1.041514357
2020-07-19 14:00;-1.48168405;-2.204650923;1.727576567
2020-07-19 15:00;-4.18255751;0.616932571;0.71802672
2020-07-19 16:00;-3.715412313;0.649094883;0.752204217
2020-07-19 17:00;-0.059645772;1.980622116;1.520025847
2020-07-19 18:00;0.40806185;1.494190047;0.788600599
2020-07-19 19:00;2.162868909;-0.050405218;0.855486872
2020-07-19 20:00;2.39921074;-1.107203779;0.655507299
2020-07-19 21:00;1.205491899;-0.532244528;-0.749813878
2020-07-19 22:00;0.347462822;0.100691541;-0.242461712
2020-07-19 23:00;-0.469582728;-0.216766665;-1.114746156
2020-07-20 00:00;-2.107585739;0.665856333;1.082393506
2020-07-20 01:00;-0.491376008;2.177817097;0.714090787
2020-07-20 02:00;3.217293343;1.813025733;0.572621892
2020-07-20 03:00;2.373673792;1.603621627;1.561625493
2020-07-20 04:00;3.315686492;-0.788959811;-0.709937668
2020-07-20 05:00;1.429151022;0.293212303;-0.989179673
2020-07-20 06:00;1.388738667;-0.21964713;-1.498896521
2020-07-20 07:00;1.961195127;-1.352210853;-2.188763952
2020-07-20 08:00;0.576538451;-0.270029586;-0.049574622
2020-07-20 09:00;0.592024824;-0.219777448;-1.614776816
2020-07-20 10:00;-1.029360504;-1.467291637;0.436673356
2020-07-20 11:00;-2.225653777;-0.731533629;1.752089243
2020-07-20 12:00;-1.906089857;-0.493626332;2.791381423
2020-07-20 13:00;-1.731804209;-0.766108672;3.189100595
2020-07-20 14:00;-3.510590871;-1.427006167;5.053448523
2020-07-20 15:00;-3.160511523;-0.780853793;3.47522182
2020-07-20 16:00;-3.60798033;-1.018693273;3.140470514
2020-07-20 17:00;-3.350610874;-1.245696159;1.636762207
2020-07-20 18:00;-2.153793126;-0.593789364;2.32246939
2020-07-20 19:00;-2.136688984;0.058397476;-0.166338195
2020-07-20 20:00;0.283417917;-0.712339767;0.247196649
2020-07-20 21:00;0.17671263;-1.292906206;0.576908119
2020-07-20 22:00;-1.778456425;0.119339889;2.545538942
2020-07-20 23:00;-0.961205358;1.273269933;0.35699622
2020-07-21 00:00;-0.515009104;-0.553706999;0.302579113
2020-07-21 01:00;-0.609930701;-1.075861937;0.286008725
2020-07-21 02:00;-1.368609816;0.355912345;1.297856959
2020-07-21 03:00;-1.711737543;-0.098540432;0.934082078
2020-07-21 04:00;-1.91204702;1.001060643;2.499213181
2020-07-21 05:00;-0.047486879;1.430682866;4.537960069
2020-07-21 06:00;-0.591686217;1.50286271;4.142643466
2020-07-21 07:00;1.021724356;0.190563612;3.586398237
2020-07-21 08:00;-0.145171041;0.84332249;2.552529305
2020-07-21 09:00;-1.107608321;1.100867593;2.623987754
2020-07-21 10:00;0.513505558;2.440173842;1.883396084
2020-07-21 11:00;1.450481529;1.675845198;0.206349411
2020-07-21 12:00;1.961309574;0.577053538;1.144217501
2020-07-21 13:00;-1.020849623;1.950862556;0.787291539
2020-07-21 14:00;1.511267547;0.708503425;-1.491859114
2020-07-21 15:00;2.687452863;-0.919416534;0.010182403
2020-07-21 16:00;3.73656196;-0.916004766;-0.477796333
2020-07-21 17:00;1.233962713;0.603351523;0.617114463
2020-07-21 18:00;1.882782238;0.386353272;0.806683218
2020-07-21 19:00;1.286498779;1.868226793;-1.282417401
2020-07-21 20:00;0.842804334;3.456478258;-0.173968648
2020-07-21 21:00;3.096069635;1.171743877;1.135152091
2020-07-21 22:00;2.930106433;1.261064629;1.570429723
2020-07-21 23:00;3.063306372;1.450733711;2.037080168
2020-07-22 00:00;0.185355028;1.525348026;2.800969485
2020-07-22 01:00;0.200704078;1.489312149;3.006276761
2020-07-22 02:00;1.366685553;1.928329959;2.949125817
2020-07-22 03:00;1.756211713;2.639869803;2.383570589
2020-07-22 04:00;2.625153245;2.124662475;3.125378796
2020-07-22 05:00;4.220865249;1.787184681;0.455476808
2020-07-22 06:00;4.277640321;1.534211059;1.27870256
2020-07-22 07:00;3.631088277;2.1559628;1.021581955
2020-07-22 08:00;4.013628165;0.617400605;1.852513381
2020-07-22 09:00;1.807276509;0.168697418;1.237172739
2020-07-22 10:00;1.12062321;-0.064737722;0.756397873
2020-07-22 11:00;1.391526742;2.419036063;-0.259405575
2020-07-22 12:00;1.085512085;3.047280934;-0.672678739
2020-07-22 13:00;2.610298364;0.85884936;0.494663412
2020-07-22 14:00;3.155262327;0.16857194;0.517096509
2020-07-22 15:00;3.452574987;-0.839854817;-0.795196755
2020-07-22 16:00;1.6834152;-1.732540091;-0.329939993
2020-07-22 17:00;0.797186582;-0.583287751;0.250199561
2020-07-22 18:00;-0.232801995;-0.022695781;0.041903479
2020-07-22 19:00;-0.79373766;0.784594069;-0.163879917
2020-07-22 20:00;0.141661344;-0.354954069;-1.099329455
2020-07-22 21:00;0.502728239;0.291170166;-0.994097087
2020-07-22 22:00;0.189481352;-0.726473779;-2.259054216
2020-07-22 23:00;0.778682928;0.065176628;-3.814221727
2020-07-23 00:00;2.692665211;0.165141319;-2.314942051
2020-07-23 01:00;1.743204565;0.519740294;-0.276695154
2020-07-23 02:00;0.621963653;0.016338383;0.000865901
2020-07-23 03:00;-0.581625614;-0.296701325;0.291240615
2020-07-23 04:00;-0.080325241;-1.141982443;0.384980506
2020-07-23 05:00;-2.484581568;-2.81037985;-0.962375231
2020-07-23 06:00;-4.61524204;-3.968841559;0.73000141
2020-07-23 07:00;-4.670047934;-2.313557199;-0.706116359
2020-07-23 08:00;-4.209874777;-0.737122054;-1.895962871
2020-07-23 09:00;-3.220226175;-1.551023126;-1.483143327
2020-07-23 10:00;-1.783908356;-1.951627727;-2.281054885
2020-07-23 11:00;-1.934153645;-0.332563285;-2.969695248
2020-07-23 12:00;-0.560784539;-0.705130328;-3.231728115
2020-07-23 13:00;-0.032949417;-1.478936553;-2.932338689
2020-07-23 14:00;-2.107532577;-1.876156927;-2.584665954
2020-07-23 15:00;-2.82098254;-3.383154172;-2.361969605
2020-07-23 16:00;-5.906586002;-1.572697216;-0.741069725
2020-07-23 17:00;-4.740878271;-1.979231371;-0.069781041
2020-07-23 18:00;-4.270929703;-2.628393183;1.295240316
2020-07-23 19:00;-2.829764872;-2.161740201;1.524416367
2020-07-23 20:00;-3.571000374;-1.729965523;0.710295008
2020-07-23 21:00;-3.072351194;-2.548853892;1.273071308
2020-07-23 22:00;-3.455519536;-0.066733563;1.11003845
2020-07-23 23:00;-1.626643979;-0.248501021;1.567302355
2020-07-24 00:00;-1.991362982;0.46456511;0.673481807
2020-07-24 01:00;-2.840859678;0.329950231;1.009800806
2020-07-24 02:00;-1.992715546;1.679107488;1.542899258
2020-07-24 03:00;-1.286392245;2.624891376;1.950233686
2020-07-24 04:00;0.656513205;0.958584738;2.010179725
2020-07-24 05:00;1.071974942;2.005369235;1.440842105
2020-07-24 06:00;2.387193675;0.832798481;-0.365566554
2020-07-24 07:00;1.730254988;0.73621615;-1.008006096
2020-07-24 08:00;3.272866556;0.46298292;-0.310623061
2020-07-24 09:00;1.782697998;2.440470346;1.032128252
2020-07-24 10:00;2.716860314;1.489169527;-0.468216403
2020-07-24 11:00;3.218246472;1.497670766;0.196808327
2020-07-24 12:00;2.718309999;0.595751884;-0.766359988
2020-07-24 13:00;2.692164461;0.059871555;1.225021207
2020-07-24 14:00;0.172661947;-1.735675542;-0.42166041
2020-07-24 15:00;-1.391981247;-0.906329803;-0.09246876
2020-07-24 16:00;-1.657778809;0.758637076;-0.824230012
2020-07-24 17:00;0.835905976;-1.096276889;1.127437721
2020-07-24 18:00;-2.02439483;-0.503593749;1.996728688
2020-07-24 19:00;-1.006062843;-0.266934755;2.252362422
2020-07-24 20:00;1.589772798;-0.951786889;3.466685906
2020-07-24 21:00;-0.532959557;-0.747684634;3.527499459
2020-07-24 22:00;-1.889827671;-1.697351417;5.185990705
2020-07-24 23:00;-4.122906022;-0.126459194;4.792264775
2020-07-25 00:00;-5.009567097;-1.362838606;3.397397873
2020-07-25 01:00;-3.824974015;-0.31501025;3.038990307
2020-07-25 02:00;-2.48958066;-0.189038597;1.419981311
2020-07-25 03:00;-2.488095973;-3.845041011;-0.177694301
2020-07-25 04:00;-3.529441506;-0.409011056;-0.050650018
2020-07-25 05:00;-1.852196347;0.463578645;0.399595182
2020-07-25 06:00;-2.922825118;0.229656436;1.390558559
2020-07-25 07:00;-0.991576933;0.926002339;1.819574644
2020-07-25 08:00;0.067449522;0.090768996;1.513210569
2020-07-25 09:00;1.227964624;1.087591347;-0.504034402
2020-07-25 10:00;1.822678672;-0.745536281;0.168919647
2020-07-25 11:00;-0.552473159;-1.866623897;1.014333762
2020-07-25 12:00;-3.013250688;-1.822920407;0.601016552
2020-07-25 13:00;-2.01872546;-1.236453694;1.835593908
2020-07-25 14:00;-2.745752885;-0.311946625;0.436643358
2020-07-25 15:00;-2.095540284;0.856808448;0.870045404
2020-07-25 16:00;-0.071024604;1.301713753;0.162246283
2020-07-25 17:00;2.761947847;0.475613951;-0.221741385
2020-07-25 18:00;2.133425941;2.071703705;-0.274451005
2020-07-25 19:00;2.764730482;-0.313476707;-0.406283845
2020-07-25 20:00;1.644605448;1.211878128;1.292969551
2020-07-25 21:00;2.432174185;0.377356934;0.633432098
2020-07-25 22:00;2.027458564;-0.140641227;0.708372462
2020-07-25 23:00;1.26436996;0.022042907;1.462076054
2020-07-26 00:00;0.872747707;-0.03479262;0.296742415
2020-07-26 01:00;-0.169512528;0.889016751;-0.359851812
2020-07-26 02:00;1.188820981;-0.633952111;-0.061872234
2020-07-26 03:00;0.547714794;-1.624183044;-0.229698003
2020-07-26 04:00;0.158656896;-1.223603374;-1.126116347
2020-07-26 05:00;-0.39496597;-0.407033633;1.100820592
2020-07-26 06:00;1.275643658;1.519365861;0.132167771
2020-07-26 07:00;2.720425028;0.386014868;0.941977034
2020-07-26 08:00;2.570125154;-2.399015278;2.019371523
2020-07-26 09:00;0.178902934;-0.897516839;1.242005359
2020-07-26 10:00;-0.445494495;-1.449899741;0.684792854
2020-07-26 11:00;0.511809741;-1.484627892;0.679619012
2020-07-26 12:00;-1.166850538;-0.862690418;0.713667478
2020-07-26 13:00;0.214485094;-2.31443551;0.108967409
2020-07-26 14:00;-0.441132455;-0.238216287;-0.4247416
2020-07-26 15:00;1.684139877;-0.546472426;0.41269594
2020-07-26 16:00;0.281719447;1.309303232;-0.930921071
2020-07-26 17:00;-0.28835056;1.504201958;-0.661142504
2020-07-26 18:00;1.277800843;1.62384052;0.374285267
2020-07-26 19:00;0.666967665;0.057938901;1.834956637
2020-07-26 20:00;-0.250896672;-0.999045663;0.794294805
2020-07-26 21:00;-1.61832008;-1.119599663;1.69115255
2020-07-26 22:00;-3.375691124;-1.73603869;4.239715504
2020-07-26 23:00;-5.427140213;-0.378033597;6.346361244
2020-07-27 00:00;-3.528608987;0.391291657;5.836817825
2020-07-27 01:00;-0.234594351;-0.003981484;3.681684713
2020-07-27 02:00;-2.883233699;1.326919292;4.760388474
2020-07-27 03:00;-2.339605166;1.066942554;1.513388461
2020-07-27 04:00;-0.367143042;1.185208331;2.267209737
2020-07-27 05:00;1.768778259;-0.360948354;1.228159373
2020-07-27 06:00;0.090071676;0.524325853;1.673075774
2020-07-27 07:00;0.148399792;2.214732518;0.535294939
2020-07-27 08:00;1.478440739;0.681730092;2.324579911
2020-07-27 09:00;0.555998937;-0.069160827;2.880886478
2020-07-27 10:00;1.22165782;1.810357415;1.838750496
2020-07-27 11:00;2.694994116;1.526153306;1.921365801
2020-07-27 12:00;3.043297944;0.380173339;4.455176832
2020-07-27 13:00;-1.137249804;1.040528476;4.280192607
2020-07-27 14:00;-1.04499017;0.885228447;4.726602248
2020-07-27 15:00;-0.108478604;0.373460827;3.083819002
2020-07-27 16:00;1.268210109;-1.142191621;2.606302348
2020-07-27 17:00;-2.204026054;-0.119721812;0.33637042
2020-07-27 18:00;-1.549003381;0.251099245;-0.663678245
2020-07-27 19:00;-0.735274968;1.327286137;-0.869516984
2020-07-27 20:00;0.606657465;1.286142735;-0.514468744
2020-07-27 21:00;2.209541411;1.061566098;-2.052775939
2020-07-27 22:00;2.412110429;-1.761348083;-1.732144403
2020-07-27 23:00;-0.341875499;0.152857867;-1.513174642
2020-07-28 00:00;-0.249003375;0.293889145;0.099255951
2020-07-28 01:00;-0.920161069;0.032634575;0.319132109
2020-07-28 02:00;0.809918396;0.696516631;1.105272906
2020-07-28 03:00;1.348437577;-0.423220358;-0.838663223
2020-07-28 04:00;-0.443223625;-0.840435672;-0.605449079
2020-07-28 05:00;-1.884846464;1.486405664;-2.176044378
2020-07-28 06:00;1.573255035;0.514571237;-2.473813251
2020-07-28 07:00;1.906042471;-0.359831124;-2.325530806
2020-07-28 08:00;1.072526257;0.215493035;0.19378056
2020-07-28 09:00;0.028670115;-0.101677122;-0.054192109
2020-07-28 10:00;2.975654944;-0.237652129;-1.093657899
2020-07-28 11:00;1.801066224;0.836900017;1.36809501
2020-07-28 12:00;3.216883309;-0.343864183;0.355341152
2020-07-28 13:00;0.701213044;-0.794705677;0.83791787
2020-07-28 14:00;1.485156418;-1.239906547;-0.54680963
2020-07-28 15:00;-0.42626539;-1.362351639;-0.493925354
2020-07-28 16:00;-2.86653037;0.350356038;-1.571193268
2020-07-28 17:00;-1.137546595;0.021987309;0.067950876
2020-07-28 18:00;-0.617360727;-0.881840261;0.645455482
2020-07-28 19:00;-0.954265058;0.444912278;1.047971699
2020-07-28 20:00;-1.136198646;-0.034020307;1.528722339
2020-07-28 21:00;0.123907955;0.101960688;0.840816665
2020-07-28 22:00;1.856650499;1.265567495;2.345816214
2020-07-28 23:00;2.877285177;1.948996236;2.575518669
2020-07-29 00:00;3.378549801;1.813281761;2.733881714
2020-07-29 01:00;-0.159668964;1.853179583;3.530425522
2020-07-29 02:00;2.145772813;3.518545672;2.556360478
2020-07-29 03:00;3.337516774;2.542276887;2.028640959
2020-07-29 04:00;3.231254971;1.5835291;2.467451768
2020-07-29 05:00;2.578876112;0.063319191;2.140515761
2020-07-29 06:00;-1.763872929;-0.113131186;0.13102564
2020-07-29 07:00;-3.04811364;-0.344970558;0.052602434
2020-07-29 08:00;-2.366028133;-1.125752627;-0.080032263
2020-07-29 09:00;-0.679875744;-1.058825477;-1.905176655
2020-07-29 10:00;-1.925702641;-1.994408006;-2.50255837
2020-07-29 11:00;-1.707887906;-1.428144139;-1.568973123
2020-07-29 12:00;-2.896790365;0.266090747;-2.52132697
2020-07-29 13:00;-1.201924709;-0.198829939;0.128988104
2020-07-29 14:00;-1.373821992;-0.805580607;-0.428043643
2020-07-29 15:00;-0.935567007;0.572500344;-0.019088901
2020-07-29 16:00;-1.4461016;0.534917645;-0.367861876
2020-07-29 17:00;-0.616358789;0.301290727;1.573035707
2020-07-29 18:00;0.678920404;-0.029637161;1.94314345
2020-07-29 19:00;0.844893921;1.682314429;2.327997774
2020-07-29 20:00;1.917666887;1.845556741;2.069885211
2020-07-29 21:00;2.810101819;1.662390538;0.652372227
2020-07-29 22:00;1.351416215;-0.232709326;1.130484226
2020-07-29 23:00;3.560422476;-0.544428948;0.70885757
2020-07-30 00:00;2.317662224;-0.38393143;0.811797921
2020-07-30 01:00;1.005553361;-1.499037403;-0.508250415
2020-07-30 02:00;0.108733742;-2.876362085;-0.942423583
2020-07-30 03:00;-0.951458064;-2.613385526;0.07129878
2020-07-30 04:00;-2.53322708;-0.999677172;0.071651945
2020-07-30 05:00;-1.704567475;-0.712450392;0.030013825
2020-07-30 06:00;-0.876399975;-1.510118839;-0.915096024
2020-07-30 07:00;-1.981435624;-0.077045967;-0.077071628
2020-07-30 08:00;-1.009644298;0.97601443;0.75347441
2020-07-30 09:00;-0.141948402;0.642639049;1.589768344
2020-07-30 10:00;0.92175281;1.198944884;2.16326132
2020-07-30 11:00;1.774068689;0.000299405;2.124065804
2020-07-30 12:00;0.610914635;-1.41613568;1.587541463
2020-07-30 13:00;0.53447511;-0.983483522;1.248010998
2020-07-30 14:00;-0.576698695;-1.30600653;2.388591551
2020-07-30 15:00;-3.295026319;0.982013477;0.833913953
2020-07-30 16:00;-1.486325858;2.067137051;0.825292459
2020-07-30 17:00;2.046097458;0.702079356;0.323103521
2020-07-30 18:00;3.390016269;0.154420228;1.232920135
2020-07-30 19:00;2.187137486;-0.064254129;0.516766337
2020-07-30 20:00;0.891724476;-1.040572093;-0.031193476
2020-07-30 21:00;0.643715235;-0.542079578;0.352642502
2020-07-30 22:00;-0.673450563;-0.646343369;-0.805856503
2020-07-30 23:00;-1.062464503;-1.258729929;1.102329844
2020-07-31 00:00;-1.59753329;-1.386323007;-0.82291315
2020-07-31 01:00;-2.165447563;0.087858053;-0.772262553
2020-07-31 02:00;-0.379402816;0.741677064;0.238685786
2020-07-31 03:00;-1.815926944;0.201289104;-0.108698258
2020-07-31 04:00;-2.369513839;0.64829614;-1.70255943
2020-07-31 05:00;-1.041218876;-0.634091745;-0.265944012
2020-07-31 06:00;-2.308338723;0.004610356;-2.301708699
2020-07-31 07:00;-0.177720093;-0.386096486;-3.268521885
2020-07-31 08:00;-1.796578781;0.111962787;-3.696646653
2020-07-31 09:00;0.247594262;-0.345838109;-1.609408342
2020-07-31 10:00;-1.678231972;0.570332157;-1.044830472
2020-07-31 11:00;1.080282511;-0.359609372;-0.198524463
2020-07-31 12:00;0.232679402;-0.551506558;-1.149891434
2020-07-31 13:00;-0.514195529;0.686322064;-1.940554019
2020-07-31 14:00;3.313799945;1.306878869;-1.349673887
2020-07-31 15:00;3.486288111;1.638188002;-3.316270445
2020-07-31 16:00;3.882436943;-0.546495191;-2.479903567
2020-07-31 17:00;1.166350047;0.858586105;-2.644477912
2020-07-31 18:00;1.709826721;0.621785786;-2.132786095
2020-07-31 19:00;1.879458063;1.218763789;-1.254395423
2020-07-31 20:00;0.954684189;0.832444965;0.620769274
2020-07-31 21:00;1.743743648;1.684281853;1.219523403
2020-07-31 22:00;2.101341415;1.367212512;0.321332152
2020-07-31 23:00;1.94337585;1.813094961;-0.318826223
2020-08-01 00:00;1.355286616;1.20634242;0.483345857
2020-08-01 01:00;0.915312054;2.125033188;-0.107362768
2020-08-01 02:00;1.37641899;0.579261303;0.535931612
2020-08-01 03:00;1.468290311;1.705187002;0.68624972
2020-08-01 04:00;2.086179593;1.276970938;1.643393445
2020-08-01 05:00;2.075350398;2.144316684;1.478586574
2020-08-01 06:00;1.243993897;2.619601068;1.587708143
2020-08-01 07:00;3.265962026;2.044973112;2.392528969
2020-08-01 08:00;3.875799992;1.534146224;2.887651188
2020-08-01 09:00;3.359226973;0.398748345;3.144075563
2020-08-01 10:00;1.710431462;1.387024058;3.904832291
2020-08-01 11:00;-0.508703292;2.558159963;4.12097081
2020-08-01 12:00;1.414690956;0.244659549;3.41669074
2020-08-01 13:00;2.985435189;2.696609988;2.704640067
2020-08-01 14:00;4.884618426;1.657971691;3.716238074
2020-08-01 15:00;1.927338957;2.183821999;2.870781705
2020-08-01 16:00;3.066937179;0.981179609;4.038517592
2020-08-01 17:00;1.649863124;1.727045786;3.37645175
2020-08-01 18:00;-0.063887678;1.275622723;3.699752987
2020-08-01 19:00;-0.14795073;1.64613789;1.674669581
2020-08-01 20:00;1.095464512;0.022023572;0.917106386
2020-08-01 21:00;-0.751932517;-0.22539762;0.64881152
2020-08-01 22:00;0.272024401;1.393004822;1.815560126
2020-08-01 23:00;1.300819654;0.885098677;3.040780233
2020-08-02 00:00;1.63050036;0.571534755;3.38580248
2020-08-02 01:00;-0.631946208;-0.947652208;2.073010564
2020-08-02 02:00;-0.342735134;-1.25665753;2.485554919
2020-08-02 03:00;-0.720653734;-1.148274169;2.462784122
2020-08-02 04:00;-2.351500023;-0.874155672;1.826097817
2020-08-02 05:00;-2.740694207;-0.266092946;1.739479928
2020-08-02 06:00;-2.000326006;-0.728264156;1.479116888
2020-08-02 07:00;-1.89243822;-1.571153782;0.685945791
2020-08-02 08:00;-0.655636059;-0.800210304;0.341843142
2020-08-02 09:00;-2.016692865;-1.02395209;-1.110145057
2020-08-02 10:00;-0.302150662;0.001412007;-1.463066891
2020-08-02 11:00;1.501678457;0.476034145;-0.105748173
2020-08-02 12:00;1.596210981;0.31137104;-0.570490158
2020-08-02 13:00;1.449958184;-0.492543451;1.875886136
2020-08-02 14:00;1.094599371;2.342846735;3.246133755
2020-08-02 15:00;2.934254351;2.077948123;4.151383171
2020-08-02 16:00;3.637020693;1.169524973;4.130715754
2020-08-02 17:00;1.85474894;1.313796428;2.87661095
2020-08-02 18:00;0.056074998;1.539746011;1.330982246
2020-08-02 19:00;0.985407725;-0.553634249;-0.658465186
2020-08-02 20:00;-1.611610998;0.006650389;-1.095571931
2020-08-02 21:00;0.507491775;-0.030178884;-1.146896793
2020-08-02 22:00;0.34965982;-0.883431421;-0.784922679
2020-08-02 23:00;-1.325592072;-1.660233146;-0.752858606
2020-08-03 00:00;-2.645216266;-1.552131415;0.11115046
2020-08-03 01:00;-3.691962637;-0.967710809;-0.937323659
2020-08-03 02:00;-4.696743598;-0.363261678;-0.530599032
2020-08-03 03:00;-1.718369676;-0.746401167;1.545419005
2020-08-03 04:00;-3.041995964;-2.161491007;1.077440069
2020-08-03 05:00;-2.858674706;-0.774042884;0.106649222
2020-08-03 06:00;-2.677432793;-0.268335974;-0.742278949
2020-08-03 07:00;0.044203041;-0.661735668;-0.470486327
2020-08-03 08:00;-0.068983123;-1.850654562;-1.677215713
2020-08-03 09:00;-1.272914091;-3.206647402;-2.971476362
2020-08-03 10:00;-1.321952354;-3.133818904;-3.074875451
2020-08-03 11:00;-3.642293245;-2.034201825;-3.13711645
2020-08-03 12:00;-3.412266356;-1.847253367;-4.111543173
2020-08-03 13:00;-3.334482394;-2.295208667;-1.51339962
2020-08-03 14:00;-4.000956046;-2.341739857;-1.686779405
2020-08-03 15:00;-4.191465944;-3.480924113;-0.338157463
2020-08-03 16:00;-4.741369518;-2.657755474;-1.31316802
2020-08-03 17:00;-3.917433261;-1.179461141;-0.608730423
2020-08-03 18:00;-1.304376283;-1.618265947;-1.766705803
2020-08-03 19:00;-2.232397835;-3.882460139;-0.390358116
2020-08-03 20:00;-2.740727108;-3.5559032;-0.497193337
2020-08-03 21:00;-3.338880354;-1.07243093;-0.385021729
2020-08-03 22:00;-2.108745173;-0.462120918;1.306905027
2020-08-03 23:00;-1.232945982;0.049068377;-0.168582528
2020-08-04 00:00;-0.889794062;0.161583253;-1.129171607
2020-08-04 01:00;-0.086825788;-0.514765411;0.428730173
2020-08-04 02:00;-1.627549505;-0.308176742;2.388160005
2020-08-04 03:00;0.648668944;-0.498927513;1.497055917
2020-08-04 04:00;-1.979540415;-2.101353333;1.190257054
2020-08-04 05:00;-3.518372465;-1.249949442;0.84389757
2020-08-04 06:00;-2.12950893;0.99920242;-1.588297995
2020-08-04 07:00;1.234581862;0.303293023;-0.500446767
2020-08-04 08:00;-0.094012401;1.783208456;-3.256604099
2020-08-04 09:00;1.611263783;-0.222138077;-3.520216915
2020-08-04 10:00;0.069194169;-0.655783022;-1.449236622
2020-08-04 11:00;-1.545273679;-0.644615889;-1.020942181
2020-08-04 12:00;-0.671993419;-1.431660707;-2.693754487
2020-08-04 13:00;-2.352191308;-1.556837064;-1.924273047
2020-08-04 14:00;-1.028426855;-1.927406653;-1.528196925
2020-08-04 15:00;-2.936847;-0.736500601;-2.085878422
2020-08-04 16:00;-2.176553508;-2.763952453;-1.053553044
2020-08-04 17:00;-3.911577894;-1.843593011;-1.60979373
2020-08-04 18:00;-2.43547647;-2.937837493;-2.470688797
2020-08-04 19:00;-2.662341091;-1.229989019;-2.129974533
2020-08-04 20:00;-3.304284416;-3.267692995;-0.453199671
2020-08-04 21:00;-4.882086946;-1.961769523;-0.359179831
2020-08-04 22:00;-4.223775842;-0.402858295;-1.03722993
2020-08-04 23:00;-0.46471274;-0.782546443;-1.212642492
2020-08-05 00:00;0.525594614;-0.233537365;-0.990624829
2020-08-05 01:00;0.109357028;-0.263555001;-0.140564186
2020-08-05 02:00;1.897966272;-0.52871837;0.606557196
2020-08-05 03:00;0.008966188;-1.954305296;0.697674487
2020-08-05 04:00;-0.732392343;-1.416593711;0.451136472
2020-08-05 05:00;-0.713162634;0.225183596;-2.201834654
2020-08-05 06:00;1.283873639;-0.04276236;0.077743286
2020-08-05 07:00;0.074102521;0.694865891;1.901748943
2020-08-05 08:00;0.429462027;-0.526503135;2.635804411
2020-08-05 09:00;0.027136482;-1.482924243;3.210518551
2020-08-05 10:00;-1.534851053;0.072077189;1.865974236
2020-08-05 11:00;-0.579931109;1.065358625;-0.355565712
2020-08-05 12:00;-0.130306277;1.132595649;-1.083864126
2020-08-05 13:00;0.508556353;-0.711993503;0.074844486
2020-08-05 14:00;0.2494878;1.294111346;1.612000407
2020-08-05 15:00;1.089942982;1.447503299;1.063124696
2020-08-05 16:00;1.284912664;1.147128374;2.889254266
2020-08-05 17:00;0.761777719;1.958730386;1.310045034
2020-08-05 18:00;1.216671549;2.277695773;1.079206803
2020-08-05 19:00;1.249096068;1.432854823;2.15788597
2020-08-05 20:00;2.347015467;1.388673204;2.546797338
2020-08-05 21:00;2.20502091;2.507652672;2.232481388
2020-08-05 22:00;2.97326067;3.115628379;2.188017768
2020-08-05 23:00;4.577943986;3.219865926;3.9187637
2020-08-06 00:00;5.081806369;1.643654008;1.970949825
2020-08-06 01:00;4.826051797;1.237568766;2.47353663
2020-08-06 02:00;2.564485721;1.36587537;1.953378508
2020-08-06 03:00;1.916456236;1.813913022;2.106305882
2020-08-06 04:00;2.870554812;1.091657293;1.483004992
2020-08-06 05:00;3.070791581;2.183795272;3.009931734
2020-08-06 06:00;3.892158521;0.675587698;2.426045679
2020-08-06 07:00;3.066021761;2.405726515;0.854987391
2020-08-06 08:00;6.044403572;1.001102887;2.845273073
2020-08-06 09:00;2.131870921;0.643465573;2.887103629
2020-08-06 10:00;2.166821215;-0.74501185;2.54404667
2020-08-06 11:00;0.329841022;-1.488228777;3.376142263
2020-08-06 12:00;-1.592089287;-1.551996856;2.541285791
2020-08-06 13:00;-0.649264188;0.427767406;0.442838208
2020-08-06 14:00;0.4603792;-0.49635644;-0.449390445
2020-08-06 15:00;-0.341640222;-0.037661285;0.893945547
2020-08-06 16:00;0.11515337;0.141997803;1.068335223
2020-08-06 17:00;-0.174485871;1.277846257;0.816482213
2020-08-06 18:00;-1.284841887;0.995254915;1.220863914
2020-08-06 19:00;0.241062022;1.634199879;0.405952429
2020-08-06 20:00;1.091830949;1.062164255;1.306892331
2020-08-06 21:00;2.153662365;-0.957264203;1.504617404
2020-08-06 22:00;-0.126865348;-1.567485891;0.395975314
2020-08-06 23:00;-1.997279438;-1.821459465;0.124930774
2020-08-07 00:00;-3.395281387;-1.602727023;-1.891252947
2020-08-07 01:00;-2.869916225;-0.629969624;-2.083965838
2020-08-07 02:00;-4.407676558;-3.101939684;-0.930783909
2020-08-07 03:00;-4.91386025;-1.743237123;-0.360100921
2020-08-07 04:00;-2.753180765;-0.326236063;1.443300966
2020-08-07 05:00;-2.760726154;0.165989642;1.859708653
2020-08-07 06:00;-0.76892274;0.882823412;0.616438386
2020-08-07 07:00;-0.720746807;1.355927306;3.719248405
2020-08-07 08:00;-0.633299443;0.922304876;1.130237807
2020-08-07 09:00;0.525152264;1.994374003;1.168978196
2020-08-07 10:00;1.294287789;2.068329801;0.734207047
2020-08-07 11:00;0.935498118;1.143485928;1.076096744
2020-08-07 12:00;1.123058746;1.245108138;1.41468083
2020-08-07 13:00;0.825414544;3.185565595;0.605594281
2020-08-07 14:00;1.786079724;1.518384525;0.008049051
2020-08-07 15:00;1.293380703;-0.403386667;-0.814413784
2020-08-07 16:00;1.869590231;-1.407813377;-0.324407854
2020-08-07 17:00;0.079719894;-1.93170855;-2.936275404
2020-08-07 18:00;-2.009172569;-2.141805591;-3.008462834
2020-08-07 19:00;-0.935362582;-1.527849332;-2.397580105
2020-08-07 20:00;-1.685367208;-0.957613369;-3.321259729
2020-08-07 21:00;-1.766654055;-0.574754961;-2.450396855
2020-08-07 22:00;0.152880053;-1.35089273;-0.051576414
2020-08-07 23:00;-0.684423856;-0.012042509;-0.614349045
2020-08-08 00:00;0.449202143;-2.498348401;0.284325459
2020-08-08 01:00;-1.819335805;-1.434973573;0.645940804
2020-08-08 02:00;-1.576920413;-1.521032904;-0.933947936
2020-08-08 03:00;0.190498093;-0.850999974;-2.334769329
2020-08-08 04:00;1.268714342;0.425138387;-2.426165841
2020-08-08 05:00;-0.355053047;-0.865758171;-2.754820827
2020-08-08 06:00;0.112962737;-0.337913903;-0.982461032
2020-08-08 07:00;0.65440513;-1.335834128;-1.618091451
2020-08-08 08:00;-0.979628274;-2.824058169;-2.389207625
2020-08-08 09:00;-2.885179067;-3.014626003;-0.759320236
2020-08-08 10:00;-3.103159935;-3.374888404;-0.952158574
2020-08-08 11:00;-3.951580953;-4.093200464;-1.391875432
2020-08-08 12:00;-5.029642418;-1.135869425;-0.402571244
2020-08-08 13:00;-4.198029669;-0.685156567;-1.127147288
2020-08-08 14:00;-2.947988324;0.303184906;-1.439304142
2020-08-08 15:00;0.109048075;1.71609709;-0.381018498
2020-08-08 16:00;0.826727429;2.30130982;0.411259703
2020-08-08 17:00;2.145523758;1.248151446;1.097392906
2020-08-08 18:00;2.034642883;0.897881303;-0.949209976
2020-08-08 19:00;2.053802486;0.748018258;-0.831609645
2020-08-08 20:00;0.595560649;-1.455173288;-1.25551928
2020-08-08 21:00;-1.837559665;-0.52389638;-2.418345145
2020-08-08 22:00;-1.456960906;1.196819767;-2.912636509
2020-08-08 23:00;0.863306771;-0.30563885;-1.015966841
2020-08-09 00:00;-0.637286228;0.296806097;-0.450621346
2020-08-09 01:00;0.405803913;-0.245471557;-0.650449099
2020-08-09 02:00;0.058189552;-1.132842568;0.052763408
2020-08-09 03:00;1.595443217;-0.067616222;-0.077535869
2020-08-09 04:00;0.9761605;0.71376955;-0.139642842
2020-08-09 05:00;2.20517949;1.269407694;-0.520014225
2020-08-09 06:00;-0.019698208;0.04949237;-0.045666296
2020-08-09 07:00;2.594830576;0.842734637;-0.507278909
2020-08-09 08:00;1.789226259;-0.651284987;-0.124909957
2020-08-09 09:00;0.552937406;-0.505433679;-0.78387483
2020-08-09 10:00;0.006654204;-0.110806966;0.226310459
2020-08-09 11:00;-0.762597863;1.006118165;0.026617149
2020-08-09 12:00;-0.274271424;-0.01239991;0.494860992
2020-08-09 13:00;0.184361058;0.623622397;1.492350124
2020-08-09 14:00;0.218098978;0.366513523;0.965546748
2020-08-09 15:00;0.572755723;-0.743297484;-0.373508359
2020-08-09 16:00;0.426839863;-0.17151489;0.945250133
2020-08-09 17:00;-1.671731616;0.134905643;1.752673106
2020-08-09 18:00;-2.443459096;1.265873737;2.514282032
2020-08-09 19:00;-2.40609926;1.822635406;0.20906236
2020-08-09 20:00;-0.355803281;0.602656994;-1.711523506
2020-08-09 21:00;-0.28655589;1.221148252;-1.152322805
2020-08-09 22:00;-0.200335278;0.695756092;0.5446808
2020-08-09 23:00;-0.556040512;-0.100629867;0.956509477
2020-08-10 00:00;-0.416307807;-0.309065613;1.203110685
2020-08-10 01:00;0.098378529;1.28941065;-0.109255469
2020-08-10 02:00;1.025080453;-0.874902481;0.645900412
2020-08-10 03:00;-1.153613115;1.013399469;1.925055069
2020-08-10 04:00;1.092271178;0.711437038;0.71425888
2020-08-10 05:00;-0.655222951;1.468847773;0.766789556
2020-08-10 06:00;0.316527588;-0.036099603;0.020360696
2020-08-10 07:00;0.914269739;0.29261428;1.124117785
2020-08-10 08:00;0.762326214;-0.635564509;1.483238596
2020-08-10 09:00;1.50548529;-0.783265049;-0.543546615
2020-08-10 10:00;2.028326073;-0.948240993;-0.156057632
2020-08-10 11:00;1.525345784;-0.457222634;1.516980876
2020-08-10 12:00;-0.42452533;-0.789785229;-0.332849733
2020-08-10 13:00;-0.078932007;-1.326500796;-0.558462524
2020-08-10 14:00;-1.693677547;-1.815270876;-0.854914004
2020-08-10 15:00;-2.149977049;0.754140577;-1.557880418
2020-08-10 16:00;-0.710422526;-0.216595666;-0.011054352
2020-08-10 17:00;-0.329796829;-1.581462596;-0.332993044
2020-08-10 18:00;-1.501243071;-0.019621874;-0.769848131
2020-08-10 19:00;-1.202015513;-1.068945184;-1.14751192
2020-08-10 20:00;-1.422937078;0.553471041;-0.217510502
2020-08-10 21:00;0.923940116;0.086139203;0.322393539
2020-08-10 22:00;-0.976743555;-0.281964118;-0.070703994
2020-08-10 23:00;-1.807353703;0.589452134;-1.008718157
2020-08-11 00:00;0.350493145;1.83125435;-0.706004537
2020-08-11 01:00;0.62635189;-0.094835446;-1.482248125
2020-08-11 02:00;-0.001374685;0.63724471;-1.426213652
2020-08-11 03:00;-0.243658368;0.698824186;-0.192109689
2020-08-11 04:00;-0.840768742;-0.477830568;-0.236613309
2020-08-11 05:00;-0.367195661;0.169992319;-0.103356756
2020-08-11 06:00;-0.176512917;-2.249483411;0.005134199
2020-08-11 07:00;-3.255379768;-0.740856369;-0.702075343
2020-08-11 08:00;-0.873130705;-0.235577671;-0.785103645
2020-08-11 09:00;-1.363044144;1.071647401;-1.193512234
2020-08-11 10:00;0.225725132;2.018128926;-1.832919651
2020-08-11 11:00;2.213648999;0.174281384;-0.772618622
2020-08-11 12:00;1.747953526;0.632358142;-0.292145858
2020-08-11 13:00;0.97973879;-0.123027076;0.612054287
2020-08-11 14:00;-0.642032779;1.778875406;1.043061777
2020-08-11 15:00;1.07470855;1.464194267;-0.184275234
2020-08-11 16:00;1.382637284;0.67307887;0.148857277
2020-08-11 17:00;2.462409645;-0.781940696;-1.003493109
2020-08-11 18:00;1.199392894;0.318195001;-2.072375226
2020-08-11 19:00;1.03510326;0.509257494;-1.633444943
2020-08-11 20:00;0.781734878;1.647233125;-1.154436908
2020-08-11 21:00;0.039375337;1.999064448;-0.396777875
2020-08-11 22:00;1.79853065;2.100722925;1.768942516
2020-08-11 23:00;2.7575047;1.533266556;0.233811427
2020-08-12 00:00;3.131716794;1.550952904;1.213140716
2020-08-12 01:00;3.009503278;-0.197503963;1.165427713
2020-08-12 02:00;-0.793380994;-1.894602415;1.15596241
2020-08-12 03:00;-0.936747508;-1.430620186;-0.22836767
2020-08-12 04:00;-0.310248632;-1.325003192;0.624121046
2020-08-12 05:00;-1.724543563;-0.732432224;0.137749689
2020-08-12 06:00;-0.496667705;-0.222101102;0.890577542
2020-08-12 07:00;-0.739871239;0.414913158;0.750548351
2020-08-12 08:00;0.293451902;0.420546419;-1.346675339
2020-08-12 09:00;1.115796317;1.081729299;-0.324213775
2020-08-12 10:00;-0.511598129;1.946696109;-1.550958795
2020-08-12 11:00;1.543110455;0.771942017;0.202094481
2020-08-12 12:00;1.79326274;0.535348495;0.865039957
2020-08-12 13:00;2.555374983;-0.32469041;0.400993015
2020-08-12 14:00;1.690509503;-1.248464166;1.392403049
2020-08-12 15:00;-0.851391231;-0.299085229;-0.330224309
2020-08-12 16:00;-2.20142728;0.069064346;0.395053994
2020-08-12 17:00;-3.894980467;0.437397451;0.321155856
2020-08-12 18:00;-0.60381962;-1.325118261;0.994870999
2020-08-12 19:00;-1.775171545;-0.417551926;1.211591194
2020-08-12 20:00;-2.044434952;-0.25235096;0.750828646
2020-08-12 21:00;0.590261055;-1.523304112;0.949422991
2020-08-12 22:00;-0.024470781;-0.810155134;0.05882916
2020-08-12 23:00;-3.320583083;-0.433272447;0.994095962
2020-08-13 00:00;-1.218695211;-0.399476357;0.494613717
2020-08-13 01:00;0.635056323;-0.255050307;1.530808732
2020-08-13 02:00;0.66553683;1.894501937;3.447877072
2020-08-13 03:00;0.05334781;2.108752626;1.947227391
2020-08-13 04:00;0.255724369;2.386165857;0.934503224
2020-08-13 05:00;1.998384714;1.574769925;-0.337446599
2020-08-13 06:00;3.060314504;-1.216040894;-1.208631394
2020-08-13 07:00;1.678550926;-0.569068042;-2.931215699
2020-08-13 08:00;0.329901364;0.637484082;-1.424189736
2020-08-13 09:00;-1.367559279;-0.817893407;-1.013021372
2020-08-13 10:00;-0.593332661;0.332808959;0.308930217
2020-08-13 11:00;-0.360251209;-0.324661702;-0.570428512
2020-08-13 12:00;-1.201196079;-2.047091247;1.769575963
2020-08-13 13:00;-1.700491328;-3.318388454;2.643796076
2020-08-13 14:00;-3.579073011;-2.3072519;1.662271083
2020-08-13 15:00;-5.233000185;-1.848310421;2.338809943
2020-08-13 16:00;-4.308729648;-1.215306427;0.497903155
2020-08-13 17:00;-2.559999288;-3.686457166;0.379386466
2020-08-13 18:00;-4.863912558;-2.945275012;-0.027588977
2020-08-13 19:00;-4.721423077;-2.852470858;-0.93499265
2020-08-13 20:00;-3.185721677;-2.206826438;-0.076119337
2020-08-13 21:00;-3.719000628;-1.531290801;0.204881679
2020-08-13 22:00;-3.441601188;-2.117290136;0.464893141
2020-08-13 23:00;-2.979347532;-2.079403463;-1.613657514
2020-08-14 00:00;-3.839418632;-1.366992973;-2.109023726
2020-08-14 01:00;-2.233878709;-2.188079153;-1.901115851
2020-08-14 02:00;-1.375574318;-3.125470378;-2.213643077
2020-08-14 03:00;-3.418514594;-3.804292693;-3.281548826
2020-08-14 04:00;-4.443892406;-3.444283526;-2.198815831
2020-08-14 05:00;-5.779439278;-3.204347867;-3.139711307
2020-08-14 06:00;-4.228425779;-3.509499937;-3.406687478
2020-08-14 07:00;-5.254456485;-2.287792499;-2.683008295
2020-08-14 08:00;-3.059239622;-3.078558161;-1.025915922
2020-08-14 09:00;-4.580687651;-2.627510344;0.057097329
2020-08-14 10:00;-4.289063851;-3.141009923;-1.521621239
2020-08-14 11:00;-3.514035237;-1.824713028;-0.778489572
2020-08-14 12:00;-3.778740467;-1.646243617;-0.882210914
2020-08-14 13:00;-2.926150962;-1.974828279;-1.300318781
2020-08-14 14:00;-2.262494951;-2.310659144;-0.680184122
2020-08-14 15:00;-2.406965613;-2.323767241;-1.977588347
2020-08-14 16:00;-2.844164795;-4.096133856;-1.444709653
2020-08-14 17:00;-4.223924793;-3.453814023;-0.97833449
2020-08-14 18:00;-4.165723702;-2.042778353;-1.984172027
2020-08-14 19:00;-3.440714877;-1.617033771;-1.236644898
2020-08-14 20:00;-1.307917588;-0.499437114;-0.806226775
2020-08-14 21:00;1.124447361;-0.968212736;0.051460951
2020-08-14 22:00;-0.110031993;-1.226841087;0.791521374
2020-08-14 23:00;-3.364659411;-1.426082109;0.930252879
2020-08-15 00:00;-2.404491195;-1.749794736;0.720506421
2020-08-15 01:00;-1.768954639;-0.697606484;0.718652491
2020-08-15 02:00;-0.764927555;0.063188516;1.197010573
2020-08-15 03:00;-0.633447478;0.354102094;0.22315191
2020-08-15 04:00;2.434370541;-0.650066032;1.64657696
2020-08-15 05:00;-0.701982928;0.448748546;1.431436209
2020-08-15 06:00;-0.73112218;0.335267777;1.307308235
2020-08-15 07:00;-1.247240012;1.876982783;2.160265911
2020-08-15 08:00;1.985641157;2.149790206;2.935072606
2020-08-15 09:00;2.842807058;1.447427728;3.379102428
2020-08-15 10:00;2.830608597;0.203514043;0.783943792
2020-08-15 11:00;-0.100506335;-0.118488898;0.890311074
2020-08-15 12:00;-0.798688368;-0.835203911;0.510241703
2020-08-15 13:00;-2.102604769;-0.019390898;2.349561159
2020-08-15 14:00;-1.149166161;-0.622284412;2.549868141
2020-08-15 15:00;-0.771291033;-0.432857975;1.825611701
2020-08-15 16:00;-0.764433498;0.419562997;2.381506169
2020-08-15 17:00;1.478248247;0.607482361;1.218840155
2020-08-15 18:00;1.261288737;0.24846208;0.536373835
2020-08-15 19:00;1.202092242;-0.672280717;0.745445862
2020-08-15 20:00;-0.784011699;-0.072226602;-0.363087752
2020-08-15 21:00;-0.177035773;-0.24144463;1.046273024
2020-08-15 22:00;1.097555251;1.575941781;0.761114488
2020-08-15 23:00;0.392169549;0.281103622;-1.208254745
2020-08-16 00:00;0.655077149;0.348481314;-0.93878259
2020-08-16 01:00;0.486745357;0.16759339;0.689909414
2020-08-16 02:00;0.240344097;0.257378007;0.323990939
2020-08-16 03:00;-0.715258246;0.824235662;0.686060612
2020-08-16 04:00;0.981195731;1.653934334;2.079866826
2020-08-16 05:00;0.044902465;2.488042968;1.664827089
2020-08-16 06:00;-0.499269135;1.728953746;1.713886209
2020-08-16 07:00;0.279067264;1.057213256;1.241426383
2020-08-16 08:00;2.188284629;0.017098399;0.709449125
2020-08-16 09:00;0.588925196;-0.506446518;1.985072445
2020-08-16 10:00;0.196608718;1.214317974;-0.210019781
2020-08-16 11:00;0.624496264;1.461284681;-0.330986537
2020-08-16 12:00;1.352725151;0.906699483;-0.734720717
2020-08-16 13:00;1.788530679;-0.985475123;-2.49112869
2020-08-16 14:00;-0.041959809;-0.528340682;-2.477448637
2020-08-16 15:00;0.125995258;-0.504187765;1.079018558
2020-08-16 16:00;1.304759392;-0.342033376;1.749276384
2020-08-16 17:00;1.039398694;0.443021996;1.803768368
2020-08-16 18:00;-1.316155975;0.845985568;1.405455144
2020-08-16 19:00;0.018070131;1.46179502;0.622779793
2020-08-16 20:00;0.2289643;1.000546854;0.783043336
2020-08-16 21:00;0.848234847;1.730790582;0.58222199
2020-08-16 22:00;1.211930557;1.748742052;-0.061921232
2020-08-16 23:00;0.217646765;0.37520481;0.138804141
2020-08-17 00:00;-0.610472469;1.586233824;0.630721668
2020-08-17 01:00;0.409342793;0.442881866;1.258424378
2020-08-17 02:00;1.662079717;-0.086185478;-1.771050191
2020-08-17 03:00;-0.018509585;-0.449933552;-0.033309749
2020-08-17 04:00;-0.394545781;0.957536125;0.907264508
2020-08-17 05:00;0.872099204;-0.263881996;0.652845852
2020-08-17 06:00;0.373763236;1.11996592;0.352031043
2020-08-17 07:00;2.30491582;1.480807286;2.293667421
2020-08-17 08:00;3.347944526;2.704915144;1.176555847
2020-08-17 09:00;2.962433913;2.991123394;0.707468173
2020-08-17 10:00;5.128404512;1.930530237;2.740046566
2020-08-17 11:00;3.272727267;0.166523478;2.677762385
2020-08-17 12:00;1.869812144;3.231963504;2.348094819
2020-08-17 13:00;2.507232434;1.822399295;0.482818066
2020-08-17 14:00;3.647132149;2.070269478;-0.185917287
2020-08-17 15:00;3.148927137;0.309045229;1.457544577
2020-08-17 16:00;2.970012568;1.393411272;2.048142139
2020-08-17 17:00;2.711047402;1.693471966;3.666203408
2020-08-17 18:00;1.124922119;1.592477526;2.679299142
2020-08-17 19:00;3.228725413;1.925916934;1.634357737
2020-08-17 20:00;2.465153561;2.070210648;-0.046265102
2020-08-17 21:00;1.966301488;1.951680696;-1.766363933
2020-08-17 22:00;4.047931285;0.628696892;-1.53983262
2020-08-17 23:00;3.726204759;1.694508101;-0.048854875
2020-08-18 00:00;1.572201495;-1.654292775;-0.154596241
2020-08-18 01:00;0.233447189;-1.988960778;-1.444633192
2020-08-18 02:00;0.188541709;-2.564331779;-0.446328332
2020-08-18 03:00;-2.624621436;-1.94479302;-1.152603649
2020-08-18 04:00;-4.509858007;-1.97914976;0.529718429
2020-08-18 05:00;-0.960999367;-0.447206165;-0.636814685
2020-08-18 06:00;-1.417372653;0.706292229;-0.343728905
2020-08-18 07:00;-1.062029048;1.426064448;1.084606728
2020-08-18 08:00;1.141781324;-0.304786673;0.178032157
2020-08-18 09:00;-0.525642287;0.3614796;-0.384346895
2020-08-18 10:00;-1.2775053;-0.818425869;-0.759576521
2020-08-18 11:00;-1.628292055;-0.001795588;-1.039326694
2020-08-18 12:00;-0.713917372;0.248580889;-0.732554444
2020-08-18 13:00;-0.075430283;0.206656691;-0.090248224
2020-08-18 14:00;0.867192491;1.969979647;0.086082686
2020-08-18 15:00;1.915115341;2.865252163;0.606794544
2020-08-18 16:00;3.04306381;2.46765574;-0.782785525
2020-08-18 17:00;3.103817602;2.182145888;-2.508532224
2020-08-18 18:00;3.803575805;1.909132112;-1.141989525
2020-08-18 19:00;4.557871401;2.57544449;-1.450173588
2020-08-18 20:00;3.215034008;2.071249998;-2.124578517
2020-08-18 21:00;2.730017087;2.59225317;-2.885427325
2020-08-18 22:00;3.5646888;2.81535919;-2.058087712
2020-08-18 23:00;5.86842832;0.651279581;-3.311195859
2020-08-19 00:00;3.732031041;-0.440229492;-3.655466244
2020-08-19 01:00;2.524128605;-2.994217392;-5.159553351
2020-08-19 02:00;0.73201186;-2.060481505;-5.571485967
2020-08-19 03:00;1.741495966;-2.671098223;-3.852361709
2020-08-19 04:00;-0.001721892;-4.141226006;-3.041983081
2020-08-19 05:00;-3.731876996;-3.835359854;-0.956547546
2020-08-19 06:00;-4.059553776;-1.966446637;-0.446987482
2020-08-19 07:00;-5.252571183;-0.672560939;-0.431579468
2020-08-19 08:00;-3.444885399;-1.571118579;-0.172367076
2020-08-19 09:00;-2.972221582;-2.221612936;-1.475535382
2020-08-19 10:00;-2.851170524;-0.962753411;-2.663477335
2020-08-19 11:00;-2.738609798;-0.571907871;-0.668295312
2020-08-19 12:00;-1.727117843;-1.057548835;-0.420471621
2020-08-19 13:00;-0.924364386;-0.292793297;-0.376173612
2020-08-19 14:00;0.334057808;-0.209143972;-1.667795578
2020-08-19 15:00;0.726407172;-0.633561314;-1.929674871
2020-08-19 16:00;-0.824303791;-0.735062737;-0.063476253
2020-08-19 17:00;-3.427539718;-1.244888418;-2.471079737
2020-08-19 18:00;-3.243431889;-0.645651012;-2.562906581
2020-08-19 19:00;-2.287625519;1.148251857;-1.089467421
2020-08-19 20:00;0.978302532;-0.787932146;-0.58582545
2020-08-19 21:00;-1.62444054;-2.149201915;0.027607574
2020-08-19 22:00;-2.289852997;-1.128777606;-1.137707324
2020-08-19 23:00;-1.261352253;-1.045522098;-1.400054544
2020-08-20 00:00;-1.413835953;-0.952957099;-1.226688961
2020-08-20 01:00;-1.080146243;-0.792665659;-1.662554867
2020-08-20 02:00;-2.037433523;-2.938768088;-1.745476713
2020-08-20 03:00;-1.229981672;-2.342479249;-2.305723971
2020-08-20 04:00;-2.367295009;-2.399477129;-1.818180593
2020-08-20 05:00;-4.349974967;-2.752371956;-0.791965954
2020-08-20 06:00;-3.078611212;-2.319085597;-2.267895848
2020-08-20 07:00;-3.479842702;-2.241479486;-2.463343151
2020-08-20 08:00;-2.293745534;-1.66921025;-0.38677008
2020-08-20 09:00;-1.002322169;2.024643436;-0.190359474
2020-08-20 10:00;0.691144581;1.235675298;0.159912881
2020-08-20 11:00;-0.255419981;1.223432966;0.859668707
2020-08-20 12:00;0.898385041;-0.017272548;-0.767300813
2020-08-20 13:00;0.331173288;-0.107036;-1.498095094
2020-08-20 14:00;1.361740684;1.023199316;-0.395352138
2020-08-20 15:00;2.387047798;1.219260573;0.542342915
2020-08-20 16:00;2.006559731;2.376490558;0.847796387
2020-08-20 17:00;2.823850992;2.472463268;1.583141417
2020-08-20 18:00;3.053635368;2.353926068;0.126141281
2020-08-20 19:00;2.206100333;1.231433732;0.432371016
2020-08-20 20:00;1.997095385;0.55044016;-0.23569964
2020-08-20 21:00;1.116829974;0.606918032;-1.229474251
2020-08-20 22:00;1.397416458;1.03720675;0.000722585
2020-08-20 23:00;0.986610797;1.340571817;0.251236519
2020-08-21 00:00;1.910415835;1.318825557;1.098437107
2020-08-21 01:00;3.133836164;1.923948231;1.651910656
2020-08-21 02:00;2.615419874;0.519000833;1.231302459
2020-08-21 03:00;0.57658775;0.20261109;1.050300919
2020-08-21 04:00;0.558604131;-1.819977077;1.880569333
2020-08-21 05:00;-2.467510377;-2.652944499;-0.300442298
2020-08-21 06:00;-4.894906492;-1.616050713;-1.557660048
2020-08-21 07:00;-4.041764257;-1.222183605;-0.530531746
2020-08-21 08:00;-3.127975137;-1.446984795;1.151932069
2020-08-21 09:00;-3.02192792;0.133214814;1.320257362
2020-08-21 10:00;-2.308472997;-0.323194837;0.496229885
2020-08-21 11:00;-1.433853379;0.111387329;1.213792741
2020-08-21 12:00;-1.407010347;-0.450105174;0.344192426
2020-08-21 13:00;-2.05039077;-1.294960649;-0.084700591
2020-08-21 14:00;-2.954521013;-2.007510877;0.818468543
2020-08-21 15:00;-2.169857404;-1.463601848;0.043226979
2020-08-21 16:00;-2.686651923;-0.071598695;0.361371153
2020-08-21 17:00;-2.009972996;-0.553393598;-0.013397498
2020-08-21 18:00;-1.310236041;-0.493691618;1.838623516
2020-08-21 19:00;-1.173129596;0.565552407;0.795959221
2020-08-21 20:00;0.578592713;0.424045374;1.0780826
2020-08-21 21:00;0.303110507;-0.328775552;-0.184373781
2020-08-21 22:00;1.493655478;-0.272525062;-0.389923797
2020-08-21 23:00;1.199181559;-0.695051469;-0.203089501
2020-08-22 00:00;1.223784334;1.337176132;1.213442935
2020-08-22 01:00;1.732001581;1.501413826;2.022863546
2020-08-22 02:00;1.984972474;0.401062288;1.060441023
2020-08-22 03:00;0.110926942;1.820970447;0.452375433
2020-08-22 04:00;1.803405247;-0.240843476;0.020177239
2020-08-22 05:00;1.295248139;-0.641908071;-1.713407487
2020-08-22 06:00;-0.413032447;-0.697239118;-1.990363424
2020-08-22 07:00;-0.979126189;-0.080885027;-2.48404681
2020-08-22 08:00;0.674239995;-1.761956008;-2.218734348
2020-08-22 09:00;-0.946000605;-2.467338395;-2.373897287
2020-08-22 10:00;-2.252459634;-2.14311768;-2.265724504
2020-08-22 11:00;-1.274625024;-1.296471262;-4.384148275
2020-08-22 12:00;-0.717501725;-2.486798875;-4.423953672
2020-08-22 13:00;-2.709263159;-0.314564108;-4.768571947
2020-08-22 14:00;0.137422697;1.160989962;-2.840645675
2020-08-22 15:00;1.664308946;0.438279054;-3.870001409
2020-08-22 16:00;-0.04140281;-0.071138473;-3.039983158
2020-08-22 17:00;0.511931783;0.661330377;-1.886423623
2020-08-22 18:00;1.698252274;1.761303764;-3.187151283
2020-08-22 19:00;1.90624902;-0.197639939;-3.217302187
2020-08-22 20:00;0.687337243;1.010618596;-3.987937783
2020-08-22 21:00;0.626098041;0.489012588;-3.113835669
2020-08-22 22:00;1.874888779;0.201532295;-3.080826148
2020-08-22 23:00;1.981860658;0.132149915;-3.236164079
2020-08-23 00:00;1.215774315;0.190278393;-2.5158068
2020-08-23 01:00;-1.522780977;-0.282100448;-2.553925682
2020-08-23 02:00;-2.343603899;0.893168593;-0.234420441
2020-08-23 03:00;-1.399145804;0.320568289;-1.620112951
2020-08-23 04:00;-1.942969534;-1.164733542;0.895403756
2020-08-23 05:00;-3.175628548;0.176296181;0.722760275
2020-08-23 06:00;-2.114305171;-0.077517179;0.44872099
2020-08-23 07:00;-0.968379565;-0.537450108;0.908674312
2020-08-23 08:00;-0.201566154;0.162687753;1.558775773
2020-08-23 09:00;-0.430398226;-0.104201979;0.106393089
2020-08-23 10:00;0.50638135;0.434816532;1.433521704
2020-08-23 11:00;-0.606270822;1.559987921;1.475585024
2020-08-23 12:00;-0.174972359;0.616427027;0.844550149
2020-08-23 13:00;0.693458536;-0.256950087;0.788563622
2020-08-23 14:00;0.310697239;-1.57085801;0.476746887
2020-08-23 15:00;-2.469001122;-0.886201004;1.231106959
2020-08-23 16:00;-2.651827352;-0.270520745;2.663000998
2020-08-23 17:00;-2.499933958;1.114269746;1.136455835
2020-08-23 18:00;0.031772391;-0.909451502;0.904892457
2020-08-23 19:00;-0.553409716;-1.862180132;0.579982169
2020-08-23 20:00;-2.907054729;-1.567763704;0.742369289
2020-08-23 21:00;-3.434153656;-0.424919984;-0.830936828
2020-08-23 22:00;-2.205397359;-0.311547793;0.826222915
2020-08-23 23:00;-1.167528156;0.740960496;0.850405593
2020-08-24 00:00;1.077378337;1.340829083;1.940361068
2020-08-24 01:00;-0.190532551;1.84165069;2.759044956
2020-08-24 02:00;0.371609606;1.249007067;2.758055904
2020-08-24 03:00;0.928126279;1.122568691;2.664099518
2020-08-24 04:00;-0.248171297;1.691658713;2.096320563
2020-08-24 05:00;2.505777601;1.948250677;1.322586926
2020-08-24 06:00;3.016725434;3.01125757;-0.199264757
2020-08-24 07:00;3.71630046;1.404978926;-0.468504853
2020-08-24 08:00;3.260721393;0.827671756;-0.059386647
2020-08-24 09:00;1.902672773;0.488354065;-0.823154141
2020-08-24 10:00;1.829244844;0.172516284;-0.047919251
2020-08-24 11:00;0.632999535;-0.180734739;-0.006015305
2020-08-24 12:00;-0.308189852;-0.102973019;-0.805450204
2020-08-24 13:00;0.948610464;-0.106333153;-0.940493891
2020-08-24 14:00;-1.139570649;-1.184311156;-0.999630234
2020-08-24 15:00;-2.462172294;0.365339347;0.747432274
2020-08-24 16:00;-0.238647856;-0.285815439;0.902432737
2020-08-24 17:00;-0.748425926;0.559498865;1.065392935
2020-08-24 18:00;0.79184457;-0.361539399;-0.392849029
2020-08-24 19:00;-0.526745289;-0.227251165;0.912477758
2020-08-24 20:00;-2.634463843;-0.993327165;1.542606979
2020-08-24 21:00;-1.751417097;-1.940328476;1.542047543
2020-08-24 22:00;-2.934182037;-0.487755927;0.87566026
2020-08-24 23:00;-1.568436369;-1.81192215;0.426571326
2020-08-25 00:00;-1.516352897;-0.108368006;0.096980768
2020-08-25 01:00;-2.467117662;0.055908691;-0.277936147
2020-08-25 02:00;-0.451189098;-1.086774459;-0.37125862
2020-08-25 03:00;-1.320875977;-0.842946483;-0.972833934
2020-08-25 04:00;0.262505108;1.431669796;0.670650556
2020-08-25 05:00;0.803702493;2.445428841;0.680321266
2020-08-25 06:00;1.388692572;1.130030483;-0.239220468
2020-08-25 07:00;0.291303195;0.18966475;-1.431494373
2020-08-25 08:00;-1.2715853;2.187877257;-0.773655553
2020-08-25 09:00;1.308939403;1.906345345;0.330712682
2020-08-25 10:00;1.202854457;2.372868705;0.541572647
2020-08-25 11:00;-0.182850568;1.789771617;0.95672388
2020-08-25 12:00;2.552054647;2.563628381;-0.350802008
2020-08-25 13:00;1.334987027;2.60473148;1.606123537
2020-08-25 14:00;2.735747852;2.901834872;-0.256552433
2020-08-25 15:00;3.415948209;3.573630148;0.702216662
2020-08-25 16:00;3.749458165;1.521407078;1.615592666
2020-08-25 17:00;2.128830074;0.700654792;-1.598513579
2020-08-25 18:00;2.966838154;1.84844797;-0.898043812
2020-08-25 19:00;3.564641409;1.434788107;-1.604243114
2020-08-25 20:00;1.681136516;0.382302712;-0.726254611
2020-08-25 21:00;2.296352557;0.218677446;-1.119329327
2020-08-25 22:00;2.051753238;-0.271519974;-0.807091859
2020-08-25 23:00;0.681628133;-0.273299677;1.084521027
2020-08-26 00:00;0.925556422;1.295206228;0.545546843
2020-08-26 01:00;0.76187784;2.258536013;0.53630736
2020-08-26 02:00;1.587755106;1.107644715;1.074860752
2020-08-26 03:00;1.600238538;-0.110534485;1.110070047
2020-08-26 04:00;0.746668974;0.384102785;1.31657339
2020-08-26 05:00;1.008694691;-0.050476942;2.522437702
2020-08-26 06:00;0.758644952;-1.520610609;2.19613414
2020-08-26 07:00;-0.621586711;-1.148027023;0.275237641
2020-08-26 08:00;-2.020685255;-0.02400873;1.270912178
2020-08-26 09:00;-1.555052079;0.911983586;1.699140379
2020-08-26 10:00;-0.175866658;1.376961393;2.090993896
2020-08-26 11:00;1.699883943;1.033120401;0.775427079
2020-08-26 12:00;1.170012207;0.368253908;1.237543411
2020-08-26 13:00;1.734862135;0.395114862;0.679557653
2020-08-26 14:00;0.671661444;0.5567605;0.589937151
2020-08-26 15:00;1.456614198;0.019828594;0.586017209
2020-08-26 16:00;-1.312536013;-0.701489168;-0.036579471
2020-08-26 17:00;-2.279446856;0.428486394;-0.355124928
2020-08-26 18:00;-2.588872345;-0.04958813;-1.021243611
2020-08-26 19:00;-0.806147525;1.90623064;0.10145131
2020-08-26 20:00;-0.22073272;2.136599506;0.293244612
2020-08-26 21:00;1.214436231;2.117425169;0.223641651
2020-08-26 22:00;2.522015579;3.667663823;0.217679521
2020-08-26 23:00;3.397913452;3.393750803;1.207341025
2020-08-27 00:00;4.34812686;3.692132526;-0.29161011
2020-08-27 01:00;3.791313256;2.964301368;-0.054899878
2020-08-27 02:00;3.600836392;2.027817259;-0.688202842
2020-08-27 03:00;3.574868272;1.512576448;-2.192320529
2020-08-27 04:00;2.163443261;0.777995766;-2.557755664
2020-08-27 05:00;2.645749701;-1.787175688;-1.753749394
2020-08-27 06:00;-0.734354231;-1.963179971;-0.199994806
2020-08-27 07:00;-2.885371698;-2.073693377;-0.107364642
2020-08-27 08:00;-2.530192819;-2.065392087;0.574607512
2020-08-27 09:00;-3.13413049;-3.335020014;0.181720472
2020-08-27 10:00;-4.306645748;-2.006857594;-0.02112302
2020-08-27 11:00;-1.758373387;2.115580653;0.462793509
2020-08-27 12:00;1.947437229;0.092510048;-0.257055115
2020-08-27 13:00;1.179052613;2.309063755;-1.542767027
2020-08-27 14:00;3.115538045;2.413553566;-1.528583239
2020-08-27 15:00;4.842865874;2.03231951;-1.995011348
2020-08-27 16:00;2.289995854;1.846077974;-1.362961492
2020-08-27 17:00;2.731751042;2.053361397;-0.471810903
2020-08-27 18:00;3.757378937;2.154071337;-1.011706949
2020-08-27 19:00;3.541291386;1.888921067;-0.511222729
2020-08-27 20:00;4.016749286;1.445099234;1.330143456
2020-08-27 21:00;2.309145668;2.747833007;0.58034457
2020-08-27 22:00;3.411975081;3.998776488;1.175080428
2020-08-27 23:00;5.458532066;1.688796972;-0.478327161
2020-08-28 00:00;3.160099691;2.204449086;-1.061212519
2020-08-28 01:00;4.48612656;3.243288191;-1.316357668
2020-08-28 02:00;7.027308032;3.50739047;-1.012360005
2020-08-28 03:00;5.274218819;1.016645349;-1.45675935
2020-08-28 04:00;4.614457737;0.116137486;-0.118657957
2020-08-28 05:00;3.069822921;-0.267208956;-0.434793403
2020-08-28 06:00;1.045777112;1.903821826;0.439888716
2020-08-28 07:00;0.98898895;1.595887342;0.538084822
2020-08-28 08:00;1.865978889;1.375860953;-0.900214358
2020-08-28 09:00;1.58735253;1.215841149;-0.929263025
2020-08-28 10:00;0.905291142;1.097338518;-1.86292204
2020-08-28 11:00;1.569904032;1.036960541;-0.627736197
2020-08-28 12:00;2.792352433;0.926955792;-0.323544839
2020-08-28 13:00;3.319162535;1.414710054;0.243658041
2020-08-28 14:00;4.105932765;0.978524149;1.027680154
2020-08-28 15:00;3.413205733;-0.707920308;0.753743207
2020-08-28 16:00;0.842270256;-1.024829477;-0.546099174
2020-08-28 17:00;-0.028154395;-0.435041098;1.5762369
2020-08-28 18:00;-0.181959086;-0.11635364;2.352820851
2020-08-28 19:00;0.663492915;-2.612232991;1.613247258
2020-08-28 20:00;-1.497178932;-1.259402189;2.27752466
2020-08-28 21:00;-2.660485121;-1.296019625;1.206837591
2020-08-28 22:00;-1.396714315;-1.458009161;-0.690113231
2020-08-28 23:00;-3.375918295;0.259076952;-0.388836347
2020-08-29 00:00;-1.788355503;-0.105490917;-1.515396518
2020-08-29 01:00;-0.697415446;1.087677453;-0.501779849
2020-08-29 02:00;-1.024213128;1.829202818;-1.511993982
2020-08-29 03:00;2.185402092;1.252849933;1.02562385
2020-08-29 04:00;0.793760604;1.689727374;0.331751964
2020-08-29 05:00;2.442796448;2.87231449;-0.575304065
2020-08-29 06:00;4.570526896;1.79511082;0.77812985
2020-08-29 07:00;3.008378985;0.865900247;0.674059877
2020-08-29 08:00;1.536022218;0.801673783;0.897883898
2020-08-29 09:00;2.174199376;-0.368963415;0.185059197
2020-08-29 10:00;0.413260275;0.355000019;1.67794024
2020-08-29 11:00;-1.51790186;0.325913147;2.508548645
2020-08-29 12:00;-1.511499738;0.998681813;4.221866857
2020-08-29 13:00;-1.471779839;1.207593596;4.524001915
2020-08-29 14:00;-3.723720586;-0.465722345;2.763405421
2020-08-29 15:00;-1.929929738;0.680506258;1.857360555
2020-08-29 16:00;-0.332938419;-0.050932042;1.329323089
2020-08-29 17:00;-0.401585078;-1.054167097;2.152990117
2020-08-29 18:00;-1.314735586;-0.959147498;2.66944457
2020-08-29 19:00;-2.536717187;0.418635753;2.938307642
2020-08-29 20:00;-0.063532856;0.046724205;4.263259306
2020-08-29 21:00;-0.415849827;1.683416667;5.052277609
2020-08-29 22:00;0.17059467;2.542322846;3.294813366
2020-08-29 23:00;1.347886629;3.506984035;3.162617577
2020-08-30 00:00;3.569008159;1.173060111;3.11260892
2020-08-30 01:00;3.04729202;-0.564557924;2.269858244
2020-08-30 02:00;1.301631351;-2.032608078;2.565443289
2020-08-30 03:00;-0.570202165;-0.93553063;0.697431184
2020-08-30 04:00;-0.897646509;-0.23261781;-0.668835765
2020-08-30 05:00;0.200625223;-1.061992424;-1.645695516
2020-08-30 06:00;-2.009342985;-1.135823393;-1.212408753
2020-08-30 07:00;-2.102036015;-2.035120267;-0.450447886
2020-08-30 08:00;-4.198388194;-1.460934125;-0.345533522
2020-08-30 09:00;-2.777244064;-1.961888942;0.114606644
2020-08-30 10:00;-2.422840925;-1.984376822;-0.438305341
2020-08-30 11:00;-3.893990917;-2.014509482;-0.331194119
2020-08-30 12:00;-2.26452888;1.390078296;0.335149798
2020-08-30 13:00;-0.576539166;1.723185068;-1.025895495
2020-08-30 14:00;0.550987489;-0.712198054;-0.037560759
2020-08-30 15:00;0.307102828;0.488925247;-0.144178344
2020-08-30 16:00;0.825401874;2.775107297;-1.225449171
2020-08-30 17:00;2.17716492;1.45270783;0.541881757
2020-08-30 18:00;2.255571362;1.301755045;-1.10618768
2020-08-30 19:00;0.315247525;1.17174888;-1.244281134
2020-08-30 20:00;0.167880679;0.205706579;-1.07165493
2020-08-30 21:00;1.656807389;0.454977286;-0.726198237
2020-08-30 22:00;2.81460827;-0.174073163;0.77951273
2020-08-30 23:00;1.657487501;-1.135791008;-1.277008551
2020-08-31 00:00;0.787092184;-2.583442029;-1.156025016
2020-08-31 01:00;-0.928383878;-3.207306184;-1.32118623
2020-08-31 02:00;-2.964904709;-2.598537605;-1.974354732
2020-08-31 03:00;-2.873147222;-3.272278193;-0.816862833
2020-08-31 04:00;-4.574880157;-2.382085814;-0.265098513
2020-08-31 05:00;-4.990979034;-0.490309746;-1.254882219
2020-08-31 06:00;-3.681141499;-1.085615688;-2.765563111
2020-08-31 07:00;-1.743011665;-0.708630249;-1.695632303
2020-08-31 08:00;-1.460000924;-2.006993619;0.8746199
2020-08-31 09:00;-1.871839242;-1.412022193;2.18077704
2020-08-31 10:00;-3.170091712;0.620046115;2.046718161
2020-08-31 11:00;-2.445899683;-0.859153751;2.384846739
2020-08-31 12:00;-0.768956926;-0.416197842;0.780287535
2020-08-31 13:00;-1.774471204;-0.315515239;-0.190883332
2020-08-31 14:00;0.019709466;0.117589543;-0.93799035
2020-08-31 15:00;0.143326429;0.886685798;-0.395223789
2020-08-31 16:00;0.934569986;0.90422278;0.737942311
2020-08-31 17:00;2.420302039;0.117452193;2.16716755
2020-08-31 18:00;1.66730667;0.698692639;2.547747838
2020-08-31 19:00;1.026315045;2.437947518;0.529892799
2020-08-31 20:00;2.730294926;1.481089183;1.910372883
2020-08-31 21:00;1.919365252;1.846370422;0.959544528
2020-08-31 22:00;1.970068677;-0.590120423;1.065060251
2020-08-31 23:00;0.124936887;-2.155691398;1.406139882
2020-09-01 00:00;-1.363677618;-0.722603035;-0.828673465
2020-09-01 01:00;-0.498626718;-0.034608029;0.344568464
2020-09-01 02:00;0.388171731;1.450769005;0.349415887
2020-09-01 03:00;1.91943289;1.312727477;-0.056257261
2020-09-01 04:00;3.200316359;1.36199427;0.507238592
2020-09-01 05:00;1.588304023;0.324444728;3.193993955
2020-09-01 06:00;-0.29983715;1.598290235;1.739966191
2020-09-01 07:00;1.296477864;1.900987655;1.43210484
2020-09-01 08:00;2.739067715;-0.52494566;3.264601917
2020-09-01 09:00;0.80263198;1.006517983;3.348009946
2020-09-01 10:00;-0.599487341;1.444288416;2.239313613
2020-09-01 11:00;0.537317242;2.524159482;2.086643316
2020-09-01 12:00;0.163076528;2.042651393;0.7563527
2020-09-01 13:00;0.009805248;1.226487936;1.139510346
2020-09-01 14:00;0.663990366;0.355199347;2.847365524
2020-09-01 15:00;0.068395976;-0.040709035;1.368871735
2020-09-01 16:00;0.015848855;0.318898757;1.969778241
2020-09-01 17:00;-0.282066325;0.106770127;0.702762366
2020-09-01 18:00;-1.805122021;-0.847498307;0.413096851
2020-09-01 19:00;-1.646067112;-1.605033192;1.282105347
2020-09-01 20:00;-1.521326577;-1.825232174;1.727629425
2020-09-01 21:00;-2.211736416;-2.55038879;-0.641687212
2020-09-01 22:00;-4.610744946;-1.814624309;0.150713088
2020-09-01 23:00;-3.875127906;-1.584078896;-0.814886303
2020-09-02 00:00;-2.389562382;-2.143144819;-0.270346712
2020-09-02 01:00;-2.302248186;-1.289222349;-2.285029927
2020-09-02 02:00;-1.714742421;-0.203392615;-3.849116988
2020-09-02 03:00;-1.136586725;-0.346279297;-3.143809959
2020-09-02 04:00;-0.985509183;-0.643733675;-2.513837253
2020-09-02 05:00;1.043097621;-1.80239485;-1.558300925
2020-09-02 06:00;-1.367341553;-1.592304385;-0.852333107
2020-09-02 07:00;-2.434570603;0.75275737;0.682337308
2020-09-02 08:00;-0.371962715;2.584074399;0.970491905
2020-09-02 09:00;2.888065338;1.921273994;1.771395851
2020-09-02 10:00;3.576188064;0.973894752;-0.411520555
2020-09-02 11:00;1.286373271;1.995536823;-1.076808899
2020-09-02 12:00;2.608182683;3.372839676;-1.257225842
2020-09-02 13:00;4.369882437;2.613601961;-1.693414371
2020-09-02 14:00;3.716175055;0.038530331;-2.250098757
2020-09-02 15:00;0.819373356;-1.054483511;-3.510119445
2020-09-02 16:00;-1.249827132;-0.684375714;-4.785973537
2020-09-02 17:00;-1.021479452;-2.685435536;-2.642439443
2020-09-02 18:00;-2.36699303;-0.351841255;-1.067577012
2020-09-02 19:00;-2.117202382;-2.613075414;-0.90701611
2020-09-02 20:00;-4.190291925;-1.05895254;0.557107392
2020-09-02 21:00;-3.649113;0.882094086;-2.002830122
2020-09-02 22:00;-1.189675603;0.779601193;-1.229488837
2020-09-02 23:00;1.781821097;-1.027573932;-2.109684989
2020-09-03 00:00;0.736673883;1.671161526;-1.712641616
2020-09-03 01:00;1.426445348;1.571125776;-1.113984734
2020-09-03 02:00;0.56952397;1.352111113;-1.457550043
2020-09-03 03:00;1.608205353;1.411798562;-2.920799743
2020-09-03 04:00;3.264607123;0.857268803;-1.818156441
2020-09-03 05:00;3.150962589;-0.019463571;-2.809212193
2020-09-03 06:00;3.246542711;-0.914482243;-0.744531566
2020-09-03 07:00;1.730413728;-1.760817824;-1.132854591
2020-09-03 08:00;0.454133773;-1.185250091;-0.846588899
2020-09-03 09:00;0.314625762;-1.135700377;-2.359756907
2020-09-03 10:00;0.587168405;-2.15045559;-1.825690323
2020-09-03 11:00;-2.781553326;-2.111889693;-0.613205725
2020-09-03 12:00;-1.49706318;-1.551384959;-0.13888761
2020-09-03 13:00;-2.603946278;-0.960762912;0.180695217
2020-09-03 14:00;-2.12816701;-0.14370247;0.285090767
2020-09-03 15:00;-0.202310994;0.726801847;1.038257439
2020-09-03 16:00;1.152615084;-1.629532445;0.56403702
2020-09-03 17:00;-0.478616991;0.277060077;0.08780959
2020-09-03 18:00;1.150926425;1.473945502;-1.452342825
2020-09-03 19:00;1.026525279;0.970986491;-0.343682396
2020-09-03 20:00;1.77199254;1.489464716;-0.288018316
2020-09-03 21:00;2.335542882;2.230747282;0.105707841
2020-09-03 22:00;0.544259223;1.188945124;0.813899595
2020-09-03 23:00;1.069572694;1.597235516;2.512429944
2020-09-04 00:00;1.319824614;0.290008673;0.3987157
2020-09-04 01:00;1.756503061;2.172708072;-1.48045963
2020-09-04 02:00;3.691086603;3.228398479;-3.239967051
2020-09-04 03:00;2.202454647;2.575186002;-2.105189356
2020-09-04 04:00;3.549209752;1.545295175;-1.739300671
2020-09-04 05:00;2.863498459;1.432898181;-1.576654612
2020-09-04 06:00;3.170591232;0.314274399;-1.469488399
2020-09-04 07:00;1.962257941;1.085020602;-1.364365356
2020-09-04 08:00;2.752342956;1.623779506;-1.569082917
2020-09-04 09:00;1.667318718;-0.79396991;-2.008202202
2020-09-04 10:00;-0.172790859;-0.314742501;0.797192536
2020-09-04 11:00;-0.252356799;1.156049714;1.42033365
2020-09-04 12:00;0.551721982;0.944159419;0.013161462
2020-09-04 13:00;0.987343954;1.057797988;0.51654238
2020-09-04 14:00;2.481701615;1.615099042;1.35761095
2020-09-04 15:00;2.549251487;1.981352875;-0.07201579
2020-09-04 16:00;2.719044382;2.628884661;-0.243886758
2020-09-04 17:00;1.31417459;1.298420717;0.871445204
2020-09-04 18:00;1.640362093;0.438108325;1.571045241
2020-09-04 19:00;2.448592957;0.630681892;0.612065157
2020-09-04 20:00;0.874658235;2.332651117;-1.194253364
2020-09-04 21:00;1.169424256;1.274906394;0.265224034
2020-09-04 22:00;1.147735116;1.749335719;0.009914609
2020-09-04 23:00;2.398606488;2.293010251;2.035158367
2020-09-05 00:00;2.294421595;0.908250594;1.217290216
2020-09-05 01:00;2.510994368;1.564151124;2.232116724
2020-09-05 02:00;1.580657278;0.85842763;0.913554622
2020-09-05 03:00;0.436484363;1.063608069;1.355736971
2020-09-05 04:00;-0.241286055;0.85519314;0.799282048
2020-09-05 05:00;-0.550337431;0.63192071;1.576861219
2020-09-05 06:00;0.344750818;-1.324625417;0.944533158
2020-09-05 07:00;-0.400113161;0.50197492;0.214734503
2020-09-05 08:00;-0.139309644;0.740613328;1.006770411
2020-09-05 09:00;0.391672912;1.52071388;-1.090963645
2020-09-05 10:00;0.530435036;2.439624686;-1.243405216
2020-09-05 11:00;1.474964438;1.890718376;-0.298022667
2020-09-05 12:00;3.477128597;2.42316053;-0.257334178
2020-09-05 13:00;3.841942688;0.501575269;-0.600935742
2020-09-05 14:00;1.45752361;0.529798807;0.092222902
2020-09-05 15:00;0.868808868;-2.271739315;-1.018469331
2020-09-05 16:00;0.745457011;0.68860738;0.553469852
2020-09-05 17:00;1.581905365;1.706124138;1.584589945
2020-09-05 18:00;1.33080486;2.541090802;1.648609325
2020-09-05 19:00;3.17412171;0.929357851;3.811315844
2020-09-05 20:00;1.941779754;0.368287196;3.277337065
2020-09-05 21:00;1.803903389;0.101984236;3.193037913
2020-09-05 22:00;0.625096164;0.925793288;2.932706022
2020-09-05 23:00;1.520176903;1.923715039;1.036070425
2020-09-06 00:00;2.865459904;1.601423558;0.362104364
2020-09-06 01:00;4.938140081;0.912804809;0.836438801
2020-09-06 02:00;2.894864988;0.841030311;1.23591506
2020-09-06 03:00;2.632309725;0.36983382;2.088427034
2020-09-06 04:00;-0.767801315;-0.088484085;3.291803231
2020-09-06 05:00;-0.143083307;-0.471000462;4.600738734
2020-09-06 06:00;-2.4906764;-0.107551649;3.405582071
2020-09-06 07:00;-1.837112062;0.350750731;3.649457957
2020-09-06 08:00;-1.208261236;0.114966468;3.589911881
2020-09-06 09:00;-0.384729331;1.12953041;3.697103333
2020-09-06 10:00;0.064524893;0.636683979;2.799060335
2020-09-06 11:00;1.298479296;1.242603556;3.036049155
2020-09-06 12:00;1.883060269;0.704856908;2.025319566
2020-09-06 13:00;0.567130838;0.622160097;1.104139125
2020-09-06 14:00;-0.365443055;1.08057119;-0.808209322
2020-09-06 15:00;-2.275815033;-0.199953414;-1.331044158
2020-09-06 16:00;-2.796363935;-1.016804841;-1.089163453
2020-09-06 17:00;-1.280719064;-1.615689159;1.271262142
2020-09-06 18:00;-2.124236753;0.157179942;-1.782727525
2020-09-06 19:00;-0.44265658;0.275315943;-3.179366124
2020-09-06 20:00;0.045787263;-0.174878854;-3.56695381
2020-09-06 21:00;0.523063776;0.239277951;-2.661575356
2020-09-06 22:00;2.947018763;0.47626052;-1.013190502
2020-09-06 23:00;2.300089248;0.509341442;-2.021659146
2020-09-07 00:00;1.455376133;0.487345334;-0.051305657
2020-09-07 01:00;0.286564011;1.447945;-1.421821926
2020-09-07 02:00;0.446130914;0.865408442;-0.092741417
2020-09-07 03:00;0.33124805;-0.074231314;0.160286978
2020-09-07 04:00;1.616444397;-1.537126314;-1.425061557
2020-09-07 05:00;0.254271553;-2.917023318;-1.32459314
2020-09-07 06:00;-2.404629592;-1.35452155;-0.833322289
2020-09-07 07:00;-3.464798733;-2.391300574;-0.827031784
2020-09-07 08:00;-3.751737169;-1.121385698;-1.374001606
2020-09-07 09:00;-2.02743504;-0.296511913;-0.078190461
2020-09-07 10:00;-0.927325358;1.38526057;0.257009769
2020-09-07 11:00;-0.368838681;0.774464844;0.150246443
2020-09-07 12:00;-0.401109246;-0.022479313;-0.291015804
2020-09-07 13:00;-1.612159301;-1.275678966;0.962654257
2020-09-07 14:00;-1.224609926;-1.473474357;2.010688096
2020-09-07 15:00;0.40087804;-0.468248598;0.107457336
2020-09-07 16:00;-1.113642374;0.848088253;-0.045322183
2020-09-07 17:00;-1.850310389;0.976263655;-0.588848924
2020-09-07 18:00;0.584067342;1.241859673;-1.447704776
2020-09-07 19:00;3.283931099;0.360201227;-2.439454063
2020-09-07 20:00;1.850985876;0.330933976;0.294320316
2020-09-07 21:00;0.599649637;1.606284025;0.189717831
2020-09-07 22:00;1.381378014;0.451815584;-1.014951037
2020-09-07 23:00;1.309893562;-0.334492798;0.129526356
2020-09-08 00:00;0.681714202;0.380224381;0.283811454
2020-09-08 01:00;1.81447049;0.868957047;0.590793416
2020-09-08 02:00;0.411897949;-0.130060064;1.103256803
2020-09-08 03:00;0.72675561;-0.599657432;-0.254899405
2020-09-08 04:00;0.305650508;0.124286042;-1.21142086
2020-09-08 05:00;-0.670420825;-0.071772122;-0.033288604
2020-09-08 06:00;0.596044202;1.649742802;0.506101491
2020-09-08 07:00;0.580098836;-0.877335592;0.813565979
2020-09-08 08:00;-1.65052582;-0.192401994;-0.423447344
2020-09-08 09:00;-1.759856421;-0.382708177;0.234300224
2020-09-08 10:00;-2.846063596;0.629866938;-0.081969646
2020-09-08 11:00;-0.98850966;1.180151094;-1.769529796
2020-09-08 12:00;1.033635839;2.365145642;-1.026250061
2020-09-08 13:00;2.594222866;1.284480797;-2.340052518
2020-09-08 14:00;2.830209778;-1.089205391;-1.247530431
2020-09-08 15:00;-0.572217135;-0.241771034;-1.380968876
2020-09-08 16:00;0.714019394;-0.996533044;-1.783378265
2020-09-08 17:00;1.040865747;-1.987655264;-1.50107517
2020-09-08 18:00;-0.517449468;-0.163001932;-1.391388245
2020-09-08 19:00;0.96067733;1.721298846;-1.068106968
2020-09-08 20:00;2.655548733;2.057654222;-0.461939747
2020-09-08 21:00;1.690714024;1.996018234;-0.646056505
2020-09-08 22:00;1.618867535;-0.620773614;0.603374111
2020-09-08 23:00;0.527067256;0.897022894;1.954033368
2020-09-09 00:00;1.988731945;1.355704056;2.187601283
2020-09-09 01:00;0.086474148;3.098938038;1.252876189
2020-09-09 02:00;1.887894474;1.096094889;0.70883453
2020-09-09 03:00;1.675064962;0.207808398;1.149835675
2020-09-09 04:00;1.227456571;1.856040961;0.128722172
2020-09-09 05:00;2.413529904;2.293532472;-0.243150413
2020-09-09 06:00;2.513192187;2.366127231;-0.220696819
2020-09-09 07:00;2.09258592;0.698546974;-0.895524746
2020-09-09 08:00;1.67365646;0.256232857;-0.752691366
2020-09-09 09:00;1.675023703;0.476730867;-1.782812747
2020-09-09 10:00;0.910741617;-0.151355074;-0.562140078
2020-09-09 11:00;0.04208344;0.00458905;0.623505433
2020-09-09 12:00;-1.187515437;1.020168199;0.437549117
2020-09-09 13:00;1.85438696;-0.636584531;0.233250495
2020-09-09 14:00;0.380968647;-0.098005901;0.265111304
2020-09-09 15:00;-2.217859206;-0.329376543;0.863177654
2020-09-09 16:00;-0.215883514;1.332528955;-0.725164349
2020-09-09 17:00;0.651281482;1.367898436;1.059155933
2020-09-09 18:00;1.275002388;0.267361111;1.257101617
2020-09-09 19:00;-0.227698629;-0.872005715;1.584620381
2020-09-09 20:00;-2.159370483;-0.264540396;2.24755356
2020-09-09 21:00;-2.801905959;-0.350949605;3.041944235
2020-09-09 22:00;-0.918512824;0.845143954;0.985787913
2020-09-09 23:00;2.477924129;1.203360274;-0.84294309
2020-09-10 00:00;1.795157626;0.924703552;-2.530874051
2020-09-10 01:00;2.782096693;0.298218968;-3.190862158
2020-09-10 02:00;2.411735115;0.559671951;-0.415263622
2020-09-10 03:00;1.835764418;1.28155153;-0.432607454
2020-09-10 04:00;1.689722707;0.010062825;-0.268440194
2020-09-10 05:00;0.002453823;2.078231494;-1.465467669
2020-09-10 06:00;2.064472018;2.911908505;-0.877643439
2020-09-10 07:00;5.406801239;0.682425977;-0.087641987
2020-09-10 08:00;4.645763678;0.451830628;-1.305270878
2020-09-10 09:00;3.774679121;-0.679699017;-1.043345983
2020-09-10 10:00;1.850970925;-0.509157164;-1.877930144
2020-09-10 11:00;1.145819049;-0.137034999;-2.044625598
2020-09-10 12:00;0.173005876;-1.186827797;-2.754021515
2020-09-10 13:00;-1.604833894;-2.091224304;-3.331621413
2020-09-10 14:00;-2.327217992;-1.403825372;-1.660248502
2020-09-10 15:00;-3.213657357;-1.763186875;1.499986126
2020-09-10 16:00;-3.870541349;-0.627624156;2.211958452
2020-09-10 17:00;-2.633763055;-0.441461315;2.292093812
2020-09-10 18:00;-2.425620868;-0.892656847;2.633267368
2020-09-10 19:00;-1.636581266;-0.017836039;3.921500591
2020-09-10 20:00;-1.588949797;-1.218080942;2.837150024
2020-09-10 21:00;-2.745478112;0.282188073;3.989905681
2020-09-10 22:00;-2.276959638;1.065101118;2.84627359
2020-09-10 23:00;-1.168751046;1.778194362;2.55960364
2020-09-11 00:00;0.37404417;2.662514006;1.626154615
2020-09-11 01:00;2.676812788;1.923599286;2.22068675
2020-09-11 02:00;1.500238333;1.828948939;2.457489507
2020-09-11 03:00;0.695772162;3.246209014;0.819788457
2020-09-11 04:00;2.803112061;1.638971754;-0.186983219
2020-09-11 05:00;3.054546891;0.328928186;-1.761507313
2020-09-11 06:00;0.80210221;-0.324939153;-2.321215771
2020-09-11 07:00;-0.12552018;1.039151814;-2.672554125
2020-09-11 08:00;0.156233063;0.579589414;-1.197139861
2020-09-11 09:00;1.565280421;1.067796143;0.629404579
2020-09-11 10:00;1.766790475;0.935652405;1.356358896
2020-09-11 11:00;1.158523891;-0.179419207;1.411365378
2020-09-11 12:00;-0.219022287;0.588624634;1.442827743
2020-09-11 13:00;-1.01416993;-1.391148222;0.331342922
2020-09-11 14:00;-2.167822901;-1.859626786;1.655947527
2020-09-11 15:00;-1.664577331;-1.296585656;3.110308686
2020-09-11 16:00;-3.24860553;0.799297996;2.820921377
2020-09-11 17:00;-2.354799193;0.798103795;3.919537445
2020-09-11 18:00;-1.039273721;0.175296441;4.187064857
2020-09-11 19:00;-1.481148504;1.55693603;3.527366407
2020-09-11 20:00;-1.142901334;1.458907744;2.973245505
2020-09-11 21:00;0.030453871;0.858359452;1.967865754
2020-09-11 22:00;1.231880271;2.310342815;-0.846306006
2020-09-11 23:00;0.590664742;1.909405979;-0.681207681
2020-09-12 00:00;0.728988951;2.604687029;0.881661672
2020-09-12 01:00;2.187890229;1.788180483;-0.706906247
2020-09-12 02:00;2.981675684;1.291664277;-0.385570811
2020-09-12 03:00;3.289595571;1.548577977;-1.375615884
2020-09-12 04:00;3.295886552;1.063119465;-0.989565904
2020-09-12 05:00;2.193760183;-0.552487916;-2.629766879
2020-09-12 06:00;0.279517146;-0.411103468;-2.282401855
2020-09-12 07:00;0.567547312;-1.760244412;-2.003590963
2020-09-12 08:00;-1.191823636;-1.440854757;-1.584949162
2020-09-12 09:00;-0.733624985;-0.695044377;-2.546243058
2020-09-12 10:00;-2.232390082;-1.590756152;-2.285674781
2020-09-12 11:00;-2.836781535;-1.750286583;-2.312976331
2020-09-12 12:00;-1.495567688;-0.797801759;-2.398323801
2020-09-12 13:00;-1.346140101;-0.80462837;-1.589033748
2020-09-12 14:00;1.235343621;-1.338253801;-3.806467311
2020-09-12 15:00;1.175760092;-1.102226717;-2.174170249
2020-09-12 16:00;-1.105347187;0.617055999;-2.699276128
2020-09-12 17:00;-0.860370165;-0.735853647;-3.39783508
2020-09-12 18:00;-1.348847129;-0.652048394;-3.935738786
2020-09-12 19:00;-1.443810311;-1.984118294;-3.442117188
2020-09-12 20:00;-2.469815197;-0.577793227;-2.170635581
2020-09-12 21:00;-0.362852898;-0.451836472;-1.5698182
2020-09-12 22:00;-1.442025353;0.075510031;-1.087112733
2020-09-12 23:00;0.519261214;1.057009564;-0.311544577
2020-09-13 00:00;0.927746797;0.558817533;-0.576832184
2020-09-13 01:00;2.546832986;1.719691767;-1.700349241
2020-09-13 02:00;4.516143546;1.030601001;-2.504707877
2020-09-13 03:00;5.713721598;0.284017768;-0.184038407
2020-09-13 04:00;2.950231499;-0.170461719;-0.996429873
2020-09-13 05:00;1.924953353;1.051796709;0.311375714
2020-09-13 06:00;1.093332594;0.805787026;-0.666713882
2020-09-13 07:00;-0.253983555;-1.184552617;1.873984982
2020-09-13 08:00;-0.706062079;1.539428737;2.676855226
2020-09-13 09:00;2.24580378;0.014258065;1.196864936
2020-09-13 10:00;0.540689313;1.089073644;1.494760457
2020-09-13 11:00;0.661805531;1.026208211;-0.447638802
2020-09-13 12:00;1.996177596;-0.619948292;0.244050118
2020-09-13 13:00;1.572456304;-1.171257355;0.431514007
2020-09-13 14:00;-0.176599275;-0.170566554;-0.590214537
2020-09-13 15:00;-0.422420767;0.111142128;-0.261787984
2020-09-13 16:00;0.544870792;-0.421246618;0.824451608
2020-09-13 17:00;-0.502949628;-0.740025671;-1.487216459
2020-09-13 18:00;-1.354892105;1.650031409;-2.659772268
2020-09-13 19:00;2.482780969;0.85108154;-3.138714789
2020-09-13 20:00;1.909364769;0.105232997;-2.772600128
2020-09-13 21:00;3.49365779;0.507229351;-3.177404548
2020-09-13 22:00;2.905614454;-0.104437306;-2.4788795
2020-09-13 23:00;1.281817746;-2.08022294;-3.756629629
2020-09-14 00:00;-0.836291772;-2.254999325;-3.334869635
2020-09-14 01:00;-1.558154565;-0.811597351;-1.775408094
2020-09-14 02:00;-0.945676595;-2.286337801;-4.319789707
2020-09-14 03:00;-2.260186081;-1.844995059;-2.473785312
2020-09-14 04:00;-2.333412292;-0.983470479;-0.628678855
2020-09-14 05:00;-1.771295103;0.08981178;1.858739267
2020-09-14 06:00;-1.102317846;0.124551121;2.380363836
2020-09-14 07:00;-1.189653233;-0.361863809;3.625613166
2020-09-14 08:00;-2.428986042;0.339168863;3.463889444
2020-09-14 09:00;-0.750541925;1.169560372;2.21000633
2020-09-14 10:00;-0.540225093;2.189673177;2.107418157
2020-09-14 11:00;1.589051866;0.794331132;0.585870193
2020-09-14 12:00;1.512338663;0.784268605;-0.526983681
2020-09-14 13:00;1.606713591;0.744550743;0.877634833
2020-09-14 14:00;1.327081813;0.804547837;0.469745937
2020-09-14 15:00;1.908653149;2.270609688;2.873079599
2020-09-14 16:00;1.331308806;2.959332582;1.608763808
2020-09-14 17:00;2.63683429;4.317923487;1.444929083
2020-09-14 18:00;5.878215778;4.200741879;1.672778046
2020-09-14 19:00;4.933978767;3.679995827;0.610212682
2020-09-14 20:00;5.447477093;1.064442562;0.133228431
2020-09-14 21:00;4.623456477;0.999510901;0.460612851
2020-09-14 22:00;0.994994835;2.231647917;-0.762877429
2020-09-14 23:00;0.00805541;1.638069309;-1.284835148
2020-09-15 00:00;-0.025414677;2.731723623;-2.972002564
2020-09-15 01:00;1.959366219;-0.151303025;-2.789305928
2020-09-15 02:00;0.026281087;-1.001459605;-2.937928968
2020-09-15 03:00;-2.639070751;-0.316896439;-1.967827657
2020-09-15 04:00;-1.697546609;0.353242393;-2.023931627
2020-09-15 05:00;-0.112802438;0.577719496;-1.780103942
2020-09-15 06:00;-0.283433476;1.443654418;-1.701638738
2020-09-15 07:00;-0.311465476;2.362265659;-1.696157496
2020-09-15 08:00;3.062019307;1.590465391;0.217945651
2020-09-15 09:00;4.343788866;-0.071376123;1.157296744
2020-09-15 10:00;1.203452258;0.753081636;2.113880049
2020-09-15 11:00;1.197755993;-1.002001512;-0.311514762
2020-09-15 12:00;0.473423682;-0.274125098;0.50161941
2020-09-15 13:00;0.802914037;1.372278789;-1.151717953
2020-09-15 14:00;1.377918738;2.033954395;-2.099851758
2020-09-15 15:00;2.685382861;0.964561487;-0.733638379
2020-09-15 16:00;2.774555644;0.741878068;-0.663702635
2020-09-15 17:00;2.902880244;1.343395083;0.215913348
2020-09-15 18:00;1.628971733;2.091272332;1.762922903
2020-09-15 19:00;1.263328144;1.057687856;0.353231755
2020-09-15 20:00;0.574591092;0.70487309;-0.615710087
2020-09-15 21:00;0.709672572;-1.031143447;-3.910016702
2020-09-15 22:00;-0.074431909;0.822400414;-2.463805892
2020-09-15 23:00;-1.280279536;2.274395002;-0.929276657
2020-09-16 00:00;0.870253372;1.776895287;-0.853040705
2020-09-16 01:00;2.339246698;0.283380951;1.085576867
2020-09-16 02:00;0.507156811;1.102502902;1.102908209
2020-09-16 03:00;2.489404589;1.453455931;0.586449017
2020-09-16 04:00;3.419576329;2.254595242;1.477291972
2020-09-16 05:00;3.15475844;-0.146030012;0.649965369
2020-09-16 06:00;1.079782608;-0.435774008;-0.191174302
2020-09-16 07:00;0.257741353;-2.922209807;-1.631356917
2020-09-16 08:00;-1.288407455;-1.651721162;-1.545665835
2020-09-16 09:00;-0.693919512;0.593309351;-1.975163329
2020-09-16 10:00;0.230956089;1.652338287;-1.002421705
2020-09-16 11:00;2.747594377;1.581798747;-2.571510751
2020-09-16 12:00;3.825656183;0.536319805;-3.692978062
2020-09-16 13:00;1.971809941;0.878121181;-2.970819821
2020-09-16 14:00;0.64542481;1.57560816;-4.158113692
2020-09-16 15:00;0.205754288;0.237274104;-2.806938882
2020-09-16 16:00;0.250016473;-1.297492828;-0.898130863
2020-09-16 17:00;-1.370411888;-1.177436839;-0.092820114
2020-09-16 18:00;-0.745772668;-0.764259541;-2.464216995
2020-09-16 19:00;-1.99514294;-1.757561863;-2.971318727
2020-09-16 20:00;-1.26106579;-0.230887339;-1.742667559
2020-09-16 21:00;-1.490084182;0.180392732;-1.406701522
2020-09-16 22:00;-0.204862574;0.89339993;-2.133004856
2020-09-16 23:00;-0.512303471;1.206164035;-1.123561894
2020-09-17 00:00;0.480672977;1.370942971;-3.34327394
2020-09-17 01:00;0.985842795;-0.218945517;-1.715386029
2020-09-17 02:00;1.544279679;2.036223557;-1.672519115
2020-09-17 03:00;0.660663213;0.277815216;-0.514625182
2020-09-17 04:00;-1.459812993;-0.659039794;-0.116063873
2020-09-17 05:00;-0.49219237;-1.138615829;0.133994923
2020-09-17 06:00;-1.23461792;-0.890161336;1.090297167
2020-09-17 07:00;-0.887880484;0.375368568;-0.111147675
2020-09-17 08:00;-0.335665766;1.983631054;2.23341566
2020-09-17 09:00;-0.106651071;1.581915728;1.700387688
2020-09-17 10:00;0.586455132;0.115809031;1.672128588
2020-09-17 11:00;-0.678805906;0.736138871;0.417846499
2020-09-17 12:00;0.683141877;0.143777649;-0.177253345
2020-09-17 13:00;0.147477911;0.803699344;-0.42288637
2020-09-17 14:00;-1.158686073;0.959740186;0.864997599
2020-09-17 15:00;0.796497783;0.353599389;-1.654231475
2020-09-17 16:00;1.12451885;0.198147522;-2.927832933
2020-09-17 17:00;2.239294633;0.303058616;-2.854477694
2020-09-17 18:00;2.159991754;1.212918971;-2.710170212
2020-09-17 19:00;2.297124663;1.109187113;-1.485408843
2020-09-17 20:00;2.590100593;1.500157402;-1.12234828
2020-09-17 21:00;3.837715952;0.533528041;-1.014336999
2020-09-17 22:00;0.507337903;0.728153916;-0.933621561
2020-09-17 23:00;-1.007259061;-0.348072592;-0.799098259
2020-09-18 00:00;-0.461836432;-1.542463176;-1.668184849
2020-09-18 01:00;-1.774190275;-1.647842305;-0.297294175
2020-09-18 02:00;-3.693585638;-1.175265704;-1.031817233
2020-09-18 03:00;-2.059044671;-2.584459273;-1.630674168
2020-09-18 04:00;-2.187138501;-0.406538206;-1.228105483
2020-09-18 05:00;-2.572622428;-1.861659797;-0.609470597
2020-09-18 06:00;-1.093287353;-0.627134993;-1.56892647
2020-09-18 07:00;-1.41083736;-1.024938433;-1.327833735
2020-09-18 08:00;-1.847375588;-0.988013819;0.68170395
2020-09-18 09:00;-0.730042672;-0.370127442;-0.256053652
2020-09-18 10:00;-1.36106833;-2.479347512;-0.82951317
2020-09-18 11:00;-2.072500992;-1.375071107;-0.465192945
2020-09-18 12:00;0.143067023;-1.949800418;0.555122341
2020-09-18 13:00;-0.755081222;-1.777356385;-0.708920816
2020-09-18 14:00;0.369813441;-0.649311148;0.946344541
2020-09-18 15:00;-1.712268334;-0.016176547;-0.095980224
2020-09-18 16:00;-0.112335114;0.433235602;-1.925892639
2020-09-18 17:00;-0.820857054;0.358235016;-1.269782917
2020-09-18 18:00;0.89528577;0.276883937;-1.031315701
2020-09-18 19:00;-0.267161849;0.076852519;-1.168814153
2020-09-18 20:00;-0.145282585;-0.300526537;-0.907161118
2020-09-18 21:00;-0.726167419;0.432623899;-1.892752477
2020-09-18 22:00;-0.111930156;-1.38974603;0.633045744
2020-09-18 23:00;-1.404933129;0.302237371;0.320704986
2020-09-19 00:00;-0.485672565;-0.462118019;0.161695712
2020-09-19 01:00;-1.560671589;-0.517822807;-0.283497255
2020-09-19 02:00;-1.572967766;0.333923661;-1.075657602
2020-09-19 03:00;-0.69679885;0.244514272;-1.71556446
2020-09-19 04:00;0.111634042;0.481208471;-1.021798786
2020-09-19 05:00;0.500318053;-0.770597752;-0.081403339
2020-09-19 06:00;-0.482260525;-1.400841904;0.410499559
2020-09-19 07:00;-1.875790959;-0.739865876;0.69257677
2020-09-19 08:00;-3.173922372;0.551439049;0.546139511
2020-09-19 09:00;-2.682816456;-0.154477688;0.194989245
2020-09-19 10:00;-4.239380405;0.206029561;-0.544618657
2020-09-19 11:00;-1.896420906;1.286546871;-0.815552115
2020-09-19 12:00;1.193649711;1.939789903;0.138694737
2020-09-19 13:00;1.071967758;0.729447951;-0.342955811
2020-09-19 14:00;1.341089196;1.145541406;1.301628644
2020-09-19 15:00;0.172529652;-0.011629542;2.561290039
2020-09-19 16:00;-0.920436617;0.461107814;3.344951861
2020-09-19 17:00;0.517179442;0.235427425;3.236164064
2020-09-19 18:00;1.245924598;0.43153108;2.303656808
2020-09-19 19:00;1.919233634;0.19759879;2.137496436
2020-09-19 20:00;0.576635504;1.209042874;0.743761079
2020-09-19 21:00;1.167675409;1.975803686;-0.558668007
2020-09-19 22:00;2.946335776;0.135596811;-0.326580484
2020-09-19 23:00;1.100908185;1.367872428;-1.058093804
2020-09-20 00:00;1.40295542;0.806245631;-0.490260092
2020-09-20 01:00;2.373412577;0.125452562;-1.036325079
2020-09-20 02:00;2.029701161;-1.383038554;0.349679883
2020-09-20 03:00;0.133399909;-1.147567221;0.550552253
2020-09-20 04:00;1.235085722;-0.568690608;0.915951231
2020-09-20 05:00;0.010469696;-0.621364085;2.005307664
2020-09-20 06:00;0.117228731;-1.415671889;3.927252912
2020-09-20 07:00;-0.404882464;-1.531196569;3.118884983
2020-09-20 08:00;-2.656366223;-1.115058744;3.324688882
2020-09-20 09:00;-2.332618855;0.53870386;1.634024702
2020-09-20 10:00;-2.246396087;0.281384719;2.126100952
2020-09-20 11:00;-1.610550684;0.829189974;2.189102218
2020-09-20 12:00;-0.209243234;2.181751948;1.403135828
2020-09-20 13:00;-0.380216469;1.377781439;0.63421233
2020-09-20 14:00;-0.648665929;0.280367718;1.242931138
2020-09-20 15:00;-1.495390978;-0.52559321;-1.686747715
2020-09-20 16:00;-1.281154233;0.501170201;-0.463568082
2020-09-20 17:00;0.061860952;-0.034991913;-1.731314343
2020-09-20 18:00;-0.733791623;-0.257525366;-0.107341948
2020-09-20 19:00;-0.637998916;0.027096694;2.470841569
2020-09-20 20:00;-0.044374042;0.196807111;-0.719487281
2020-09-20 21:00;0.782308625;1.735213011;-1.037910717
2020-09-20 22:00;4.47353808;0.986984386;-0.773633769
2020-09-20 23:00;3.275007339;0.095628959;-2.969939285
2020-09-21 00:00;1.979526415;-2.317959528;-1.634320952
2020-09-21 01:00;-1.082764955;-2.696993871;-1.335301423
2020-09-21 02:00;-2.107148769;-2.240885125;-1.166951336
2020-09-21 03:00;-2.659276395;-2.686964151;-1.832615908
2020-09-21 04:00;-1.247195325;-2.074617421;-0.762791536
2020-09-21 05:00;-2.074243266;-1.649440938;-0.160878632
2020-09-21 06:00;-1.551265766;-2.752087066;-0.425342779
2020-09-21 07:00;-2.284440377;-2.894214621;0.243755158
2020-09-21 08:00;-3.040508235;-2.186143132;2.278772851
2020-09-21 09:00;-3.647613761;-2.118257213;2.127242122
2020-09-21 10:00;-1.974997083;-1.23155365;1.946091227
2020-09-21 11:00;-2.653778799;-0.257124262;1.826468158
2020-09-21 12:00;-1.385376227;-1.38812977;0.894815741
2020-09-21 13:00;-1.252461997;-1.411530782;0.745804391
2020-09-21 14:00;-1.490482677;-1.470976815;0.914829913
2020-09-21 15:00;-1.46624031;-0.142852645;0.034527593
2020-09-21 16:00;-0.061798656;0.327204232;-2.217328273
2020-09-21 17:00;0.1122936;-0.032057692;-2.305552523
2020-09-21 18:00;-1.00096288;-1.043242139;-1.269094837
2020-09-21 19:00;0.518974358;-0.613354437;-2.208932613
2020-09-21 20:00;-0.935555873;-0.617546186;-1.570687957
2020-09-21 21:00;-0.735227267;-1.393532651;-0.911990782
2020-09-21 22:00;-2.074943589;-0.843085881;-1.580975057
2020-09-21 23:00;-1.210182807;-0.260348753;-1.191304277
2020-09-22 00:00;-1.936300406;-0.681440276;0.324075148
2020-09-22 01:00;-2.600860327;0.376618759;2.451901737
2020-09-22 02:00;-1.222301044;2.006426963;1.355351475
2020-09-22 03:00;2.060384432;2.49762949;2.775831225
2020-09-22 04:00;3.075926147;1.97300258;2.224605966
2020-09-22 05:00;2.999495223;2.253307671;1.951321964
2020-09-22 06:00;1.312230869;1.481932191;-0.373733117
2020-09-22 07:00;0.139344317;2.460723002;-1.126810191
2020-09-22 08:00;1.352759013;1.827582248;-1.067627018
2020-09-22 09:00;0.914270392;2.046809912;0.280785391
2020-09-22 10:00;1.910936193;1.29488471;1.926171064
2020-09-22 11:00;0.188194727;1.526702225;1.564002907
2020-09-22 12:00;1.510331289;3.205873939;-1.199629695
2020-09-22 13:00;3.044470638;2.452826071;0.308133808
2020-09-22 14:00;2.730917964;2.698366985;0.975835033
2020-09-22 15:00;4.207976805;1.411445264;1.278882184
2020-09-22 16:00;2.013876967;0.411768341;1.207035613
2020-09-22 17:00;-0.173116272;-0.210818757;-0.482960213
2020-09-22 18:00;-1.473370823;-2.012393365;-1.447794928
2020-09-22 19:00;-1.489429747;-2.020505905;-0.117026988
2020-09-22 20:00;-1.352702616;-0.424491447;-1.379782695
2020-09-22 21:00;-1.818347623;1.073986181;-0.890090766
2020-09-22 22:00;-0.778576592;1.949872934;-0.897368892
2020-09-22 23:00;-0.306450715;1.738662647;-1.944847129
2020-09-23 00:00;1.937237548;1.265312564;-1.360185116
2020-09-23 01:00;3.259304245;3.547993647;-0.144284195
2020-09-23 02:00;3.870099813;2.922162796;-0.703265284
2020-09-23 03:00;4.99006928;2.679486365;-1.867724997
2020-09-23 04:00;5.422281846;1.076905656;-1.200910062
2020-09-23 05:00;3.124750419;1.462316149;0.790675357
2020-09-23 06:00;3.029008165;1.160853688;0.082127726
2020-09-23 07:00;2.098752364;-0.082583293;0.237056342
2020-09-23 08:00;1.00800933;0.870095209;-0.434931554
2020-09-23 09:00;0.311068941;0.587264068;1.239860414
2020-09-23 10:00;0.002829276;0.25878672;0.388492723
2020-09-23 11:00;0.932794109;1.328178233;-0.206536617
2020-09-23 12:00;2.005359072;1.096939861;0.602840941
2020-09-23 13:00;-0.241348594;-1.533621535;1.276155352
2020-09-23 14:00;-1.142851897;-2.113922413;0.474723078
2020-09-23 15:00;-1.443619307;-1.6775794;1.77494636
2020-09-23 16:00;-3.575137803;0.010828357;-0.066251703
2020-09-23 17:00;0.16404887;0.638707796;-0.254648516
2020-09-23 18:00;-0.581077148;1.173481065;-0.210280702
2020-09-23 19:00;-0.620710704;0.254108018;0.257814106
2020-09-23 20:00;-0.38157037;0.201650661;-0.193798613
2020-09-23 21:00;0.887317166;1.164823421;0.597699454
2020-09-23 22:00;0.651306815;0.445254353;0.332509199
2020-09-23 23:00;0.622731278;0.224168911;0.09814486
2020-09-24 00:00;2.259900534;-0.458094167;0.456601993
2020-09-24 01:00;-0.996422917;0.957563822;1.444342945
2020-09-24 02:00;0.283563485;0.331352419;0.122834637
2020-09-24 03:00;0.138593014;0.313031081;-0.562245694
2020-09-24 04:00;-0.875078641;-1.259308584;-0.036524314
2020-09-24 05:00;1.127586449;-0.409566884;0.981054149
2020-09-24 06:00;0.321378865;1.070779181;-0.80412043
2020-09-24 07:00;0.589568965;1.672549566;-0.152636378
2020-09-24 08:00;1.221881618;1.716335605;-0.023975268
2020-09-24 09:00;3.276065012;0.609176992;-0.956195576
2020-09-24 10:00;1.893916162;1.312509034;-1.55014109
2020-09-24 11:00;0.591337828;1.607372343;-0.960665988
2020-09-24 12:00;-0.919355231;1.542475892;0.943606881
2020-09-24 13:00;-0.250263826;0.559893286;1.649495386
2020-09-24 14:00;0.357991446;0.890397576;-1.139748528
2020-09-24 15:00;0.470446756;-0.251355236;-1.346676312
2020-09-24 16:00;-1.303861207;-1.083370767;0.378671973
2020-09-24 17:00;1.718757717;-1.620195479;1.116438281
2020-09-24 18:00;0.557526649;1.343385588;1.721050974
2020-09-24 19:00;1.763940305;1.322348814;0.663695827
2020-09-24 20:00;1.59783069;1.031333224;1.145634373
2020-09-24 21:00;2.3290714;0.426977396;0.712858545
2020-09-24 22:00;1.546180537;0.057783644;1.761130417
2020-09-24 23:00;1.453146428;0.798784784;2.77561919
2020-09-25 00:00;1.363298698;1.027540094;2.33546747
2020-09-25 01:00;1.833319357;0.317468937;3.000773694
2020-09-25 02:00;1.494101591;0.741413657;1.673439337
2020-09-25 03:00;0.407058204;2.056259319;1.603177982
2020-09-25 04:00;1.104207258;2.087168545;1.915634191
2020-09-25 05:00;1.103333319;1.969049882;2.549052606
2020-09-25 06:00;1.914111924;1.150076004;1.994470682
2020-09-25 07:00;2.01786478;1.15359102;1.326677137
2020-09-25 08:00;0.869403333;0.792491756;0.778261202
2020-09-25 09:00;1.351788075;0.53103491;-0.284178765
2020-09-25 10:00;-0.977930737;1.079147631;-0.882146567
2020-09-25 11:00;-0.498154313;3.073776119;-0.962161949
2020-09-25 12:00;2.255801686;3.29458201;-1.668036565
2020-09-25 13:00;3.887590973;1.962922901;0.299822721
2020-09-25 14:00;4.573324147;1.86719811;2.112793633
2020-09-25 15:00;2.009580005;1.38969197;0.962346755
2020-09-25 16:00;2.665322324;2.902164365;0.854377906
2020-09-25 17:00;3.556237522;1.411014872;1.361174919
2020-09-25 18:00;2.828540713;0.211489569;3.349476674
2020-09-25 19:00;1.74211334;2.18835571;1.660395086
2020-09-25 20:00;2.479344819;1.242033819;2.179683259
2020-09-25 21:00;3.103399189;1.953742918;2.732962569
2020-09-25 22:00;1.426869647;0.670530445;2.607370149
2020-09-25 23:00;-0.12137809;0.758860671;0.54403233
2020-09-26 00:00;0.123343688;2.570760542;-0.356695434
2020-09-26 01:00;4.200920601;2.010448755;-0.100669542
2020-09-26 02:00;4.007192869;1.695582772;1.497497919
2020-09-26 03:00;2.597848046;1.448941372;0.943293274
2020-09-26 04:00;3.572816235;0.483561169;2.298080721
2020-09-26 05:00;1.100928281;1.313587015;2.857592399
2020-09-26 06:00;1.168539864;-0.694515643;3.635905551
2020-09-26 07:00;0.400794751;-0.96235592;3.537580194
2020-09-26 08:00;-0.657847285;-0.160168337;2.868503635
2020-09-26 09:00;-1.814481115;-1.612659038;2.581174349
2020-09-26 10:00;-0.277948702;-0.886465735;0.970477907
2020-09-26 11:00;-0.50003954;-0.40260978;0.140476897
2020-09-26 12:00;-1.95300004;0.552173909;-1.388764159
2020-09-26 13:00;-0.80321646;-0.037674427;-3.065195737
2020-09-26 14:00;-0.419605541;-0.344593314;-1.427804696
2020-09-26 15:00;0.032216365;0.723754307;-0.933814431
2020-09-26 16:00;-0.590036327;0.153942166;-0.017352198
2020-09-26 17:00;1.129119978;-0.630761594;0.767191642
2020-09-26 18:00;-0.526110786;-0.224223834;0.606054137
2020-09-26 19:00;0.113389069;0.269312258;0.617982538
2020-09-26 20:00;-0.779437036;-0.151754937;1.007477561
2020-09-26 21:00;-0.010574715;-0.363018386;-0.072188077
2020-09-26 22:00;-2.439601211;-3.650401655;0.31982657
2020-09-26 23:00;-2.468717735;-1.651786713;-0.315816946
2020-09-27 00:00;-2.126772971;-0.49228437;1.284197305
2020-09-27 01:00;-1.358704499;-0.061708639;-0.183806405
2020-09-27 02:00;-0.393670498;-0.084124858;0.256425417
2020-09-27 03:00;-0.168827609;0.928643463;0.705254689
2020-09-27 04:00;0.043906998;0.242198814;1.082607306
2020-09-27 05:00;0.48676561;1.221238877;-0.478833894
2020-09-27 06:00;-1.199200076;1.524910113;-0.560979382
2020-09-27 07:00;-0.654186387;0.810599885;-1.479099048
2020-09-27 08:00;1.766775505;-0.279336016;-1.871236003
2020-09-27 09:00;0.560017685;-0.892181305;-2.894611276
2020-09-27 10:00;-0.258798266;-1.495254179;-2.580696278
2020-09-27 11:00;-1.28082069;-1.505912667;-2.631128003
2020-09-27 12:00;-1.173712044;-1.156413165;-2.767975224
2020-09-27 13:00;0.418055064;-0.749773383;-1.288673857
2020-09-27 14:00;-0.729895709;0.790587601;-0.886044695
2020-09-27 15:00;1.39591231;1.338797465;-0.207301431
2020-09-27 16:00;2.163168498;1.986177421;-1.271237252
2020-09-27 17:00;1.774909093;1.743636113;-0.85160031
2020-09-27 18:00;3.646823462;-0.619217783;0.197203029
2020-09-27 19:00;1.320661829;-1.005450342;2.363270013
2020-09-27 20:00;-0.64968734;-1.656824851;2.098638426
2020-09-27 21:00;-2.424021818;-0.929125564;1.628512883
2020-09-27 22:00;-1.985257019;0.525987494;0.92633054
2020-09-27 23:00;1.132708004;0.739327906;1.126489248
2020-09-28 00:00;-0.85353716;2.113899945;1.33891534
2020-09-28 01:00;2.227490217;1.612615945;0.922077323
2020-09-28 02:00;3.676917611;1.588075618;1.0601067
2020-09-28 03:00;1.539804657;1.602085923;1.436169899
2020-09-28 04:00;2.489525628;1.861470616;3.210797114
2020-09-28 05:00;3.907552966;1.282752987;3.295963292
2020-09-28 06:00;2.268959688;1.139519888;2.431901055
2020-09-28 07:00;2.187642924;0.130464028;2.553634071
2020-09-28 08:00;0.5033413;-0.586437049;1.800761731
2020-09-28 09:00;-0.699919352;-1.366133631;-1.0530921
2020-09-28 10:00;-0.87124017;-0.86181588;-0.313044278
2020-09-28 11:00;-2.123099518;0.680402808;0.336613612
2020-09-28 12:00;-1.27979544;-2.092206912;-0.36494043
2020-09-28 13:00;-3.536068732;-1.994935301;-0.28275819
2020-09-28 14:00;-1.50771324;-2.924362321;-0.019851695
2020-09-28 15:00;-1.554452574;-1.11338785;-0.679696179
2020-09-28 16:00;-0.765687515;-1.376412342;1.167823924
2020-09-28 17:00;-1.863152383;-0.402197747;2.094865886
2020-09-28 18:00;-1.913642597;-0.021393119;3.293165733
2020-09-28 19:00;-2.141072734;0.687763645;3.649110438
2020-09-28 20:00;-1.280265771;-0.374473152;2.94734119
2020-09-28 21:00;-2.514079443;0.09699941;1.28784683
2020-09-28 22:00;-2.749531462;1.572989769;1.144888941
2020-09-28 23:00;-1.593168672;2.559123064;1.221082505
2020-09-29 00:00;0.112613742;3.310169346;2.297029384
2020-09-29 01:00;0.606772964;2.429145565;1.631884567
2020-09-29 02:00;0.649067928;2.540860577;0.003349408
2020-09-29 03:00;0.267284622;3.199989727;0.924914108
2020-09-29 04:00;2.791819769;1.108047168;0.745839989
2020-09-29 05:00;2.143789759;1.188783289;0.442293565
2020-09-29 06:00;2.426243482;0.047555307;1.040036088
2020-09-29 07:00;-0.403422866;-0.431959109;-0.095009549
2020-09-29 08:00;-1.84246511;0.236313122;0.544087072
2020-09-29 09:00;-0.383658605;0.364770362;1.214747783
2020-09-29 10:00;-3.348352732;1.181889958;1.346184863
2020-09-29 11:00;-0.03872357;2.535293424;-0.424964465
2020-09-29 12:00;1.216125996;2.50609963;-2.037606895
2020-09-29 13:00;2.52577247;0.203670539;-1.167665302
2020-09-29 14:00;2.073328278;-0.308933803;-1.28708199
2020-09-29 15:00;0.944925599;0.136543935;-0.094367857
2020-09-29 16:00;0.366364885;0.64739592;0.272392548
2020-09-29 17:00;-0.180963971;-0.060329389;1.490048331
2020-09-29 18:00;1.062267075;-1.505672623;0.525213298
2020-09-29 19:00;-0.082596486;-1.669958908;0.920543188
2020-09-29 20:00;-0.95811004;0.679870207;0.542673992
2020-09-29 21:00;-1.705770362;1.060212611;0.202532098
2020-09-29 22:00;-0.373664501;-1.192709449;0.516060475
2020-09-29 23:00;-1.215841183;-0.862810905;0.473191554
2020-09-30 00:00;-1.035797704;0.041167859;0.975886868
2020-09-30 01:00;-1.216153843;-1.960306429;-0.662581158
2020-09-30 02:00;-3.860215362;-1.91891042;-0.251245723
2020-09-30 03:00;-3.591799299;-0.53220703;0.552667636
2020-09-30 04:00;-1.324285627;1.286475203;1.039082632
2020-09-30 05:00;-0.442281706;1.778551876;2.030849048
2020-09-30 06:00;1.130322688;3.361575199;4.260413464
2020-09-30 07:00;1.260066105;3.316576986;2.361778273
2020-09-30 08:00;1.814878986;4.776516641;2.29221017
2020-09-30 09:00;2.232045677;4.742276824;3.535911389
2020-09-30 10:00;3.404091398;3.552119238;3.671388407
2020-09-30 11:00;3.639815875;2.09505606;4.323651452
2020-09-30 12:00;4.205432872;0.773668387;2.936947094
2020-09-30 13:00;2.13082989;-0.099801097;2.839712076
2020-09-30 14:00;1.318803435;-0.980738692;3.049666925
2020-09-30 15:00;-0.819935102;-1.407001066;2.188387536
2020-09-30 16:00;-2.265966248;-0.934351937;2.016676177
2020-09-30 17:00;-0.940373458;-0.77270569;2.976990442
2020-09-30 18:00;-1.657161789;-0.030922178;2.009086932
2020-09-30 19:00;0.987452648;0.408315456;3.719159115
2020-09-30 20:00;2.544381998;0.789021362;3.71197251
2020-09-30 21:00;1.221537126;0.053744189;1.109118892
2020-09-30 22:00;0.337640602;0.962183629;-0.095071237
2020-09-30 23:00;-0.289189405;-0.21969895;-1.725030531
2020-10-01 00:00;-0.982253696;-0.547772363;-0.435869953
2020-10-01 01:00;-1.33220601;-0.663421068;0.456721277
2020-10-01 02:00;-1.858100337;0.234717916;1.336194835
2020-10-01 03:00;-1.713974985;-0.502728501;0.806053259
2020-10-01 04:00;-2.601698677;0.65732283;0.340463437
2020-10-01 05:00;-1.921777669;0.205064893;-0.224167485
2020-10-01 06:00;-1.833155112;-0.25416106;-1.107310405
2020-10-01 07:00;-1.994284186;0.566110312;-2.022050893
2020-10-01 08:00;0.819855891;-0.733962942;-2.388347194
2020-10-01 09:00;1.359146459;-0.875699849;-1.714414866
2020-10-01 10:00;0.956247791;-1.194991623;-1.952541026
2020-10-01 11:00;-1.085096407;-1.57426722;-1.812125334
2020-10-01 12:00;0.280084125;-1.420122238;-2.948122697
2020-10-01 13:00;-1.029330322;-0.671292617;-0.656213404
2020-10-01 14:00;-1.263035649;-1.687768264;-1.923175643
2020-10-01 15:00;-0.729824463;0.295564477;-1.579954776
2020-10-01 16:00;-0.982531988;0.292742674;-1.143149915
2020-10-01 17:00;0.146772007;2.014198679;-1.319891352
2020-10-01 18:00;1.018888849;0.44638014;0.266241586
2020-10-01 19:00;0.421684863;-2.297459132;-1.252669642
2020-10-01 20:00;-3.188275907;-3.66289763;-2.4743135
2020-10-01 21:00;-3.006707753;-3.052564763;-2.545879583
2020-10-01 22:00;-4.589818359;-2.655466171;-0.885502987
2020-10-01 23:00;-3.649570583;-0.296031165;-1.685434366
2020-10-02 00:00;-2.249397419;0.538288079;0.392280124
2020-10-02 01:00;-0.485882745;0.683921736;-0.121908491
2020-10-02 02:00;-0.388253629;0.361834806;-0.026096522
2020-10-02 03:00;0.681771359;-0.347004843;-0.966879129
2020-10-02 04:00;0.190679657;-1.02180349;-3.058413357
2020-10-02 05:00;0.906012999;-1.864049772;-1.186234621
2020-10-02 06:00;-0.282102119;-2.471051298;-1.267259891
2020-10-02 07:00;-0.491307542;-0.663121271;-2.31427776
2020-10-02 08:00;-1.195916893;-0.737108657;-1.563202089
2020-10-02 09:00;-1.83091132;-1.592139445;-0.583480283
2020-10-02 10:00;-3.067615112;-1.794017461;-0.792958098
2020-10-02 11:00;-1.770462033;-1.26518761;-1.429090299
2020-10-02 12:00;-2.054488165;-0.835869776;-2.218883966
2020-10-02 13:00;-3.091062667;0.428682034;-1.531882279
2020-10-02 14:00;0.042204919;-0.648924858;-2.00584573
2020-10-02 15:00;-0.747728166;-1.179206779;-0.811198904
2020-10-02 16:00;0.081879328;-1.137424362;-1.384052472
2020-10-02 17:00;-2.25735946;-1.043200934;-0.45313725
2020-10-02 18:00;-1.683552881;0.216211885;-1.656131206
2020-10-02 19:00;-0.807180074;-1.645618932;-0.912081101
2020-10-02 20:00;-2.073268916;-0.693676539;-2.880228173
2020-10-02 21:00;-1.095297933;-0.756902335;-2.964801186
2020-10-02 22:00;-0.456865729;-0.874347736;-2.509816804
2020-10-02 23:00;0.915468038;-0.730319652;-2.620561608
2020-10-03 00:00;-0.04631491;2.190588805;-2.407828709
2020-10-03 01:00;1.922696581;0.548378145;-2.159777164
2020-10-03 02:00;1.251477065;-0.68390884;-2.707416647
2020-10-03 03:00;0.937403705;-2.951252966;-2.272475811
2020-10-03 04:00;-0.507547072;-2.72757471;-3.27916479
2020-10-03 05:00;-1.20732615;-2.494870204;-2.707063503
2020-10-03 06:00;-2.399165861;-2.359232651;-1.184857901
2020-10-03 07:00;-2.43068018;-3.727617511;-0.831345452
2020-10-03 08:00;-3.526891965;-4.90614352;-1.264690878
2020-10-03 09:00;-6.179555164;-4.544704229;-1.712919353
2020-10-03 10:00;-6.048382765;-4.616488062;0.574937124
2020-10-03 11:00;-5.794491369;-2.879679479;0.110306969
2020-10-03 12:00;-4.497817525;-1.355379178;-0.963968588
2020-10-03 13:00;-3.498145351;-0.950736406;-2.638123524
2020-10-03 14:00;-2.035383865;-0.58540726;-1.952324818
2020-10-03 15:00;-2.593484458;-1.419602972;-1.243316285
2020-10-03 16:00;-3.357480974;0.170634641;-1.141129139
2020-10-03 17:00;-1.163321929;1.532250973;-3.133119088
2020-10-03 18:00;0.333793958;1.289821821;-4.679717203
2020-10-03 19:00;1.322035103;0.807584103;-2.407039946
2020-10-03 20:00;1.453148329;1.280345527;-1.394630341
2020-10-03 21:00;1.12896648;1.377596313;0.680981687
2020-10-03 22:00;3.066686919;-0.188381925;-0.247127933
2020-10-03 23:00;1.864710344;-0.897355627;0.215542535
2020-10-04 00:00;-0.967561457;-0.39180203;1.158729541
2020-10-04 01:00;0.610076582;0.931669096;2.696632797
2020-10-04 02:00;-0.141967646;-0.14209487;0.982240874
2020-10-04 03:00;-0.550834658;-1.491189335;2.183083585
2020-10-04 04:00;-0.010862628;-1.407240119;2.666463775
2020-10-04 05:00;1.766226784;0.729435427;1.251464283
2020-10-04 06:00;-0.060906824;-0.093055688;1.872375945
2020-10-04 07:00;-0.910867581;-0.978737785;3.503737397
2020-10-04 08:00;-2.153377667;0.493807986;1.965830716
2020-10-04 09:00;-0.491646775;0.494529093;1.149262235
2020-10-04 10:00;-0.92932002;0.69068505;0.436152947
2020-10-04 11:00;0.232933825;-0.084519445;0.712801949
2020-10-04 12:00;0.242027302;-0.127232413;0.859307977
2020-10-04 13:00;-0.752835795;1.409803906;0.835726393
2020-10-04 14:00;0.943338426;1.051780634;0.314622763
2020-10-04 15:00;0.926815637;0.322071568;0.472801604
2020-10-04 16:00;-0.537414592;0.045753484;-0.698422341
2020-10-04 17:00;1.955049988;-0.57175027;1.535009285
2020-10-04 18:00;0.041965855;1.138384117;0.460839002
2020-10-04 19:00;0.058547118;-0.685258648;0.655699273
2020-10-04 20:00;-0.723839948;-1.203192464;1.405237421
2020-10-04 21:00;-1.603776887;-0.808784167;2.312364935
2020-10-04 22:00;-1.024132824;-1.093923488;2.539237194
2020-10-04 23:00;-0.880184101;-1.39008446;3.018498499
2020-10-05 00:00;-2.237146931;-0.847466071;2.197902056
2020-10-05 01:00;-1.960702832;-0.659954213;3.179547681
2020-10-05 02:00;-2.390642911;-1.71351173;4.177378381
2020-10-05 03:00;-3.358242306;-1.224432325;4.690816425
2020-10-05 04:00;-3.590570346;-1.735760532;3.070783158
2020-10-05 05:00;-3.055038395;-1.791574107;0.540799927
2020-10-05 06:00;-1.677539414;0.027362567;1.343522363
2020-10-05 07:00;1.172099647;1.283248215;2.625698146
2020-10-05 08:00;1.567376707;0.662683757;2.797708538
2020-10-05 09:00;1.367696102;1.163297244;2.859882693
2020-10-05 10:00;-0.515271122;1.120970463;4.132260618
2020-10-05 11:00;-0.144738703;3.038735483;3.854027663
2020-10-05 12:00;2.365285151;1.192587239;2.549151736
2020-10-05 13:00;1.509979232;0.83798367;1.963562757
2020-10-05 14:00;0.846157026;0.016114553;0.416687831
2020-10-05 15:00;0.243242408;-0.667574675;-0.584891267
2020-10-05 16:00;-0.82486973;-1.082329006;0.055611097
2020-10-05 17:00;-1.732247336;-0.64925936;0.303673639
2020-10-05 18:00;-1.1606723;-0.051675802;0.50258103
2020-10-05 19:00;-0.06405161;-0.435815439;2.136954388
2020-10-05 20:00;-0.192228683;0.017314731;3.071140215
2020-10-05 21:00;0.409637297;1.869720741;1.749472463
2020-10-05 22:00;2.212064;1.499924062;1.654019425
2020-10-05 23:00;1.821886306;-0.741653475;1.861181429
2020-10-06 00:00;0.61917842;-1.716294653;0.725647172
2020-10-06 01:00;-2.130438287;-1.763695663;1.754448674
2020-10-06 02:00;-4.959442561;-1.100787538;1.77748221
2020-10-06 03:00;-2.743893362;-0.400189554;1.648764812
2020-10-06 04:00;-2.51208877;-0.169752812;0.684527966
2020-10-06 05:00;-1.597225269;-2.018936412;2.198962885
2020-10-06 06:00;-2.963973884;-1.793310084;1.574146578
2020-10-06 07:00;-2.44596602;-2.303556536;0.434273106
2020-10-06 08:00;-3.344551183;-2.089267643;0.096476428
2020-10-06 09:00;-3.419014664;-3.648570981;0.141021202
2020-10-06 10:00;-2.975552549;-3.966682097;-1.186481328
2020-10-06 11:00;-4.679344433;-2.368421205;-1.249617818
2020-10-06 12:00;-5.077232549;-2.959192584;-1.618754993
2020-10-06 13:00;-4.344169924;-3.233046778;-1.829224688
2020-10-06 14:00;-4.667918841;-1.984162659;-2.451292383
2020-10-06 15:00;-1.683118851;-0.335919551;-2.799550347
2020-10-06 16:00;-1.268275579;-1.259386936;-2.405897845
2020-10-06 17:00;-1.999726712;-0.509220082;-3.362612998
2020-10-06 18:00;-1.876426295;-0.512554059;-2.631749345
2020-10-06 19:00;-0.733039409;-1.75363827;-1.856368307
2020-10-06 20:00;0.113356786;-0.233428319;-1.665220805
2020-10-06 21:00;2.383560488;-0.255986687;-0.145507533
2020-10-06 22:00;2.068048781;-1.047101343;2.583691042
2020-10-06 23:00;0.12191318;-0.315963517;3.52794412
2020-10-07 00:00;-1.399681749;1.200852825;2.322357547
2020-10-07 01:00;-1.346017266;-1.181860597;1.395124928
2020-10-07 02:00;0.659865573;-1.558678465;0.049740777
2020-10-07 03:00;-0.726207396;0.672625887;0.664494801
2020-10-07 04:00;0.142925943;-1.262844104;-0.871400901
2020-10-07 05:00;-1.903246626;0.282682409;-2.151809136
2020-10-07 06:00;-0.314671477;-0.799772512;-3.512688856
2020-10-07 07:00;-0.094555167;0.071651865;-2.253049067
2020-10-07 08:00;-0.162591807;1.034476959;-2.582461232
2020-10-07 09:00;-0.402466366;0.738503216;-2.339520356
2020-10-07 10:00;0.083757587;0.203642259;-0.119517053
2020-10-07 11:00;0.19958422;0.751338959;0.374328758
2020-10-07 12:00;-0.469643459;0.791125873;-0.692280885
2020-10-07 13:00;0.00898101;0.397259756;-0.627346888
2020-10-07 14:00;0.953224305;0.128371326;-1.261198682
2020-10-07 15:00;-0.467415107;-0.821028376;-1.326553239
2020-10-07 16:00;-0.877903276;-2.146471705;-0.409300345
2020-10-07 17:00;-3.296258671;-1.968966466;0.329895648
2020-10-07 18:00;-3.07456204;-1.070611073;0.630700947
2020-10-07 19:00;-0.307155263;-1.733693956;1.410046008
2020-10-07 20:00;-2.377844309;-1.880468156;0.59109172
2020-10-07 21:00;-3.356090952;-1.410131117;1.098409332
2020-10-07 22:00;-2.701945617;0.770838317;1.67875677
2020-10-07 23:00;-0.696909035;1.34636848;0.343511551
2020-10-08 00:00;0.701416507;1.274520175;0.684806348
2020-10-08 01:00;1.953161566;2.232845101;0.649263722
2020-10-08 02:00;2.125646392;1.897351748;1.687271771
2020-10-08 03:00;3.305438996;0.721055278;1.820853297
2020-10-08 04:00;2.346494706;1.305692318;0.750847936
2020-10-08 05:00;2.342467447;0.756376185;0.282845987
2020-10-08 06:00;2.1762609;1.589762832;-0.740654782
2020-10-08 07:00;2.923165339;0.85720506;-0.412728192
2020-10-08 08:00;2.679015464;0.399618404;-0.006731102
2020-10-08 09:00;1.305833478;-1.680963033;0.365179063
2020-10-08 10:00;0.840886591;-0.826632537;0.877721841
2020-10-08 11:00;0.602479785;-1.28102058;0.283997308
2020-10-08 12:00;-0.330105762;-0.2734959;0.511095157
2020-10-08 13:00;-0.148125902;0.18994266;-1.728170171
2020-10-08 14:00;3.208982199;-0.408509939;-1.966121204
2020-10-08 15:00;1.298002017;-1.595280159;-1.85968736
2020-10-08 16:00;-1.406446417;-0.425794514;-0.852329562
2020-10-08 17:00;-1.884810491;0.049950869;0.633481758
2020-10-08 18:00;-0.311979379;-0.332033976;0.630224095
2020-10-08 19:00;-0.229237208;0.769258489;-0.456551731
2020-10-08 20:00;0.371385475;0.726777482;-1.945794463
2020-10-08 21:00;1.590389179;-0.05804296;-2.238336093
2020-10-08 22:00;-0.253373019;0.42371344;-0.245674587
2020-10-08 23:00;-0.555301039;-1.725458785;-0.846467164
2020-10-09 00:00;-1.202764936;-0.431549626;-0.31796515
2020-10-09 01:00;-0.821483283;-0.655777791;-1.060548751
2020-10-09 02:00;-2.46458436;-0.675379035;0.342503434
2020-10-09 03:00;-1.171648408;-1.363671986;0.793564395
2020-10-09 04:00;-1.870448037;-0.559464951;1.034672154
2020-10-09 05:00;-2.273341191;0.057924867;1.380682703
2020-10-09 06:00;-0.717433724;-0.108062056;0.661189865
2020-10-09 07:00;0.321833304;0.359789827;0.852791752
2020-10-09 08:00;-0.159433055;0.263157429;-0.185489622
2020-10-09 09:00;0.134491326;0.578108554;-0.155078207
2020-10-09 10:00;2.157129212;0.510107185;-1.302516578
2020-10-09 11:00;1.508511298;0.737149772;-0.775043461
2020-10-09 12:00;1.812178162;0.470453822;-0.089486796
2020-10-09 13:00;2.578853514;0.359717445;-0.855284628
2020-10-09 14:00;1.470826267;-0.64848098;-0.374088288
2020-10-09 15:00;-0.986312662;1.612162207;-0.695753081
2020-10-09 16:00;-0.709224531;0.113031725;-0.485438096
2020-10-09 17:00;-1.11642003;0.454613685;-0.62454317
2020-10-09 18:00;-0.460220091;0.480768592;-0.36110078
2020-10-09 19:00;-0.412919301;-0.052729258;-0.933132432
2020-10-09 20:00;0.554463984;2.874102241;0.04572337
2020-10-09 21:00;2.943287875;2.157205217;0.860740377
2020-10-09 22:00;2.850291121;3.370206379;1.501673478
2020-10-09 23:00;4.493008108;2.322186053;2.871554457
2020-10-10 00:00;2.336643028;1.018533648;3.644432081
2020-10-10 01:00;3.23708204;0.405363454;1.285722202
2020-10-10 02:00;3.185887687;0.578385025;0.823242237
2020-10-10 03:00;0.70347058;-0.233967904;-0.253462851
2020-10-10 04:00;-0.540832088;-1.964189425;0.816601136
2020-10-10 05:00;-3.239947228;-2.124794107;-0.298497556
2020-10-10 06:00;-3.2989407;-1.634526489;-0.762239841
2020-10-10 07:00;-2.829484155;-2.237774362;0.427146175
2020-10-10 08:00;-1.031196097;-1.073412123;0.197863682
2020-10-10 09:00;-2.189525951;-0.768828401;0.710484635
2020-10-10 10:00;-1.279843723;1.320678727;0.441943024
2020-10-10 11:00;1.698176076;0.329930083;1.452436719
2020-10-10 12:00;0.601647084;-0.357553759;0.685542832
2020-10-10 13:00;-0.58486249;-0.526768427;0.661607248
2020-10-10 14:00;-0.006113218;0.826828837;1.870604378
2020-10-10 15:00;0.288242068;1.489299707;-0.497459587
2020-10-10 16:00;0.55705584;-1.182771903;0.618537427
2020-10-10 17:00;-0.310262942;-0.236217776;0.078025076
2020-10-10 18:00;0.159251173;1.335974435;0.295315388
2020-10-10 19:00;-0.953676175;2.346523832;-0.96173264
2020-10-10 20:00;0.543471344;2.941305665;-0.508797941
2020-10-10 21:00;2.402718927;2.498104238;-0.79446565
2020-10-10 22:00;3.206621867;1.079317535;0.697377181
2020-10-10 23:00;1.779873202;0.78445721;0.393822881
2020-10-11 00:00;1.250432148;1.981432041;-0.772533758
2020-10-11 01:00;1.964821746;1.222635283;-1.057385256
2020-10-11 02:00;3.95465496;0.879162908;-1.357405756
2020-10-11 03:00;1.854758014;-0.314868544;0.253329161
2020-10-11 04:00;1.604337779;-0.899004256;-1.501827334
2020-10-11 05:00;1.029047316;-0.074798993;-0.649526375
2020-10-11 06:00;0.730368591;-0.686311389;0.133055318
2020-10-11 07:00;-0.951219432;-0.084883459;-1.230484731
2020-10-11 08:00;0.586588029;-0.820959279;-1.809154701
2020-10-11 09:00;-0.348331514;-0.635530978;-2.160120421
2020-10-11 10:00;0.827295122;-1.331560136;-1.638552351
2020-10-11 11:00;0.421088949;0.141280795;-0.284245611
2020-10-11 12:00;0.29159273;-0.909068003;-0.372554601
2020-10-11 13:00;-0.211379139;-1.742691081;0.232388813
2020-10-11 14:00;-1.341068326;-1.271695608;1.106573602
2020-10-11 15:00;-0.079147021;2.161501145;1.454142478
2020-10-11 16:00;2.827762382;2.310279897;1.302057978
2020-10-11 17:00;3.898394049;2.643103221;1.335868329
2020-10-11 18:00;2.258759956;2.11699379;0.908026372
2020-10-11 19:00;1.992087643;3.033709257;1.648111306
2020-10-11 20:00;4.07361057;3.735025746;1.53000405
2020-10-11 21:00;3.199082751;2.315349039;1.111597757
2020-10-11 22:00;1.168229161;2.074422772;0.189536857
2020-10-11 23:00;3.254235689;1.542681477;0.322568427
2020-10-12 00:00;2.525119235;1.799003594;-0.469181932
2020-10-12 01:00;1.485828427;1.103407461;0.026986317
2020-10-12 02:00;2.950847501;0.13151912;-1.21178907
2020-10-12 03:00;0.963325295;1.198960531;-1.859248737
2020-10-12 04:00;3.712233699;-0.835291329;-0.274076405
2020-10-12 05:00;2.159476687;-1.224669087;0.477901981
2020-10-12 06:00;1.158054017;-1.036430293;0.787893831
2020-10-12 07:00;0.027767821;-1.605385098;-0.421086169
2020-10-12 08:00;-1.210590105;-0.385837657;-1.269754776
2020-10-12 09:00;-1.647943579;-0.591331683;-3.29032672
2020-10-12 10:00;-1.31617942;-1.624672885;-3.298969482
2020-10-12 11:00;-1.731864939;-0.242885896;-5.47646137
2020-10-12 12:00;-2.332485159;-0.720149779;-4.289576703
2020-10-12 13:00;-1.305983751;-1.625943239;-3.587398807
2020-10-12 14:00;-2.086853039;-2.85928091;-3.346187021
2020-10-12 15:00;-3.319953905;-2.440675958;-3.19741555
2020-10-12 16:00;-3.211489156;-1.04111475;-5.285025953
2020-10-12 17:00;0.235527567;-0.984846082;-1.518857388
2020-10-12 18:00;-0.149483382;-0.927248444;-0.736081114
2020-10-12 19:00;0.449116946;1.328757815;0.462859894
2020-10-12 20:00;1.086635176;0.071999034;0.568346377
2020-10-12 21:00;1.174481056;0.235201649;0.027171253
2020-10-12 22:00;1.180011203;1.581016969;-0.659713333
2020-10-12 23:00;0.751298104;1.562899637;-0.362655396
2020-10-13 00:00;1.956746286;1.268746709;1.647661387
2020-10-13 01:00;-0.603120847;1.901423643;1.158658205
2020-10-13 02:00;0.997598081;1.973864835;1.178295522
2020-10-13 03:00;1.757713573;1.680976549;1.02510027
2020-10-13 04:00;0.660335344;1.507661624;1.388382556
2020-10-13 05:00;1.03156592;0.587357776;1.627469561
2020-10-13 06:00;-0.772886228;-2.148041458;0.884554808
2020-10-13 07:00;-0.60891326;-2.460776582;0.428682609
2020-10-13 08:00;-1.758920984;-0.999301456;0.123454979
2020-10-13 09:00;-2.531278996;-1.476672899;-2.136386069
2020-10-13 10:00;-1.285389755;-1.091542143;-3.125356156
2020-10-13 11:00;0.292871112;-3.131612592;-1.779717405
2020-10-13 12:00;-3.061487453;-1.161755729;-4.916012372
2020-10-13 13:00;-3.270842779;-2.36600769;-4.857108067
2020-10-13 14:00;-3.001301622;-3.113763811;-5.2314614
2020-10-13 15:00;-3.894948882;-2.879163455;-3.086087115
2020-10-13 16:00;-4.198155262;-3.541584209;-1.741919923
2020-10-13 17:00;-5.278902583;-2.74994891;-1.511810549
2020-10-13 18:00;-4.512795982;-3.495171859;-0.555422429
2020-10-13 19:00;-6.304862833;-1.412992167;-1.258784661
2020-10-13 20:00;-5.374127043;-0.353236091;-2.39618907
2020-10-13 21:00;-1.575828551;-1.843552959;-3.519072767
2020-10-13 22:00;-3.576481804;-1.781334805;-2.813742338
2020-10-13 23:00;-2.707035898;-2.941457717;-3.863311519
2020-10-14 00:00;-4.199567807;-1.893347628;-3.954865793
2020-10-14 01:00;-2.37540686;-0.694885515;-3.920129548
2020-10-14 02:00;-1.971639645;-1.653327016;-2.016989902
2020-10-14 03:00;-1.997589918;-1.127256304;-3.329935481
2020-10-14 04:00;0.008580087;-2.080999055;-3.412017901
2020-10-14 05:00;-0.217722285;-3.425944493;-3.430248235
2020-10-14 06:00;-2.076207302;-2.78042296;-1.277707313
2020-10-14 07:00;-2.103295974;-1.576716158;-1.738819786
2020-10-14 08:00;-1.228660674;-1.138072187;-1.251626441
2020-10-14 09:00;-0.994559538;-0.562679329;-2.292532378
2020-10-14 10:00;-1.222425365;-0.245811555;-1.759251209
2020-10-14 11:00;-1.072949269;-0.545549697;-0.914727318
2020-10-14 12:00;-0.627874143;0.088310624;-2.597422138
2020-10-14 13:00;1.178704733;2.065486301;-2.151502228
2020-10-14 14:00;3.247127702;-0.826772054;-1.4476706
2020-10-14 15:00;2.015609922;1.187607831;-3.523647321
2020-10-14 16:00;4.914839424;0.966282195;-3.54226541
2020-10-14 17:00;2.328554413;-0.02023326;-2.538859127
2020-10-14 18:00;-1.041117042;0.241126399;-2.943477153
2020-10-14 19:00;-1.624945474;-1.218690305;-2.65008392
2020-10-14 20:00;-1.452017265;0.475296765;0.491949072
2020-10-14 21:00;-0.333161051;0.491246285;2.151960802
2020-10-14 22:00;-0.451545387;-0.924385621;1.332654693
2020-10-14 23:00;-0.553438855;-0.207267028;3.743900465
2020-10-15 00:00;-1.969449142;0.211764604;0.501096439
2020-10-15 01:00;0.012643989;1.635987511;1.314131926
2020-10-15 02:00;3.267003937;0.565844428;0.380731633
2020-10-15 03:00;1.762297902;1.654420327;-0.652509044
2020-10-15 04:00;1.353657517;-0.613306365;0.178476119
2020-10-15 05:00;0.340166139;-1.349902977;-1.451993727
2020-10-15 06:00;-1.50616476;-1.848294645;-1.101422557
2020-10-15 07:00;-1.111347529;-1.281156558;-1.178822713
2020-10-15 08:00;-0.477903174;-0.725748294;-1.309751086
2020-10-15 09:00;-1.568104999;-1.439526154;-0.827657359
2020-10-15 10:00;-2.505706173;-1.188305638;-0.563186485
2020-10-15 11:00;-1.291693751;-2.961832099;-0.823792309
2020-10-15 12:00;-2.064315844;-1.471761003;-0.69238671
2020-10-15 13:00;-3.069112889;-1.17757696;-1.518365037
2020-10-15 14:00;-2.338882609;-2.058171823;0.19034189
2020-10-15 15:00;0.549665132;0.670243764;0.562598002
2020-10-15 16:00;1.574205678;0.877922324;0.178185142
2020-10-15 17:00;1.444643755;1.37772485;-0.960258714
2020-10-15 18:00;1.917110972;0.828299183;0.701302702
2020-10-15 19:00;0.181471569;1.43910894;-0.033383451
2020-10-15 20:00;-0.237774247;3.363158205;-0.436617283
2020-10-15 21:00;2.430532939;3.522095576;-1.495214397
2020-10-15 22:00;4.143355937;1.558540385;-1.446812391
2020-10-15 23:00;3.77664252;1.364055488;-1.138352989
2020-10-16 00:00;2.866168256;2.980932234;-2.305152935
2020-10-16 01:00;3.665123388;1.085282575;-0.813014147
2020-10-16 02:00;1.897447479;-0.085009729;1.965653431
2020-10-16 03:00;0.18229733;-0.114147992;1.894289447
2020-10-16 04:00;-1.295152851;0.243153925;2.41826132
2020-10-16 05:00;0.235509336;0.82432071;2.113947761
2020-10-16 06:00;0.109434715;0.951248762;3.988234745
2020-10-16 07:00;1.666762044;0.389956493;2.083875397
2020-10-16 08:00;1.613656895;1.903418715;1.735782902
2020-10-16 09:00;2.611046507;2.514953429;2.066516458
2020-10-16 10:00;3.25186441;1.209809895;1.772100375
2020-10-16 11:00;1.451574586;1.178882103;-0.996101209
2020-10-16 12:00;1.300824493;1.556273488;-1.436465031
2020-10-16 13:00;2.581058044;1.465853176;-0.105879417
2020-10-16 14:00;2.315378202;1.958862776;-0.768474805
2020-10-16 15:00;2.323230566;2.546100626;-0.622026863
2020-10-16 16:00;3.544717528;2.923424232;-0.840702464
2020-10-16 17:00;4.051431877;1.610802527;-1.181540025
2020-10-16 18:00;1.713395305;0.423274859;-1.258300928
2020-10-16 19:00;-0.066563761;0.171571582;-0.354986839
2020-10-16 20:00;1.659844321;0.994028948;1.478916214
2020-10-16 21:00;2.059392582;1.541801382;0.450264063
2020-10-16 22:00;1.038622046;1.337629814;0.406682347
2020-10-16 23:00;2.337847599;1.456867905;-0.960153236
2020-10-17 00:00;0.603946636;2.353695686;-1.368786289
2020-10-17 01:00;1.272000715;1.093738778;-1.101765971
2020-10-17 02:00;0.03675551;-1.035228959;-0.919910705
2020-10-17 03:00;-1.880397227;-1.695064443;2.692872627
2020-10-17 04:00;-3.512506224;-0.513307843;2.462542189
2020-10-17 05:00;-2.886316487;0.290696043;2.892979065
2020-10-17 06:00;-2.963382113;0.068280366;2.613346651
2020-10-17 07:00;-1.581225729;0.176908655;3.548927085
2020-10-17 08:00;-0.690003262;-0.523782546;3.090218423
2020-10-17 09:00;0.179328554;-0.236237109;4.417433673
2020-10-17 10:00;1.35896771;1.303449258;4.486255027
2020-10-17 11:00;1.252254957;2.474771875;3.911551244
2020-10-17 12:00;0.754315435;1.980249542;3.910052084
2020-10-17 13:00;0.607132616;1.742297573;3.712534619
2020-10-17 14:00;-0.219133762;0.367312091;2.133089008
2020-10-17 15:00;-0.095148152;1.30005901;2.347772395
2020-10-17 16:00;-0.435381649;0.038429535;0.853128691
2020-10-17 17:00;0.187476279;0.71222773;1.733901759
2020-10-17 18:00;-0.164432174;0.089320318;-0.022831722
2020-10-17 19:00;1.315420313;-0.00319413;-1.415142927
2020-10-17 20:00;0.062297882;-0.065010763;-3.035488127
2020-10-17 21:00;0.029059967;-0.66872324;-1.940142073
2020-10-17 22:00;0.560232585;-0.35077497;-0.846355806
2020-10-17 23:00;-0.533336211;0.498842887;-0.078113804
2020-10-18 00:00;-1.113200863;-0.237149217;0.798551575
2020-10-18 01:00;-0.633927715;-1.656411521;-0.284983351
2020-10-18 02:00;-3.468302509;-1.98614872;-0.737292459
2020-10-18 03:00;-2.944734612;-3.825977847;-1.251839572
2020-10-18 04:00;-2.71807333;-2.864762273;-2.001343313
2020-10-18 05:00;-3.860600353;-0.957480241;-0.320708336
2020-10-18 06:00;-2.815057025;-1.43291524;-0.498023647
2020-10-18 07:00;-2.64418264;-0.217466207;0.49682073
2020-10-18 08:00;-3.50988223;-2.327066555;1.260459883
2020-10-18 09:00;-3.262771313;-2.652966654;0.074810856
2020-10-18 10:00;-2.689053676;-1.758044255;0.62023367
2020-10-18 11:00;-2.606765607;-0.847156369;0.816281451
2020-10-18 12:00;-2.648518707;0.537284263;1.551414577
2020-10-18 13:00;-1.018420283;0.877298988;1.454533152
2020-10-18 14:00;-0.593391919;1.282241101;0.695179087
2020-10-18 15:00;-0.208910131;0.20429324;0.650064006
2020-10-18 16:00;-1.22266539;2.073767781;1.531732491
2020-10-18 17:00;1.417772065;1.908879335;0.354527951
2020-10-18 18:00;1.395193522;-0.580933335;0.260889826
2020-10-18 19:00;0.829376718;0.10986911;0.194634714
2020-10-18 20:00;-0.0091103;0.421452854;2.369296985
2020-10-18 21:00;-0.654889832;1.08137352;1.401920216
2020-10-18 22:00;0.778316484;1.374875893;3.21856069
2020-10-18 23:00;2.341238967;1.078002222;2.874146955
2020-10-19 00:00;1.381757674;2.63796403;2.827185059
2020-10-19 01:00;1.250586911;0.317591664;1.580266458
2020-10-19 02:00;0.547750932;0.127610356;1.660757846
2020-10-19 03:00;-0.070282415;-0.328409524;1.128103787
2020-10-19 04:00;-2.104867148;-0.33571733;0.994739648
2020-10-19 05:00;-1.337216113;-0.139845645;0.35299756
2020-10-19 06:00;-1.379562967;1.192669277;1.075316056
2020-10-19 07:00;0.429109562;1.610080724;1.635863419
2020-10-19 08:00;0.122950851;1.534699774;1.206237018
2020-10-19 09:00;2.580968569;0.586156368;-0.815831013
2020-10-19 10:00;1.105523615;0.800628635;-0.812396495
2020-10-19 11:00;3.064763821;-0.208520707;1.127152239
2020-10-19 12:00;0.096095296;0.289475053;-0.140456954
2020-10-19 13:00;-1.369743507;2.045590691;-0.494532767
2020-10-19 14:00;1.4300362;-0.616915658;-0.470400069
2020-10-19 15:00;-0.783932595;0.556819835;-0.184575083
2020-10-19 16:00;-0.361522266;0.728993425;-0.2947259
2020-10-19 17:00;0.124220199;-0.181984937;-0.382769836
2020-10-19 18:00;-2.098242407;2.403100069;-1.422274803
2020-10-19 19:00;1.618622539;3.187333144;-0.449487504
2020-10-19 20:00;3.75003424;2.905623158;1.471530355
2020-10-19 21:00;4.241933916;3.163426821;2.055337668
2020-10-19 22:00;3.65535385;2.295557209;0.442299211
2020-10-19 23:00;4.268045596;0.526459758;-0.677324091
2020-10-20 00:00;2.757523474;1.870374287;-2.294058793
2020-10-20 01:00;4.045675293;2.370913314;-1.78462822
2020-10-20 02:00;4.354775356;-0.083754042;-1.192653799
2020-10-20 03:00;1.909228915;-0.752671415;-0.178686002
2020-10-20 04:00;2.482705531;-2.612791531;-0.368971267
2020-10-20 05:00;-0.606295349;-2.07180631;-0.390098475
2020-10-20 06:00;-0.038250543;-2.025586824;0.318145279
2020-10-20 07:00;-2.710423715;-2.452709949;-0.381411134
2020-10-20 08:00;-2.657693881;-1.663438381;1.508679492
2020-10-20 09:00;-2.689117328;-0.689277331;1.145122692
2020-10-20 10:00;-1.638954922;-0.120486224;-0.185578072
2020-10-20 11:00;-0.71439318;-1.884717519;2.040480434
2020-10-20 12:00;-2.437528294;0.083881333;0.575381425
2020-10-20 13:00;-1.926607936;-0.136877433;-0.342125294
2020-10-20 14:00;-2.174816228;-2.082108039;-0.681856361
2020-10-20 15:00;-3.434149331;-1.39358481;-1.549098866
2020-10-20 16:00;-2.330558801;-1.413381659;-0.99816639
2020-10-20 17:00;-1.551204476;-0.880131093;-1.48978544
2020-10-20 18:00;-3.037700001;-1.0855934;0.156649808
2020-10-20 19:00;-2.078003003;-2.478610911;-0.572466756
2020-10-20 20:00;-2.269018932;-2.009813019;-0.473985704
2020-10-20 21:00;-2.7592638;-2.430293234;1.067736199
2020-10-20 22:00;-3.470087087;-1.391456937;0.097543291
2020-10-20 23:00;-3.022686271;-2.018560441;-0.013104385
2020-10-21 00:00;-1.216643655;-2.264592227;-0.830502159
2020-10-21 01:00;-0.817065365;-0.995521392;-1.847265408
2020-10-21 02:00;-0.246682206;-2.877035093;-2.089525409
2020-10-21 03:00;-2.249899121;-4.264959656;-1.993871428
2020-10-21 04:00;-3.170300629;-1.435481282;-0.941226738
2020-10-21 05:00;-3.097776829;-2.305846953;-1.514752357
2020-10-21 06:00;-2.312618904;-2.513575084;-1.134792846
2020-10-21 07:00;-3.489857462;-1.793752112;-0.746127576
2020-10-21 08:00;-4.957164807;-1.066650583;-2.116328178
2020-10-21 09:00;-2.84312795;-2.479989166;-0.401449771
2020-10-21 10:00;-4.189499803;-2.235582338;1.480901408
2020-10-21 11:00;-3.717808687;-3.376201885;2.107940926
2020-10-21 12:00;-4.50196656;-2.435110066;1.815661621
2020-10-21 13:00;-5.200572037;-2.795997218;1.445868302
2020-10-21 14:00;-3.491012905;-0.859656446;1.46219715
2020-10-21 15:00;-3.285623372;-0.559695216;-1.034415058
2020-10-21 16:00;-1.312780143;-1.772143707;0.48466564
2020-10-21 17:00;-2.239544945;-0.741439861;0.919150606
2020-10-21 18:00;-1.316277919;-0.181978744;3.063873701
2020-10-21 19:00;-1.5883413;2.589188362;0.63542739
2020-10-21 20:00;1.310834434;-0.506498427;0.596420868
2020-10-21 21:00;1.328792667;-0.673050181;1.337451952
2020-10-21 22:00;1.003121008;0.358142763;1.514572945
2020-10-21 23:00;0.184869086;1.809589431;0.374860432
2020-10-22 00:00;2.475811257;0.696456363;0.5111393
2020-10-22 01:00;2.381195129;0.242201787;-0.135027287
2020-10-22 02:00;1.023522596;-0.788071535;-1.581280226
2020-10-22 03:00;-0.274066293;0.528832558;-1.377300374
2020-10-22 04:00;1.094118856;0.933902616;-1.404824007
2020-10-22 05:00;1.510782505;-1.997077251;-1.649277516
2020-10-22 06:00;-0.717089739;-3.802488813;-1.134818116
2020-10-22 07:00;-2.475622301;-1.50569052;-2.180393836
2020-10-22 08:00;-1.588221069;-0.956669525;-1.307691229
2020-10-22 09:00;-1.549401389;-0.792508838;-0.351818859
2020-10-22 10:00;-0.631482138;-1.575372434;-0.308381548
2020-10-22 11:00;-1.244015701;-0.401078438;-0.683481533
2020-10-22 12:00;-1.357678042;0.603491661;-0.58668328
2020-10-22 13:00;0.069054695;0.225088062;-1.105140093
2020-10-22 14:00;1.529667064;-0.983745063;-1.664392608
2020-10-22 15:00;-0.93865084;-1.545873351;-0.993022305
2020-10-22 16:00;-2.951908847;-2.24016001;-1.596149574
2020-10-22 17:00;-4.057550407;-1.15967126;-2.116623007
2020-10-22 18:00;-2.97499847;-1.332475815;-1.022257685
2020-10-22 19:00;-2.728278651;-2.119314947;-1.31857793
2020-10-22 20:00;-2.96594209;-0.01119457;-1.353805608
2020-10-22 21:00;-2.815888482;-0.932040956;0.209823466
2020-10-22 22:00;-1.715196884;-1.524813742;0.457474501
2020-10-22 23:00;-1.150399006;0.415861585;0.766093296
2020-10-23 00:00;-0.085436065;-0.651647702;-1.336721475
2020-10-23 01:00;-0.453780254;-0.629792263;-3.367878228
2020-10-23 02:00;0.465346663;0.566724626;-1.592920988
2020-10-23 03:00;-0.595035904;0.596242896;-3.880073254
2020-10-23 04:00;-0.024716712;-0.206812496;-5.390107273
2020-10-23 05:00;-1.210374669;-1.499533172;-2.766867813
2020-10-23 06:00;-3.667128628;-2.392539701;-3.589592098
2020-10-23 07:00;-1.655055186;-1.379809648;-3.029084387
2020-10-23 08:00;-2.70565609;-1.214179641;-3.049225392
2020-10-23 09:00;-3.772355007;-2.491700452;-2.064812659
2020-10-23 10:00;-3.140600966;-4.00539897;-2.11671664
2020-10-23 11:00;-5.933927104;-4.762909268;-0.327019154
2020-10-23 12:00;-7.281290963;-3.563935565;-0.558784102
2020-10-23 13:00;-6.043548569;-4.13732368;-2.199705106
2020-10-23 14:00;-3.835736661;-5.463421094;-2.02075664
2020-10-23 15:00;-6.030419401;-4.611622515;-0.270742638
2020-10-23 16:00;-5.02183206;-3.660997514;-0.824242709
2020-10-23 17:00;-4.418067786;-3.955555619;-2.598177787
2020-10-23 18:00;-3.319195006;-2.25767038;-3.156027878
2020-10-23 19:00;-3.130146958;-3.105569487;-3.150967547
2020-10-23 20:00;-3.938579047;-3.582375594;-3.052479814
2020-10-23 21:00;-4.385566605;-3.420332807;-2.82726391
2020-10-23 22:00;-3.732956777;-4.308252138;-2.419109874
2020-10-23 23:00;-5.271699438;-2.965384911;-1.994442095
2020-10-24 00:00;-6.902672044;-3.927071608;-0.317195784
2020-10-24 01:00;-5.89414587;-2.370604703;-2.916349041
2020-10-24 02:00;-4.129999504;-3.587462964;-2.184900383
2020-10-24 03:00;-3.929918406;-2.785893255;-1.030560521
2020-10-24 04:00;-4.10398177;-2.526877511;-0.647829816
2020-10-24 05:00;-3.713259949;-0.875640067;0.195089136
2020-10-24 06:00;-2.824039392;1.555223719;0.806924069
2020-10-24 07:00;0.64763633;0.342657797;-0.242216992
2020-10-24 08:00;-0.336869848;1.073453746;1.493658974
2020-10-24 09:00;0.343042786;1.244939427;0.55220559
2020-10-24 10:00;1.64361313;0.228868499;-1.484672819
2020-10-24 11:00;1.003337462;-1.504196519;-1.812106092
2020-10-24 12:00;0.845595397;-2.757057213;-0.681856455
2020-10-24 13:00;-0.785086268;-2.948866507;-1.113552914
2020-10-24 14:00;-2.011688087;-1.471061329;0.210459535
2020-10-24 15:00;-2.41010867;-0.328504722;1.252851268
2020-10-24 16:00;-1.922754212;-1.455504161;-0.227451992
2020-10-24 17:00;-2.057168636;-2.018197372;-1.75851116
2020-10-24 18:00;-1.890011505;-2.085224069;-0.538953977
2020-10-24 19:00;-1.619917491;-1.726768536;-0.864284759
2020-10-24 20:00;-2.519240018;0.005054713;-1.600933091
2020-10-24 21:00;-1.434306373;-1.857294581;-1.668365
2020-10-24 22:00;-1.682483815;-2.334590659;-0.551734171
2020-10-24 23:00;-3.618982699;-0.824160402;0.631798863
2020-10-25 00:00;-3.502983129;-0.135934127;0.839256185
2020-10-25 01:00;-1.698550095;1.075836044;1.153623965
2020-10-25 02:00;0.552332303;-0.272344272;0.999452654
2020-10-25 03:00;0.444064273;-0.615867079;-0.55885876
2020-10-25 04:00;-0.234939784;-1.034703082;-0.576498062
2020-10-25 05:00;-2.361942093;-1.23730832;-0.573250222
2020-10-25 06:00;-1.817680097;-1.969352315;-0.218845278
2020-10-25 07:00;-2.955360121;-1.728042699;0.896872817
2020-10-25 08:00;-4.029735552;0.567275514;1.475068534
2020-10-25 09:00;-2.091699918;1.008659033;-0.649934645
2020-10-25 10:00;1.28244713;0.877073325;-0.16332088
2020-10-25 11:00;-0.315951115;-1.207444354;0.934413553
2020-10-25 12:00;-0.533888499;-0.73150302;1.005814367
2020-10-25 13:00;-0.521997943;0.091275565;1.352780547
2020-10-25 14:00;-0.097871697;1.030336296;3.687416232
2020-10-25 15:00;0.110662463;1.127310759;4.403497069
2020-10-25 16:00;1.059242648;1.151287259;5.889938367
2020-10-25 17:00;2.020122048;1.627500994;4.200259921
2020-10-25 18:00;2.590073909;0.122397584;3.281271707
2020-10-25 19:00;1.089884172;1.675217124;1.069754713
2020-10-25 20:00;2.742119174;1.727529346;1.480348349
2020-10-25 21:00;4.27917877;1.654318873;1.121248291
2020-10-25 22:00;2.048064343;-0.134141085;0.571218325
2020-10-25 23:00;0.135145877;-0.098087297;-1.131389375
2020-10-26 00:00;1.714374343;0.349021196;-0.705039008
2020-10-26 01:00;2.528774135;1.301393736;0.685311004
2020-10-26 02:00;3.069424427;2.689782864;0.93710058
2020-10-26 03:00;3.162541375;0.820148788;-0.302439111
2020-10-26 04:00;1.122732643;0.700754847;0.017485857
2020-10-26 05:00;0.083141846;-0.696568857;-0.129648634
2020-10-26 06:00;-0.664452351;-1.338463085;1.072760687
2020-10-26 07:00;-1.234155887;0.023777458;1.295440873
2020-10-26 08:00;0.649841735;0.991873088;1.750870634
2020-10-26 09:00;1.653825972;1.949673474;0.161313031
2020-10-26 10:00;1.504715248;2.102004165;1.3172013
2020-10-26 11:00;0.198248227;0.227738493;2.694098497
2020-10-26 12:00;1.688308382;-0.7664101;0.474384782
2020-10-26 13:00;-0.421764081;-0.490086427;0.62231012
2020-10-26 14:00;-0.274699122;-0.092233642;-1.759403206
2020-10-26 15:00;0.434507855;-1.312603142;-1.637093433
2020-10-26 16:00;-3.40E-05;-1.195699519;-1.068706169
2020-10-26 17:00;0.203040727;-0.678512645;0.296966977
2020-10-26 18:00;1.685628104;-0.403589947;1.606742718
2020-10-26 19:00;0.593895895;-0.354772544;0.685272181
2020-10-26 20:00;-1.57651138;-0.851389546;0.871045172
2020-10-26 21:00;-2.785725241;-1.245142244;1.348189552
2020-10-26 22:00;-3.674920129;-0.001802118;0.869594143
2020-10-26 23:00;-1.676293532;1.055157111;1.081648954
2020-10-27 00:00;-0.0397712;1.857258683;2.259016512
2020-10-27 01:00;1.875425547;2.463150657;0.431563386
2020-10-27 02:00;1.689494367;2.904224613;0.876436577
2020-10-27 03:00;1.622463237;1.384968094;0.499741619
2020-10-27 04:00;2.349387861;1.830944059;0.51538875
2020-10-27 05:00;2.26332681;1.199199334;1.240348705
2020-10-27 06:00;-0.591542385;1.398589984;0.953976978
2020-10-27 07:00;2.339573704;1.823763354;1.051070259
2020-10-27 08:00;1.852333624;-0.592474872;0.59046343
2020-10-27 09:00;0.318370262;-2.962440404;0.698900271
2020-10-27 10:00;-2.592522107;-3.141784415;0.812112158
2020-10-27 11:00;-2.541034054;-0.949074585;0.21807454
2020-10-27 12:00;-1.710483081;0.993631517;-0.202486887
2020-10-27 13:00;-1.697944471;1.028451249;0.058691425
2020-10-27 14:00;-0.147920243;1.649649556;-0.328694272
2020-10-27 15:00;0.725660765;1.986642574;-2.920014091
2020-10-27 16:00;3.273759233;3.897420344;-2.823244781
2020-10-27 17:00;3.574414878;3.109747516;-2.333338187
2020-10-27 18:00;3.753498723;0.200683028;-1.789259585
2020-10-27 19:00;3.810025533;0.171444846;-1.359690365
2020-10-27 20:00;3.651953924;-0.392882372;-2.199002949
2020-10-27 21:00;1.869139629;0.756429963;0.806509712
2020-10-27 22:00;2.026760845;0.79922522;1.18310832
2020-10-27 23:00;2.826416679;1.692669168;2.08890163
2020-10-28 00:00;3.595258262;1.656798412;0.700080249
2020-10-28 01:00;1.718275837;-0.226976676;0.504937351
2020-10-28 02:00;-0.427132335;-1.02679877;-0.084980903
2020-10-28 03:00;-1.404505513;-0.780371469;-1.738999078
2020-10-28 04:00;-1.206279106;-2.331481823;-1.761531103
2020-10-28 05:00;-2.747839521;0.051473534;-1.029798015
2020-10-28 06:00;-2.032985579;-0.1353964;0.754399901
2020-10-28 07:00;-2.214947869;-0.907658618;1.418070224
2020-10-28 08:00;-1.680530376;-0.158029304;0.445723243
2020-10-28 09:00;0.04735638;-0.666815476;0.906330288
2020-10-28 10:00;-1.391371791;-1.050765889;-0.653819325
2020-10-28 11:00;-1.669059989;-2.517644569;-0.055534972
2020-10-28 12:00;-2.159753003;-0.98818006;-1.365936915
2020-10-28 13:00;-2.054276688;-0.515328547;-3.871528601
2020-10-28 14:00;-2.069912745;-0.910766857;-1.865671699
2020-10-28 15:00;-1.952950678;-2.660220456;-2.809916529
2020-10-28 16:00;-0.880559343;-3.609402799;-2.323916288
2020-10-28 17:00;-2.938460818;-3.563381036;-2.851576474
2020-10-28 18:00;-3.515381237;-2.815555156;-2.482942015
2020-10-28 19:00;-1.635980426;-2.347254307;-1.775272958
2020-10-28 20:00;-4.183599754;-2.376424237;-0.271796159
2020-10-28 21:00;-4.185954919;-1.283380776;0.127329955
2020-10-28 22:00;-4.128659077;-0.976158553;0.124371446
2020-10-28 23:00;-1.996785485;0.019715953;-2.718485547
2020-10-29 00:00;-3.486677753;0.493548772;-2.161213052
2020-10-29 01:00;-1.914311641;-0.01810663;-2.045899101
2020-10-29 02:00;0.132927903;-0.312573131;-3.027880686
2020-10-29 03:00;-1.049642465;-1.063412903;-2.635886607
2020-10-29 04:00;-1.333205704;-2.255252902;-2.170798548
2020-10-29 05:00;-1.904545406;-3.086554053;-3.151815514
2020-10-29 06:00;-3.239267409;-2.283933257;-1.157212814
2020-10-29 07:00;-2.678535529;-3.728299192;-1.777719901
2020-10-29 08:00;-3.577147906;-4.326214338;-0.558123404
2020-10-29 09:00;-3.937413401;-3.881328435;-0.537916125
2020-10-29 10:00;-3.387414175;-2.635057232;-1.513935799
2020-10-29 11:00;-1.603761963;-2.351345311;-2.800639554
2020-10-29 12:00;-1.035142377;-0.3705743;-1.365372812
2020-10-29 13:00;-0.498518578;0.045787932;-2.026710494
2020-10-29 14:00;-0.349433244;-0.533981181;-0.456453988
2020-10-29 15:00;0.104110091;-0.926394245;-0.473801826
2020-10-29 16:00;-0.749502405;-0.809677138;-1.005077613
2020-10-29 17:00;-1.174273218;0.624070278;0.746285015
2020-10-29 18:00;0.043457052;0.974455732;-0.761044258
2020-10-29 19:00;-0.64724021;0.495085508;-2.070820694
2020-10-29 20:00;1.399949809;-0.687588029;-0.924777684
2020-10-29 21:00;0.766258769;-0.807832835;-0.230923997
2020-10-29 22:00;-0.432075886;-0.830460232;-1.108817526
2020-10-29 23:00;-1.895098891;0.510735409;0.040310573
2020-10-30 00:00;-0.444874024;-0.431196903;-0.262178531
2020-10-30 01:00;-0.182005057;-1.645031259;0.642405731
2020-10-30 02:00;-0.546788882;-1.082652639;1.731417949
2020-10-30 03:00;0.862534004;-0.765154042;1.858432945
2020-10-30 04:00;0.93553756;0.193746817;2.100226924
2020-10-30 05:00;1.360680396;0.727154677;1.243193121
2020-10-30 06:00;0.986306703;0.660486192;1.034940045
2020-10-30 07:00;1.380016469;-0.792946946;0.928769783
2020-10-30 08:00;1.626294438;0.569992066;1.525903992
2020-10-30 09:00;1.477370532;1.019883449;2.345394534
2020-10-30 10:00;0.901280443;2.273785869;3.721213416
2020-10-30 11:00;1.149446011;2.835256444;2.981622197
2020-10-30 12:00;2.825253483;1.680220959;3.399511983
2020-10-30 13:00;2.843855452;2.224064941;2.806408821
2020-10-30 14:00;2.39770188;-0.356242389;2.350754729
2020-10-30 15:00;0.145007507;-0.458542567;0.747043023
2020-10-30 16:00;-0.00835909;-1.381251364;1.198141531
2020-10-30 17:00;-3.111047408;-1.394016697;0.814245538
2020-10-30 18:00;-3.131321826;-2.395452403;1.771305926
2020-10-30 19:00;-3.961142531;-1.670539406;1.757997992
2020-10-30 20:00;-3.454287731;0.259549725;1.719355299
2020-10-30 21:00;-1.748963348;1.339862568;1.839397522
2020-10-30 22:00;0.565908727;-1.563245452;2.856493355
2020-10-30 23:00;-0.363449874;-0.045944336;2.092420379
2020-10-31 00:00;0.233560349;0.917902374;1.81084913
2020-10-31 01:00;0.675741904;1.327213209;0.916874856
2020-10-31 02:00;1.787918764;-0.910135641;1.117715101
2020-10-31 03:00;0.13451562;-1.184331931;1.765247059
2020-10-31 04:00;-1.84326124;-1.956986502;1.581751242
2020-10-31 05:00;-4.697482493;-2.008107919;1.590457566
2020-10-31 06:00;-5.809730287;-1.44367067;0.84598394
2020-10-31 07:00;-4.956099154;-0.206434347;-0.017732013
2020-10-31 08:00;-2.821337426;-1.17411151;-0.093248326
2020-10-31 09:00;-2.452014383;-2.048304389;-0.92406457
2020-10-31 10:00;-1.928428507;-0.662768708;-1.835959644
2020-10-31 11:00;0.513148667;-0.392836638;-1.570051304
2020-10-31 12:00;-0.217167446;0.615745716;-2.275723898
2020-10-31 13:00;0.824516704;0.3108775;-0.681905253
2020-10-31 14:00;0.779315175;0.455711641;0.905347274
2020-10-31 15:00;0.222410891;0.958430988;1.682729228
2020-10-31 16:00;1.910535815;0.033625394;1.057815096
2020-10-31 17:00;1.018557781;-2.503211961;1.040731
2020-10-31 18:00;0.406045128;-1.189075369;1.903949159
2020-10-31 19:00;-1.766055721;1.243489922;0.67750538
2020-10-31 20:00;0.186137877;0.458238648;-0.581079295
2020-10-31 21:00;1.036556562;-0.006343411;-0.534097449
2020-10-31 22:00;0.518617113;-0.69031724;-0.564070775
2020-10-31 23:00;-0.452694941;-1.215212755;-1.068548845
2020-11-01 00:00;-0.204399682;-1.759443446;-1.423590992
2020-11-01 01:00;-2.560013652;-1.733862992;0.105003485
2020-11-01 02:00;-2.620660265;-0.544023586;0.608083468
2020-11-01 03:00;-1.97299939;-2.372496526;-0.243000184
2020-11-01 04:00;-2.509222292;-0.675186851;-1.025905467
2020-11-01 05:00;-0.115877959;-0.698930442;0.297284151
2020-11-01 06:00;-1.067210681;-0.768493224;0.780205328
2020-11-01 07:00;-2.620065053;-0.007423172;1.19932479
2020-11-01 08:00;-2.729682468;-0.606262662;1.029092447
2020-11-01 09:00;-2.971855182;0.801615404;1.971160193
2020-11-01 10:00;-1.225090202;0.961916251;0.497956879
2020-11-01 11:00;1.471971662;2.358417836;-0.009219697
2020-11-01 12:00;2.426699222;0.839289727;0.788324354
2020-11-01 13:00;-0.056064684;0.167398052;1.718373405
2020-11-01 14:00;-1.328640073;0.805242098;-0.305679916
2020-11-01 15:00;-1.920368445;0.204188893;-0.882705772
2020-11-01 16:00;-0.961655398;-0.054012884;-2.207609867
2020-11-01 17:00;-0.010694356;0.201833716;-0.423304326
2020-11-01 18:00;0.033397946;-0.535919611;-0.827049387
2020-11-01 19:00;-0.156304373;-2.175854517;-0.286476815
2020-11-01 20:00;-3.685337403;-1.417271526;-1.7577682
2020-11-01 21:00;-3.65018477;-1.580146271;-1.076805256
2020-11-01 22:00;-6.641948776;-1.740738156;-1.620031188
2020-11-01 23:00;-5.075634837;-1.972819966;-2.514592745
2020-11-02 00:00;-4.587472733;-1.506565279;-1.272243759
2020-11-02 01:00;-3.360173056;-2.614336879;-1.35613695
2020-11-02 02:00;-3.916114481;-1.954182844;-1.840408815
2020-11-02 03:00;-2.767910255;-3.143268928;-1.527639276
2020-11-02 04:00;-2.474792739;-0.983215978;-1.307242574
2020-11-02 05:00;-4.025446123;-1.466061286;-1.872170468
2020-11-02 06:00;-3.362233809;-1.951389835;-2.299999175
2020-11-02 07:00;-4.049209147;-1.86564055;-1.239123726
2020-11-02 08:00;-4.554102322;-1.336550474;-0.332247618
2020-11-02 09:00;-2.577947899;-2.256339347;-0.43312476
2020-11-02 10:00;-1.985973493;0.19902171;-0.951454255
2020-11-02 11:00;-0.81574226;0.104176129;-1.076816776
2020-11-02 12:00;-0.844656068;-1.813085713;-0.780592345
2020-11-02 13:00;-1.153053011;-1.966505376;-2.130075105
2020-11-02 14:00;-3.503427113;-2.990351179;-1.785080436
2020-11-02 15:00;-2.942700533;-1.823585646;-2.586458068
2020-11-02 16:00;-2.42058941;-1.392702667;-2.051843654
2020-11-02 17:00;-2.183139519;-0.808437038;-3.179596712
2020-11-02 18:00;-2.969086987;-1.058546049;-3.427731994
2020-11-02 19:00;-0.923396814;-0.071947537;-2.932255425
2020-11-02 20:00;1.869055005;-0.904919551;-3.961243375
2020-11-02 21:00;-0.667160744;-1.697919656;-3.25336812
2020-11-02 22:00;-1.886723658;-2.388054594;-3.144718915
2020-11-02 23:00;-1.8364066;-3.47771886;-2.45899419
2020-11-03 00:00;-3.852601331;-1.859134104;-1.226847075
2020-11-03 01:00;-2.418796854;-0.768267297;0.193076319
2020-11-03 02:00;-0.41403791;-0.484484846;1.476100679
2020-11-03 03:00;0.663947153;-0.122093865;2.210765336
2020-11-03 04:00;-1.047690274;-0.368463687;0.741201364
2020-11-03 05:00;-0.845959628;-0.322315682;1.024348077
2020-11-03 06:00;-1.790116084;-1.692272162;0.575103869
2020-11-03 07:00;-2.776610631;-0.44133543;-0.510010321
2020-11-03 08:00;-1.480609135;-0.157328944;1.209639309
2020-11-03 09:00;-0.830491902;-1.130469991;0.587776948
2020-11-03 10:00;-3.459714028;0.375512874;0.626607759
2020-11-03 11:00;-0.382246654;-0.468098127;-0.95548997
2020-11-03 12:00;-0.052929693;-0.452293249;-0.844377223
2020-11-03 13:00;-0.023689533;-0.362382564;-0.23423649
2020-11-03 14:00;-0.306266459;-0.430337728;0.477926731
2020-11-03 15:00;-1.001496651;0.685759152;0.409871484
2020-11-03 16:00;0.286852149;-0.055819238;2.218052305
2020-11-03 17:00;1.662914296;0.671826957;-0.096923517
2020-11-03 18:00;1.056940229;0.588825054;1.089341959
2020-11-03 19:00;2.204780313;0.333276353;1.560138543
2020-11-03 20:00;1.129746995;0.940787525;-0.270132269
2020-11-03 21:00;0.780247919;1.590187591;-1.017110515
2020-11-03 22:00;-0.787855922;1.982028519;-1.076181705
2020-11-03 23:00;0.689423141;2.227630958;-2.145761258
2020-11-04 00:00;4.305963586;0.957187034;-3.395180158
2020-11-04 01:00;2.63810972;0.160079883;-2.346074149
2020-11-04 02:00;0.887027422;-0.235350246;-0.6411643
2020-11-04 03:00;1.118884006;0.447684323;-1.608077422
2020-11-04 04:00;0.834323029;-0.222885301;-1.840811428
2020-11-04 05:00;1.402509192;-2.45710089;-1.824492965
2020-11-04 06:00;-2.635534091;-1.69244635;-1.956613253
2020-11-04 07:00;-0.814511708;0.357505748;-1.485518835
2020-11-04 08:00;1.233001992;-1.137158555;-1.675108763
2020-11-04 09:00;-1.710565513;0.709006016;-2.427455003
2020-11-04 10:00;0.723728378;-0.522486232;-2.15020815
2020-11-04 11:00;0.13168769;-0.721660639;-3.257324865
2020-11-04 12:00;1.816255424;0.420142452;-3.225113684
2020-11-04 13:00;2.831671367;-0.512189226;-2.643381225
2020-11-04 14:00;0.772215032;0.039585086;-2.504243515
2020-11-04 15:00;1.452469814;1.918062359;-1.71654614
2020-11-04 16:00;3.461775795;-0.971197409;-0.018995793
2020-11-04 17:00;1.596950759;-0.245130525;1.154073685
2020-11-04 18:00;-0.623440332;0.000444361;0.505258613
2020-11-04 19:00;-0.220957464;1.061873598;0.542016372
2020-11-04 20:00;0.885407641;-1.517922445;0.644819165
2020-11-04 21:00;0.328933552;-2.034985587;-0.059510368
2020-11-04 22:00;0.333082965;-0.864752999;-1.012399862
2020-11-04 23:00;0.545814805;-0.021230792;-2.230380511
2020-11-05 00:00;-1.286747897;-0.793318035;-2.96909365
2020-11-05 01:00;0.258701444;-0.80051835;-0.712412547
2020-11-05 02:00;-1.934082149;-2.27011069;-0.938067567
2020-11-05 03:00;-3.440475025;-0.100608759;-1.077715232
2020-11-05 04:00;-2.627084977;-1.360955485;-0.039574119
2020-11-05 05:00;-3.422744972;-2.072083835;-1.629972717
2020-11-05 06:00;-2.72928867;-0.475893797;-1.992235788
2020-11-05 07:00;-0.936958525;-1.241272239;0.15415213
2020-11-05 08:00;-2.479474866;-2.59106152;0.459957659
2020-11-05 09:00;-3.115561738;-0.902126481;-0.373682275
2020-11-05 10:00;-1.490347943;0.267762371;0.843829761
2020-11-05 11:00;-2.453214106;0.21129416;1.742741524
2020-11-05 12:00;-1.499468066;1.417626438;0.160228218
2020-11-05 13:00;0.746731807;2.903033085;0.642771742
2020-11-05 14:00;2.04406326;1.248394596;1.85832311
2020-11-05 15:00;2.318635539;1.297592308;0.412306677
2020-11-05 16:00;0.698610645;1.296228604;1.164070688
2020-11-05 17:00;0.450490921;2.108401588;0.205767763
2020-11-05 18:00;0.131265024;2.959305286;-0.117060558
2020-11-05 19:00;2.104669231;3.762388921;0.883462998
2020-11-05 20:00;4.346839816;3.726542983;0.305230245
2020-11-05 21:00;3.458415285;1.396911778;1.576938949
2020-11-05 22:00;2.372051889;1.771857014;1.612702854
2020-11-05 23:00;1.527912088;1.69418697;2.418137676
2020-11-06 00:00;1.500946091;2.431619351;1.762790891
2020-11-06 01:00;2.73631987;1.984095826;1.525653679
2020-11-06 02:00;0.878559428;3.580815338;0.584114167
2020-11-06 03:00;2.758846799;1.956171345;0.334295317
2020-11-06 04:00;3.737303381;2.903335821;0.661094552
2020-11-06 05:00;3.409065593;2.5528923;1.183632517
2020-11-06 06:00;4.980371349;1.403874188;0.869772472
2020-11-06 07:00;2.27884797;0.425630642;2.375157836
2020-11-06 08:00;0.738869152;-0.543633535;1.366007357
2020-11-06 09:00;-2.592053113;-1.774324405;0.511651486
2020-11-06 10:00;-3.276165378;-2.451934113;1.165475201
2020-11-06 11:00;-5.166559936;-1.63808609;0.580639655
2020-11-06 12:00;-2.186540511;-1.367751108;0.722686572
2020-11-06 13:00;-3.469661328;-1.560773677;-0.1312575
2020-11-06 14:00;-4.025880258;0.070623247;-1.15374879
2020-11-06 15:00;-3.167533373;-1.775749362;-1.928373885
2020-11-06 16:00;-3.260127824;-1.388713205;-2.211299676
2020-11-06 17:00;-2.385279023;-0.477657276;-0.179020818
2020-11-06 18:00;-0.444468375;0.775020553;-0.768541794
2020-11-06 19:00;-0.046211533;0.124335266;-0.916706922
2020-11-06 20:00;-2.790644561;1.403522418;0.711387616
2020-11-06 21:00;0.217475557;1.852534959;1.348404194
2020-11-06 22:00;1.311899512;1.806579905;0.20815523
2020-11-06 23:00;0.961174107;1.029155121;0.436722134
2020-11-07 00:00;0.879001233;0.129598324;0.247053789
2020-11-07 01:00;0.162691352;0.852500469;1.442188812
2020-11-07 02:00;0.395516953;1.643018128;1.166259217
2020-11-07 03:00;0.685542615;0.179305541;0.251894089
2020-11-07 04:00;0.310904477;0.85722391;-0.541758091
2020-11-07 05:00;1.496664459;1.789737002;0.039540299
2020-11-07 06:00;4.363703117;-0.521658662;-0.240926028
2020-11-07 07:00;2.657383166;-1.232240115;0.159859249
2020-11-07 08:00;1.887724352;-2.296311059;2.038311277
2020-11-07 09:00;-1.511513825;-2.844748577;2.156276153
2020-11-07 10:00;-3.51834424;-1.581166355;1.934271641
2020-11-07 11:00;-3.641255163;-1.896650926;1.870618617
2020-11-07 12:00;-3.142418348;-0.315087733;0.043560183
2020-11-07 13:00;-1.319509499;-1.367595557;1.461387928
2020-11-07 14:00;-0.906526034;-0.003551931;2.993294237
2020-11-07 15:00;-0.673625863;2.227994626;2.933448839
2020-11-07 16:00;0.820229013;0.856809592;3.470418303
2020-11-07 17:00;1.86676602;2.500863896;1.855139118
2020-11-07 18:00;3.446354003;3.097653127;1.7313328
2020-11-07 19:00;5.284848057;1.449800975;0.170666547
2020-11-07 20:00;4.140245082;1.789349371;1.665727308
2020-11-07 21:00;2.755422011;-0.376960924;0.960618845
2020-11-07 22:00;1.638715957;-2.081262384;1.640049876
2020-11-07 23:00;-2.308227701;-2.250930958;0.255218976
2020-11-08 00:00;-2.660230065;-1.358924437;-0.17909907
2020-11-08 01:00;-1.790351362;-1.535486218;-1.06791585
2020-11-08 02:00;-2.038188556;-0.763106814;-0.175155417
2020-11-08 03:00;-1.25979285;-0.861101884;1.924917986
2020-11-08 04:00;-2.416824417;0.200374291;1.833006985
2020-11-08 05:00;-0.496045117;-0.668458013;0.485945793
2020-11-08 06:00;-0.671702389;-0.164893941;0.832045193
2020-11-08 07:00;-0.953259316;-0.127232349;-0.111611717
2020-11-08 08:00;-0.508038892;0.298236735;-0.658565747
2020-11-08 09:00;-0.82847565;1.146531584;1.883896169
2020-11-08 10:00;0.186424949;1.268889656;0.435298271
2020-11-08 11:00;0.968137564;0.889728354;-0.097186496
2020-11-08 12:00;1.763148998;-1.188501955;0.021598818
2020-11-08 13:00;-1.280006507;-0.985362957;-1.016798404
2020-11-08 14:00;-0.495770928;0.835368119;-1.424479435
2020-11-08 15:00;1.69884357;1.822874249;-2.944126631
2020-11-08 16:00;2.807321919;0.819859355;-0.576445057
2020-11-08 17:00;1.164330649;-0.604721078;-0.462400889
2020-11-08 18:00;-0.044767304;-2.115033945;0.27371268
2020-11-08 19:00;-1.914609359;0.149254253;0.714744364
2020-11-08 20:00;-0.045791562;-0.080374984;0.544868819
2020-11-08 21:00;1.508477812;-1.752637638;0.609026481
2020-11-08 22:00;1.343050037;-1.944685465;-0.283859952
2020-11-08 23:00;-0.942479629;-1.335663619;-1.124800437
2020-11-09 00:00;-1.232684867;-0.04836856;-1.798865717
2020-11-09 01:00;0.079543899;-0.194863691;-2.336912711
2020-11-09 02:00;0.61426918;-2.232367327;-1.304398049
2020-11-09 03:00;-1.267437074;-4.179383442;-0.618919016
2020-11-09 04:00;-2.270406184;-2.431165859;1.112052804
2020-11-09 05:00;-2.398274234;-1.79217217;-0.129069971
2020-11-09 06:00;-2.570569046;-1.943339202;-1.341750355
2020-11-09 07:00;-1.717179937;-0.951783954;-1.29783867
2020-11-09 08:00;-1.329661417;0.251343841;-1.218016445
2020-11-09 09:00;-1.505133071;-0.941257181;-2.094803124
2020-11-09 10:00;-1.536890809;-1.106972534;-2.702194027
2020-11-09 11:00;-2.138926232;-1.535301375;-2.035830802
2020-11-09 12:00;-1.967837488;-0.311371625;-2.389263907
2020-11-09 13:00;-2.09426977;0.102497222;-2.500830562
2020-11-09 14:00;0.08329858;0.418152743;-3.617234888
2020-11-09 15:00;-0.301142661;-1.704509707;-5.981887758
2020-11-09 16:00;-2.255646314;-1.270218479;-4.456046068
2020-11-09 17:00;-1.96248422;-3.194227681;-3.710387054
2020-11-09 18:00;-3.929519435;-3.766667193;-3.50087141
2020-11-09 19:00;-3.320074297;-2.517649396;-1.374548052
2020-11-09 20:00;-2.594056191;-1.655099796;-2.103480601
2020-11-09 21:00;-2.500437772;-2.085741104;-2.267820858
2020-11-09 22:00;-1.325153115;-1.744383996;-1.514229599
2020-11-09 23:00;-1.507229925;-1.128386326;-1.870251544
2020-11-10 00:00;-0.307548681;-0.983560486;-1.672834979
2020-11-10 01:00;0.31257046;-1.579264262;-0.430289169
2020-11-10 02:00;-2.947798173;-1.409894232;0.401757948
2020-11-10 03:00;-1.222107331;-0.645686639;1.553243642
2020-11-10 04:00;-0.928784128;-0.730001453;1.203472077
2020-11-10 05:00;-1.383685956;1.124258184;0.985211829
2020-11-10 06:00;-1.770647234;1.311556094;1.348557007
2020-11-10 07:00;1.199130734;1.925602509;0.800962832
2020-11-10 08:00;1.930399926;0.727305701;-0.165403323
2020-11-10 09:00;1.573239388;-0.073672559;0.676590543
2020-11-10 10:00;0.280052704;0.206064599;0.551234359
2020-11-10 11:00;-0.605501532;-0.421233544;1.891926021
2020-11-10 12:00;0.140463365;0.160542798;1.849366702
2020-11-10 13:00;0.674187794;0.009297506;2.697788226
2020-11-10 14:00;-0.056818156;-0.551913402;1.824581217
2020-11-10 15:00;-1.110684455;0.567054669;0.972403057
2020-11-10 16:00;1.123541298;0.818635242;1.700735392
2020-11-10 17:00;0.597493467;-0.849790782;2.590592792
2020-11-10 18:00;0.105311629;-1.444876742;2.673152501
2020-11-10 19:00;-2.441877943;-1.513951904;3.20360545
2020-11-10 20:00;-1.315805614;-0.288649592;3.357917157
2020-11-10 21:00;-1.092367623;0.229849135;2.542271275
2020-11-10 22:00;1.411511595;1.369409741;2.050646687
2020-11-10 23:00;1.964126512;0.076461539;0.957658092
2020-11-11 00:00;-0.839744317;0.070537121;1.377336262
2020-11-11 01:00;-0.208372123;0.577318369;0.84096104
2020-11-11 02:00;0.576922713;-1.642249082;0.02997622
2020-11-11 03:00;-0.180851579;-1.512254451;1.757769003
2020-11-11 04:00;0.040288452;-1.653576293;3.100111108
2020-11-11 05:00;-0.82498712;-1.264222539;2.701451184
2020-11-11 06:00;-1.7719457;-2.447436406;3.755560195
2020-11-11 07:00;-3.240099869;-2.531384969;2.472575884
2020-11-11 08:00;-3.881421523;-0.649720983;3.727977746
2020-11-11 09:00;-1.211742648;0.003448212;3.479514998
2020-11-11 10:00;-0.735980937;0.117153659;1.39134239
2020-11-11 11:00;-1.042059162;1.784958895;1.719666267
2020-11-11 12:00;1.032549197;0.786968469;0.998106245
2020-11-11 13:00;1.97091512;1.698944861;-0.312865025
2020-11-11 14:00;0.988645049;1.815856501;-0.288717389
2020-11-11 15:00;3.846969332;0.036515605;-0.231824037
2020-11-11 16:00;0.722194578;0.875446956;-0.421049918
2020-11-11 17:00;0.235723018;-1.58581791;-0.470030485
2020-11-11 18:00;-0.506240556;-0.843153134;0.710529337
2020-11-11 19:00;-1.286341188;-1.632040452;0.235174504
2020-11-11 20:00;-2.97572465;-1.758043986;0.330540075
2020-11-11 21:00;-3.745380337;-2.078003481;1.258899614
2020-11-11 22:00;-2.820856734;-1.77025211;1.068615258
2020-11-11 23:00;-3.722883193;-1.48935203;0.635488581
2020-11-12 00:00;-3.577437199;-1.883202634;-1.031187879
2020-11-12 01:00;-4.467606508;-1.503535561;-1.978827117
2020-11-12 02:00;-2.766045413;0.064240379;-0.45704989
2020-11-12 03:00;-0.01139506;-0.030014012;0.54943172
2020-11-12 04:00;-0.137255146;0.223636596;0.480577242
2020-11-12 05:00;0.136279365;3.40248048;-0.121657491
2020-11-12 06:00;3.338173287;3.267105164;-0.051453252
2020-11-12 07:00;3.822941102;2.404338463;0.041596345
2020-11-12 08:00;3.812968247;1.517990146;-0.6460503
2020-11-12 09:00;3.500157955;-0.409925672;-0.923248269
2020-11-12 10:00;-1.000964067;0.091885833;-0.554458155
2020-11-12 11:00;0.66008686;-2.294121905;-0.816456308
2020-11-12 12:00;-0.077607306;-1.40778323;-0.100960842
2020-11-12 13:00;-0.976233957;-0.92044882;-1.130707367
2020-11-12 14:00;-1.718426775;-1.162827624;1.228884886
2020-11-12 15:00;-3.313370971;-0.418490327;-0.250690164
2020-11-12 16:00;-3.006049201;-1.373809205;-1.738739854
2020-11-12 17:00;-2.348045195;0.325503656;-1.538087951
2020-11-12 18:00;-1.929597807;1.189984318;-2.428581926
2020-11-12 19:00;-0.541023336;-0.375982753;-0.842373262
2020-11-12 20:00;-1.59155462;-2.203475106;-0.623795755
2020-11-12 21:00;-2.220098294;-1.366625409;-0.941341417
2020-11-12 22:00;-1.081775226;0.166475509;-1.202024421
2020-11-12 23:00;-0.460396407;-0.098666572;-1.107332235
2020-11-13 00:00;-1.230717971;1.641466285;-2.489896501
2020-11-13 01:00;3.235180368;2.323594091;-2.633908569
2020-11-13 02:00;4.046324817;1.188724442;-3.090040563
2020-11-13 03:00;4.281671236;0.562645501;-1.765311054
2020-11-13 04:00;3.322779579;-0.849879613;-0.139453002
2020-11-13 05:00;1.184481212;0.414407131;1.658806043
2020-11-13 06:00;-0.238986416;0.112581258;1.318206098
2020-11-13 07:00;-1.087416342;-0.537298024;0.87305147
2020-11-13 08:00;-0.829971267;-0.548308279;-0.420737381
2020-11-13 09:00;-1.158305659;-1.475471064;0.309789668
2020-11-13 10:00;-2.416260419;-0.622478716;0.488276688
2020-11-13 11:00;-2.778228895;-1.031467118;-0.705928856
2020-11-13 12:00;-3.672142432;-1.578203762;-0.442821344
2020-11-13 13:00;-0.95620266;-1.148140147;0.42964533
2020-11-13 14:00;-2.145652661;-1.47338002;-1.141154183
2020-11-13 15:00;-1.969594148;1.220750756;-0.786372101
2020-11-13 16:00;1.724511148;-0.369109527;-2.304555549
2020-11-13 17:00;1.157674327;0.17779152;-1.02841029
2020-11-13 18:00;0.439164488;1.198000177;-0.010120955
2020-11-13 19:00;3.405129974;1.312483619;0.472410324
2020-11-13 20:00;2.943300267;0.788564359;-0.767323698
2020-11-13 21:00;1.396654822;1.034870518;0.49883598
2020-11-13 22:00;0.732587685;3.441939852;-0.693351385
2020-11-13 23:00;2.414280828;2.147796246;-0.435919034
2020-11-14 00:00;2.527339571;2.719978573;-0.690691909
2020-11-14 01:00;1.515955926;0.205468863;0.904368717
2020-11-14 02:00;0.617110467;1.982453218;-0.039723902
2020-11-14 03:00;1.204023017;0.315898048;-0.747645432
2020-11-14 04:00;1.500486263;0.018991169;-0.258717798
2020-11-14 05:00;1.09100769;0.391063693;-0.44339868
2020-11-14 06:00;1.350731291;0.74471086;0.645816174
2020-11-14 07:00;-1.195108382;1.577034404;-0.285759453
2020-11-14 08:00;-0.840425242;1.514113769;-0.070440685
2020-11-14 09:00;-0.171115141;2.954195308;-0.69510437
2020-11-14 10:00;2.843073688;2.122880465;0.314092322
2020-11-14 11:00;1.658314854;-0.628361562;1.629686639
2020-11-14 12:00;1.30433334;-0.096586924;2.520463193
2020-11-14 13:00;0.590781029;-0.30200217;0.377814933
2020-11-14 14:00;-0.512007351;-0.913096395;-0.583831319
2020-11-14 15:00;-0.406997407;-1.564120643;0.076190653
2020-11-14 16:00;-0.881155862;-1.086566248;-0.37808493
2020-11-14 17:00;-3.201370322;-1.553332921;-0.053043445
2020-11-14 18:00;-1.553817758;-1.619399699;-0.165456802
2020-11-14 19:00;-2.064765063;-0.831387204;0.879973048
2020-11-14 20:00;-1.92499022;0.204445156;0.583346428
2020-11-14 21:00;-0.397599823;0.034443526;1.417423371
2020-11-14 22:00;-0.185826823;0.480012343;1.294486544
2020-11-14 23:00;0.21655157;0.294856966;0.255229355
2020-11-15 00:00;-2.549079149;-1.226281526;0.447338993
2020-11-15 01:00;-1.495677813;0.145190161;-0.596809868
2020-11-15 02:00;-1.183560076;-0.081479394;-0.438173382
2020-11-15 03:00;-1.712663961;0.002245718;-1.023473961
2020-11-15 04:00;-0.20781512;-0.783722753;-1.75338038
2020-11-15 05:00;-1.164478811;-1.302611605;-2.101212678
2020-11-15 06:00;-1.340787576;-1.15244583;-0.383356528
2020-11-15 07:00;-2.32950243;-0.136462243;-0.629785934
2020-11-15 08:00;-1.540991851;-1.961566327;-0.100144549
2020-11-15 09:00;-0.327794192;0.55855717;1.896625879
2020-11-15 10:00;-2.071901046;1.843297566;1.664212027
2020-11-15 11:00;-0.279018686;-0.018264639;1.144910494
2020-11-15 12:00;2.102177016;-1.061794399;1.876312758
2020-11-15 13:00;-2.121268715;-0.275041604;2.449676052
2020-11-15 14:00;-1.223076959;0.273872798;4.142457818
2020-11-15 15:00;-0.753473286;-0.259913886;3.84610343
2020-11-15 16:00;-1.601977106;-1.07993824;3.269994104
2020-11-15 17:00;-0.661603585;-1.815915042;2.564514879
2020-11-15 18:00;-2.11870222;-0.698227456;1.097119198
2020-11-15 19:00;-0.546143384;0.831403212;-1.280948622
2020-11-15 20:00;-0.003722981;1.555810172;-1.299019566
2020-11-15 21:00;-0.872373441;0.431979262;-1.869481693
2020-11-15 22:00;-0.167628569;1.8789105;-0.828285807
2020-11-15 23:00;-0.129866882;2.264354861;-1.556792417
2020-11-16 00:00;0.879841699;1.378563593;-0.78642502
2020-11-16 01:00;1.802753836;-0.402881529;-0.073433214
2020-11-16 02:00;0.893676788;0.236139551;-0.967711811
2020-11-16 03:00;0.31015975;-1.796758512;-0.61389182
2020-11-16 04:00;-2.215448583;-1.806721661;0.012974876
2020-11-16 05:00;-2.638327231;-1.353270579;0.013608737
2020-11-16 06:00;-2.910664838;-1.047111311;0.948922648
2020-11-16 07:00;-3.210397869;0.445216377;1.749368912
2020-11-16 08:00;-0.929349594;-0.419120595;0.662947133
2020-11-16 09:00;-1.549653749;-0.482054495;1.407840264
2020-11-16 10:00;-2.595314342;1.701502835;0.703397505
2020-11-16 11:00;-2.020568294;1.689971584;-1.189436078
2020-11-16 12:00;0.311521636;0.106171357;-1.83057622
2020-11-16 13:00;-1.029538652;0.788110316;-3.086591748
2020-11-16 14:00;-1.055750722;2.682438916;-2.020693959
2020-11-16 15:00;2.512748673;3.018436141;-1.551670745
2020-11-16 16:00;3.022548673;0.064261684;-0.54909147
2020-11-16 17:00;2.850984687;1.47124948;-0.140433565
2020-11-16 18:00;1.962554802;0.415931429;-0.929456974
2020-11-16 19:00;0.065912348;0.011983087;-0.474463448
2020-11-16 20:00;1.767316714;-1.463594781;-1.097684355
2020-11-16 21:00;0.540300534;-1.553491422;-1.018977756
2020-11-16 22:00;-0.392091173;-2.556808758;-1.477258331
2020-11-16 23:00;-1.167674161;-2.386859962;-1.302651477
2020-11-17 00:00;-1.785419322;-1.160373508;-1.953270639
2020-11-17 01:00;-4.017623699;0.050897073;-1.746034481
2020-11-17 02:00;-1.707768634;-0.94425957;0.357650933
2020-11-17 03:00;-1.981090829;-0.479645637;0.12826255
2020-11-17 04:00;-2.590902832;0.081493627;1.04698319
2020-11-17 05:00;-2.156808234;0.793251908;-0.703704779
2020-11-17 06:00;-0.699517416;-1.581552857;-0.249079507
2020-11-17 07:00;-1.025471654;-2.296570112;-0.183129258
2020-11-17 08:00;-2.79921919;-1.806486037;1.052229389
2020-11-17 09:00;-4.059580708;-1.596600949;1.470976281
2020-11-17 10:00;-3.45840694;-0.645784869;2.547688419
2020-11-17 11:00;-1.535532294;-0.688529242;2.962812369
2020-11-17 12:00;-2.647072315;0.368139574;3.307460893
2020-11-17 13:00;-2.374452633;-0.401076567;2.819210668
2020-11-17 14:00;-0.968730959;2.268301536;1.619585709
2020-11-17 15:00;1.730054315;0.973662851;0.828729357
2020-11-17 16:00;0.432911583;-0.800095115;0.986716938
2020-11-17 17:00;0.110803975;0.097182232;1.063385431
2020-11-17 18:00;-0.256365777;1.631873435;-1.166787857
2020-11-17 19:00;0.350122457;2.601517863;-0.93409908
2020-11-17 20:00;4.141767136;3.133066596;-2.861137172
2020-11-17 21:00;3.44660762;3.259063078;-3.262711359
2020-11-17 22:00;5.234077106;1.621205856;-3.507735102
2020-11-17 23:00;5.108516879;0.240537189;-3.844392102
2020-11-18 00:00;3.21738342;-1.650156566;-4.390331432
2020-11-18 01:00;2.570268877;0.402768739;-2.338170749
2020-11-18 02:00;0.850762672;-0.640905886;-2.10715267
2020-11-18 03:00;1.016745302;-1.577723702;-1.071896557
2020-11-18 04:00;-0.497571075;-0.33473441;-1.729733328
2020-11-18 05:00;-0.922097214;-0.465112164;-2.776518481
2020-11-18 06:00;-0.551808904;0.931173808;-3.774605455
2020-11-18 07:00;0.752232011;-0.564363351;-4.140640272
2020-11-18 08:00;-0.502318072;-0.900680105;-5.686733145
2020-11-18 09:00;-0.036108835;-1.476413015;-4.64168108
2020-11-18 10:00;0.393767886;-1.227245937;-4.445732218
2020-11-18 11:00;0.660287723;-0.938906406;-3.919519278
2020-11-18 12:00;0.077805374;-0.692533979;-3.530843706
2020-11-18 13:00;-0.493091554;-0.588474962;-3.069414395
2020-11-18 14:00;-0.383225453;-1.045465897;-1.120319754
2020-11-18 15:00;-2.967790091;-0.059309413;-2.468149769
2020-11-18 16:00;-2.272687445;0.740343968;-2.352657698
2020-11-18 17:00;0.182028502;2.068056544;-0.87930629
2020-11-18 18:00;0.956400997;1.230635965;-0.634047451
2020-11-18 19:00;0.397213677;0.246531925;-0.934190867
2020-11-18 20:00;0.067954291;2.374190672;0.144780922
2020-11-18 21:00;2.847515903;0.627466644;1.961882941
2020-11-18 22:00;1.116051482;2.060735724;-1.168610369
2020-11-18 23:00;2.682434714;2.525920294;0.08919405
2020-11-19 00:00;2.119729802;1.586916047;0.650753416
2020-11-19 01:00;2.240922438;0.100996854;1.150186498
2020-11-19 02:00;3.050554073;0.329870361;0.505429247
2020-11-19 03:00;2.361135733;0.749007297;0.734684137
2020-11-19 04:00;1.139820957;-1.75284492;1.01495707
2020-11-19 05:00;-0.139910404;-0.789989374;-0.796043869
2020-11-19 06:00;1.747144869;-0.303668063;-1.904089794
2020-11-19 07:00;1.668331538;0.122526748;-0.010242266
2020-11-19 08:00;1.80854301;-1.665872814;-1.372913041
2020-11-19 09:00;-0.712832791;-1.354077733;-1.291882322
2020-11-19 10:00;0.535227177;-0.989943469;-0.742558121
2020-11-19 11:00;-0.26124985;1.739420876;-1.433639703
2020-11-19 12:00;2.397056525;1.598555964;0.256184957
2020-11-19 13:00;1.185067726;2.623341566;-0.110610984
2020-11-19 14:00;0.971094364;1.624821812;0.221374025
2020-11-19 15:00;0.22777646;0.895467852;-1.14615585
2020-11-19 16:00;1.320427631;0.394241123;-1.080145202
2020-11-19 17:00;2.248002716;0.374136947;-0.68136201
2020-11-19 18:00;-0.604775587;-0.610587987;-1.387651495
2020-11-19 19:00;-2.894165485;-0.179191912;-1.152636023
2020-11-19 20:00;-0.835843274;-1.12638243;-0.485498123
2020-11-19 21:00;0.288706766;-1.267244873;-0.234190537
2020-11-19 22:00;0.499226403;-1.104140109;1.027367017
2020-11-19 23:00;1.126124431;-0.420071893;0.449706991
2020-11-20 00:00;-0.596409074;0.719646925;0.699411467
2020-11-20 01:00;1.62678133;-0.938430454;1.726080246
2020-11-20 02:00;-0.768425584;-0.465711581;0.300491446
2020-11-20 03:00;-0.715168063;0.753347759;-0.65281931
2020-11-20 04:00;-1.478112204;1.185299255;1.159107538
2020-11-20 05:00;-0.284435419;1.525028191;1.31349244
2020-11-20 06:00;0.363862794;1.816005127;-1.496730205
2020-11-20 07:00;2.34825294;1.759891899;-1.793641085
2020-11-20 08:00;2.520189501;2.082129817;-1.150178827
2020-11-20 09:00;3.732883093;1.286894175;-1.43362121
2020-11-20 10:00;3.453320948;1.376543817;-0.008295022
2020-11-20 11:00;1.580891222;-0.255068794;0.44255923
2020-11-20 12:00;0.116729217;0.702068637;-1.493456875
2020-11-20 13:00;0.421892764;2.321034313;-2.717379211
2020-11-20 14:00;1.065584955;1.671769385;-2.448304356
2020-11-20 15:00;3.311028687;1.020230889;-1.23660089
2020-11-20 16:00;1.232491599;-0.613108164;-0.974837786
2020-11-20 17:00;0.832394073;-1.22104983;0.497330915
2020-11-20 18:00;-0.6931564;-0.331268233;0.111381093
2020-11-20 19:00;-1.449157041;1.600470415;-0.779510353
2020-11-20 20:00;-1.198545124;-0.843253286;1.933277083
2020-11-20 21:00;-0.400219598;-2.433392356;2.192095388
2020-11-20 22:00;-1.431161155;-3.57059953;2.046932063
2020-11-20 23:00;-4.185016277;-1.817697239;1.17080103
2020-11-21 00:00;-3.736470829;-1.573945852;0.918297977
2020-11-21 01:00;-2.058881882;-2.348882956;0.889716982
2020-11-21 02:00;-3.718010902;-2.460177936;-0.582942135
2020-11-21 03:00;-3.003083135;-2.947807728;-0.566618333
2020-11-21 04:00;-3.541868606;-1.934180216;-0.823111818
2020-11-21 05:00;-2.144852561;-2.199778354;0.13960347
2020-11-21 06:00;-3.188242812;-2.4670389;-2.207162998
2020-11-21 07:00;-1.063300169;-1.76280089;-2.786502921
2020-11-21 08:00;-2.837484907;-2.462000244;-2.778209629
2020-11-21 09:00;-3.576101497;-3.100799703;-3.956635414
2020-11-21 10:00;-5.837417617;-2.158542386;-3.021473713
2020-11-21 11:00;-2.943750512;-2.800336461;-2.676882659
2020-11-21 12:00;-2.123890682;-2.566524608;-1.689403306
2020-11-21 13:00;-3.112961715;-4.216510487;-2.829533316
2020-11-21 14:00;-5.487078541;-2.272871359;-1.918183374
2020-11-21 15:00;-4.499497268;-1.479340407;-2.089545418
2020-11-21 16:00;-1.552687226;-1.544183378;-1.587656785
2020-11-21 17:00;-1.737396411;-1.154463401;-3.300916967
2020-11-21 18:00;-0.241466018;-0.715791885;-2.95171524
2020-11-21 19:00;-1.318950721;-1.331368993;-0.618757195
2020-11-21 20:00;-1.354334815;-0.451328887;-0.516137507
2020-11-21 21:00;-2.464849027;-0.580363609;1.254214915
2020-11-21 22:00;-1.738944945;-1.972809224;0.082943002
2020-11-21 23:00;-1.67243295;-1.865024945;0.507759208
2020-11-22 00:00;-1.95914044;-1.946500313;0.737417482
2020-11-22 01:00;-2.71533966;-2.261551153;0.678548645
2020-11-22 02:00;-2.057525073;-0.77723162;-0.442076588
2020-11-22 03:00;-0.604024032;-0.524950068;-0.111723365
2020-11-22 04:00;-0.449268596;0.406515138;-0.722896773
2020-11-22 05:00;-1.42780653;0.482577001;-0.999594409
2020-11-22 06:00;-1.137495984;-0.650306854;-0.545075309
2020-11-22 07:00;-0.905007461;0.071882243;1.006495666
2020-11-22 08:00;0.075619883;-1.133862109;0.556234777
2020-11-22 09:00;-0.241523562;-0.787032902;0.706532132
2020-11-22 10:00;-0.884296337;0.061929878;-0.062225799
2020-11-22 11:00;-0.50934144;-0.27955212;-2.352416422
2020-11-22 12:00;-0.218619259;-1.192288869;-0.777836581
2020-11-22 13:00;-1.319421121;-1.377460571;-0.708093386
2020-11-22 14:00;-2.603835936;-1.216013342;0.043478675
2020-11-22 15:00;-3.162753535;-1.53479364;0.264803757
2020-11-22 16:00;-2.44158929;-1.188931787;-0.310119868
2020-11-22 17:00;-1.054113781;-0.552045406;0.394542426
2020-11-22 18:00;-1.90067562;-2.204316105;1.374447745
2020-11-22 19:00;-3.271187271;0.479246082;2.313167333
2020-11-22 20:00;-0.863126903;0.235901386;1.282007226
2020-11-22 21:00;-0.521362877;0.762933881;1.802648555
2020-11-22 22:00;0.200108189;1.298587762;0.876621346
2020-11-22 23:00;1.665425402;1.814985635;-1.130782436
2020-11-23 00:00;3.495676385;0.950235978;0.498876232
2020-11-23 01:00;2.666779416;1.111568497;-0.639868878
2020-11-23 02:00;2.980172577;1.169407928;0.462597315
2020-11-23 03:00;2.592315524;1.442396348;1.016028206
2020-11-23 04:00;3.200065166;0.637117123;1.533171346
2020-11-23 05:00;2.343487742;0.699163767;3.636442371
2020-11-23 06:00;2.583821554;0.520025741;2.081301616
2020-11-23 07:00;-0.155426571;0.486009713;1.910161548
2020-11-23 08:00;-1.648269848;1.276671435;1.788063645
2020-11-23 09:00;-0.464390313;2.195586222;1.337524314
2020-11-23 10:00;1.659310907;2.145704368;1.527799885
2020-11-23 11:00;2.830266083;0.298342294;1.639523146
2020-11-23 12:00;-0.16907493;1.477247299;1.244571166
2020-11-23 13:00;-0.210097953;2.408707234;-0.845617457
2020-11-23 14:00;2.797467837;2.95995354;-1.645223557
2020-11-23 15:00;3.666772141;1.823282282;0.237969358
2020-11-23 16:00;2.131619631;1.282325514;0.314016645
2020-11-23 17:00;3.061883199;-1.030803652;0.104659981
2020-11-23 18:00;0.724255244;-1.36950519;-0.826325353
2020-11-23 19:00;-0.693541175;-0.933506968;-0.920746461
2020-11-23 20:00;-2.224518661;-1.448059147;-0.078203201
2020-11-23 21:00;-0.840187773;-1.964762145;-1.498615439
2020-11-23 22:00;-1.024424068;-1.452003058;-2.190559124
2020-11-23 23:00;-3.257386917;0.270785779;-0.552521411
2020-11-24 00:00;-1.044912428;0.132879944;0.925660039
2020-11-24 01:00;0.524411713;0.003983009;0.920301368
2020-11-24 02:00;0.483860567;0.636490822;2.020396935
2020-11-24 03:00;-1.056467492;0.419670331;3.482252516
2020-11-24 04:00;-1.227449471;0.837832561;2.924715464
2020-11-24 05:00;-0.008463734;1.800347907;2.353580062
2020-11-24 06:00;1.648602684;1.553445794;0.906478566
2020-11-24 07:00;1.982909906;2.709305026;-0.276904361
2020-11-24 08:00;2.995984998;-0.505126506;-1.015747271
2020-11-24 09:00;-0.636037149;-1.420763253;-1.585135518
2020-11-24 10:00;-0.638584671;-0.224574315;-2.487536884
2020-11-24 11:00;-0.903162156;-0.372981664;-1.917631847
2020-11-24 12:00;-1.337092817;-1.917257784;-1.193801328
2020-11-24 13:00;-1.187170985;-0.657924667;-1.239232797
2020-11-24 14:00;-0.112458825;0.955391628;-1.457122395
2020-11-24 15:00;0.003607074;0.156809733;-0.247508756
2020-11-24 16:00;-0.588139972;-0.03835558;-0.54372208
2020-11-24 17:00;-0.329702317;0.953037673;1.098825448
2020-11-24 18:00;2.1286309;-1.047548638;-0.619370953
2020-11-24 19:00;2.681183659;-1.091600388;1.807259579
2020-11-24 20:00;0.614104859;1.161144391;2.095603063
2020-11-24 21:00;1.103176168;1.689054194;3.473883263
2020-11-24 22:00;2.507816431;1.406765477;4.1181285
2020-11-24 23:00;1.215655116;0.408806405;4.621858465
2020-11-25 00:00;-1.278995892;0.52795693;4.139398467
2020-11-25 01:00;-1.792076639;-0.094524065;4.091900736
2020-11-25 02:00;-0.761208665;1.707946362;0.577428529
2020-11-25 03:00;1.311083529;1.364078067;1.495052675
2020-11-25 04:00;2.636908723;2.542297612;2.191406084
2020-11-25 05:00;2.404535325;3.863612354;0.927865494
2020-11-25 06:00;3.104066409;4.390668542;-0.131722474
2020-11-25 07:00;3.384108261;2.92945785;0.5059231
2020-11-25 08:00;4.318615456;2.004699138;1.721678053
2020-11-25 09:00;3.370694983;0.896817697;2.102392168
2020-11-25 10:00;2.298531539;1.141523216;1.175629039
2020-11-25 11:00;1.802811462;1.322112765;2.008343736
2020-11-25 12:00;0.28579719;0.558203362;2.97525334
2020-11-25 13:00;0.527932919;-0.283840049;2.959387657
2020-11-25 14:00;-2.558394433;-0.993461555;2.227985055
2020-11-25 15:00;-3.708797648;0.873742494;0.827837914
2020-11-25 16:00;-0.337633376;1.565386105;1.552785254
2020-11-25 17:00;1.325248804;0.106043256;1.330130081
2020-11-25 18:00;0.064015747;2.381798322;1.53523825
2020-11-25 19:00;1.255106453;2.7406291;1.360486833
2020-11-25 20:00;0.678477925;4.616215415;1.099523593
2020-11-25 21:00;4.520105624;2.779557806;0.841771079
2020-11-25 22:00;5.705554758;2.695307874;0.933655474
2020-11-25 23:00;4.243849244;1.866897455;0.076858526
2020-11-26 00:00;3.285633633;0.075786845;0.46834344
2020-11-26 01:00;2.184815432;0.508509949;0.407940892
2020-11-26 02:00;0.143083966;0.802325081;-0.036992679
2020-11-26 03:00;0.373606738;0.930058626;-0.221684153
2020-11-26 04:00;-0.008190052;1.232244546;-0.877151043
2020-11-26 05:00;0.988293734;1.563325385;1.078562545
2020-11-26 06:00;1.863971366;-0.194439568;0.716486161
2020-11-26 07:00;0.774453054;-0.360031587;1.01694974
2020-11-26 08:00;-0.34194511;-1.09811414;0.6286137
2020-11-26 09:00;-0.83894196;-1.795538467;0.193482606
2020-11-26 10:00;-0.921583855;-0.783931788;-0.34111997
2020-11-26 11:00;-1.944173945;-1.130692704;-0.711250255
2020-11-26 12:00;-0.795057098;-0.426671765;-2.290235598
2020-11-26 13:00;-1.124530794;-0.774022329;-1.411820984
2020-11-26 14:00;-1.359565822;-1.525291792;-0.564026608
2020-11-26 15:00;-1.697742329;-1.329243388;-1.035520244
2020-11-26 16:00;-2.048859842;-1.313044264;-0.165166482
2020-11-26 17:00;-3.327884215;-0.331971479;0.600832733
2020-11-26 18:00;-1.534315836;1.69968221;0.596555085
2020-11-26 19:00;-0.065245403;0.890058081;1.967912531
2020-11-26 20:00;1.471322918;-2.07323881;2.722408757
2020-11-26 21:00;-2.77685325;-2.614431606;1.101331628
2020-11-26 22:00;-3.735991952;-2.590098384;1.131508222
2020-11-26 23:00;-4.131663136;-1.946412492;0.809002557
2020-11-27 00:00;-3.98439524;-1.947209224;1.333313714
2020-11-27 01:00;-2.839892341;-0.681877316;1.446518278
2020-11-27 02:00;-1.717400747;-0.137533685;2.241492025
2020-11-27 03:00;-1.373298776;0.235581479;1.319262394
2020-11-27 04:00;1.186964029;0.018791354;1.596077226
2020-11-27 05:00;0.588325397;2.739764435;-0.231279586
2020-11-27 06:00;1.997549161;0.668391415;0.349520764
2020-11-27 07:00;0.803542812;1.604946454;0.160941053
2020-11-27 08:00;1.529654574;-0.092718729;-0.966040282
2020-11-27 09:00;0.458291294;-0.114926609;-1.20857323
2020-11-27 10:00;0.770146157;-0.029863452;-1.398192536
2020-11-27 11:00;2.741253203;0.39120983;-1.160262722
2020-11-27 12:00;2.197803667;-1.067306736;0.397037947
2020-11-27 13:00;1.358981968;-1.417978698;0.449636453
2020-11-27 14:00;0.074002941;0.00878272;1.57700665
2020-11-27 15:00;-0.278387129;0.115663766;1.1781672
2020-11-27 16:00;-0.539072973;0.32750691;-0.342113779
2020-11-27 17:00;-0.53534791;-0.504646554;1.040060196
2020-11-27 18:00;1.400322035;-0.254062411;2.6001441
2020-11-27 19:00;1.451592558;-0.208215066;3.039507103
2020-11-27 20:00;0.241755637;-0.064307534;4.01605256
2020-11-27 21:00;-0.309905914;0.326734466;2.315173542
2020-11-27 22:00;-0.086734224;1.772953593;1.660499615
2020-11-27 23:00;2.248114217;-0.076372464;0.487146032
2020-11-28 00:00;-0.421004777;0.590114673;0.246744248
2020-11-28 01:00;0.095604682;1.772088957;0.229937015
2020-11-28 02:00;1.592701518;1.717285614;-1.298777909
2020-11-28 03:00;2.092369737;1.541770715;-2.56020699
2020-11-28 04:00;2.361622695;2.031346189;-2.942453214
2020-11-28 05:00;3.79488669;1.144051411;-2.134965519
2020-11-28 06:00;3.592217513;-0.870724548;-1.778021525
2020-11-28 07:00;0.759606181;-1.113533249;-2.384988191
2020-11-28 08:00;-0.102920243;-0.556688413;-1.318610669
2020-11-28 09:00;-2.802698977;-1.726159899;-1.242725669
2020-11-28 10:00;-1.350544063;-2.325912962;-0.601884793
2020-11-28 11:00;-3.370233649;-3.165198365;-0.873570911
2020-11-28 12:00;-3.490962904;-4.909547124;-0.344157877
2020-11-28 13:00;-7.072273335;-2.643015701;-1.347507345
2020-11-28 14:00;-6.83957393;-0.780102169;-1.158382955
2020-11-28 15:00;-3.520155697;-1.636705468;-0.780388839
2020-11-28 16:00;-1.862867796;-0.686771182;-1.066125565
2020-11-28 17:00;-0.040401771;-0.75017621;0.14475701
2020-11-28 18:00;-0.274794919;0.078686114;-0.028063755
2020-11-28 19:00;0.039433074;0.240366366;-1.661028906
2020-11-28 20:00;-0.861870567;-1.367020638;-1.115768263
2020-11-28 21:00;-2.29922867;-1.968257341;0.685394324
2020-11-28 22:00;-3.469126788;0.115992607;0.31914185
2020-11-28 23:00;-0.265096156;0.419630726;0.544186113
2020-11-29 00:00;-0.916547298;0.606335021;-0.197821824
2020-11-29 01:00;-0.201388207;-1.663886434;0.026289616
2020-11-29 02:00;-1.207869279;-1.926928058;0.967886689
2020-11-29 03:00;-4.882954497;-2.089466718;1.187587783
2020-11-29 04:00;-3.549612899;-0.652759965;2.712898591
2020-11-29 05:00;-2.525843581;1.357590468;2.764780306
2020-11-29 06:00;-0.021630452;1.123606032;2.447431428
2020-11-29 07:00;-0.477031443;-0.529855979;1.39662767
2020-11-29 08:00;-1.059548833;-1.223940686;-0.472857919
2020-11-29 09:00;-0.834701298;-1.277989608;-0.012404552
2020-11-29 10:00;-1.660055792;0.194578299;-0.929347638
2020-11-29 11:00;-1.366014044;-0.864863175;0.738084221
2020-11-29 12:00;-2.47407758;0.770998576;0.580546042
2020-11-29 13:00;-0.452229868;-0.173647725;2.819860848
2020-11-29 14:00;-1.289209989;2.088568789;2.999335587
2020-11-29 15:00;1.388748747;0.140378194;4.6463558
2020-11-29 16:00;0.539726954;2.321373122;2.462422923
2020-11-29 17:00;2.176213061;2.177806824;0.68237216
2020-11-29 18:00;2.309743496;2.598865284;-0.197687819
2020-11-29 19:00;3.5884148;1.567888036;0.90970264
2020-11-29 20:00;3.274592398;2.434547956;2.741388346
2020-11-29 21:00;2.977378954;1.02705006;2.248335923
2020-11-29 22:00;3.006545608;4.111028469;3.013246975
2020-11-29 23:00;3.770522657;4.059217244;3.749878966
2020-11-30 00:00;3.161447068;2.567604264;3.497329721
2020-11-30 01:00;4.20086751;1.453731522;1.607671511
2020-11-30 02:00;0.98612986;1.520821821;1.283084298
2020-11-30 03:00;0.567425253;1.609122801;0.716578299
2020-11-30 04:00;1.010963125;1.414522866;0.988077834
2020-11-30 05:00;-0.179865194;0.987250445;2.286805427
2020-11-30 06:00;-0.256484859;2.545107712;3.728764792
2020-11-30 07:00;1.320914678;3.032974441;2.42202207
2020-11-30 08:00;4.321744332;1.948596912;0.298464139
2020-11-30 09:00;1.850487113;0.075195148;3.005099235
2020-11-30 10:00;0.249041038;-0.128693979;2.793312537
2020-11-30 11:00;-0.968804703;2.276899551;2.56486552
2020-11-30 12:00;1.366836178;1.738463161;3.04615768
2020-11-30 13:00;-0.136448828;2.233394239;2.817517308
2020-11-30 14:00;2.927797006;2.705572902;2.220774718
2020-11-30 15:00;1.26919076;2.263879599;1.543504751
2020-11-30 16:00;1.479501657;3.956532629;1.764712857
2020-11-30 17:00;4.873396163;1.969154785;1.737913466
2020-11-30 18:00;4.589180967;2.405491122;1.276610463
2020-11-30 19:00;3.808581126;2.040676598;1.155820142
2020-11-30 20:00;2.504570142;2.171470285;0.939839323
2020-11-30 21:00;2.067788108;3.374258562;0.989590788
2020-11-30 22:00;2.950832729;1.911523468;-1.204300909
2020-11-30 23:00;3.884376128;-0.266411469;-1.742319533
2020-12-01 00:00;1.91384315;-0.063411151;0.397626609
2020-12-01 01:00;3.019419037;-1.224060299;-1.339656404
2020-12-01 02:00;2.023986914;-0.673220525;-0.970156745
2020-12-01 03:00;1.80152459;-1.727404253;0.953107259
2020-12-01 04:00;0.644157675;-2.399384528;1.836598126
2020-12-01 05:00;-0.949570522;-2.62253096;2.165964743
2020-12-01 06:00;-2.091894199;-0.791980924;2.86739831
2020-12-01 07:00;-2.05293333;-0.047426551;0.655081311
2020-12-01 08:00;-1.259981606;1.117122094;-0.230740865
2020-12-01 09:00;0.045105553;0.744950628;1.977897
2020-12-01 10:00;0.670070565;1.174532038;2.740701048
2020-12-01 11:00;0.423531293;-1.177442797;2.283941819
2020-12-01 12:00;-1.596430874;-3.187924253;3.117124484
2020-12-01 13:00;-2.726563447;-1.25444779;1.810728119
2020-12-01 14:00;-2.363516175;-1.00399253;1.1834594
2020-12-01 15:00;-1.88166862;1.107646527;1.882807922
2020-12-01 16:00;-2.379157727;0.463286554;2.482046342
2020-12-01 17:00;-0.911456771;0.690546611;2.102051279
2020-12-01 18:00;-0.454067222;0.04563923;0.172414744
2020-12-01 19:00;-0.316815305;-0.935042882;-0.900573521
2020-12-01 20:00;-1.644351888;-0.859579924;0.666186156
2020-12-01 21:00;-2.506570503;-1.276371887;1.215981181
2020-12-01 22:00;-2.853889175;-1.566249426;3.231388954
2020-12-01 23:00;-1.477428814;-1.220468517;2.032298864
2020-12-02 00:00;-2.454977475;-0.912344968;0.64650371
2020-12-02 01:00;-3.24971546;1.880378349;1.677230368
2020-12-02 02:00;-1.171162122;2.332860223;1.920670158
2020-12-02 03:00;1.255492333;2.209611573;2.881655686
2020-12-02 04:00;1.947931317;0.9494494;1.909847639
2020-12-02 05:00;1.384603777;1.387225184;1.516271415
2020-12-02 06:00;0.606194708;2.029905423;1.623469941
2020-12-02 07:00;1.329788758;1.213554362;1.328000279
2020-12-02 08:00;0.646874482;-0.457766576;1.874310708
2020-12-02 09:00;0.168050239;-0.086594624;1.214282048
2020-12-02 10:00;0.19042941;-0.51427379;1.853869632
2020-12-02 11:00;-0.007117006;0.228743437;1.304390613
2020-12-02 12:00;0.513581902;1.953891181;-0.65673552
2020-12-02 13:00;2.639725148;1.00455144;1.167121132
2020-12-02 14:00;1.749028579;0.141736035;1.439451302
2020-12-02 15:00;1.484771302;0.644473034;0.333883856
2020-12-02 16:00;1.111072256;1.805833231;1.13257062
2020-12-02 17:00;2.785175595;1.601630023;1.197123911
2020-12-02 18:00;0.893194282;0.250581606;-0.768900054
2020-12-02 19:00;-0.071143344;0.472926425;-0.043380564
2020-12-02 20:00;0.590030586;1.042179789;0.727778772
2020-12-02 21:00;1.513842395;1.094788862;1.486701637
2020-12-02 22:00;0.662165982;0.313219344;1.858790772
2020-12-02 23:00;1.536462383;-1.619104108;0.872260458
2020-12-03 00:00;-0.73708812;-0.30908826;-0.397582415
2020-12-03 01:00;-1.362043467;-1.45153064;-1.124669749
2020-12-03 02:00;-1.075392509;0.746551003;-0.219698135
2020-12-03 03:00;-0.261268763;0.28984797;-0.711349159
2020-12-03 04:00;0.294764237;-0.535487618;-0.156470041
2020-12-03 05:00;1.851005004;-2.095621373;-0.13952654
2020-12-03 06:00;1.300234614;-1.576307532;0.835018469
2020-12-03 07:00;0.201200607;-0.390159337;1.890899342
2020-12-03 08:00;-1.862496574;-0.108183863;2.178417385
2020-12-03 09:00;-0.197303806;0.454081869;1.589088419
2020-12-03 10:00;1.275927518;-1.047000086;-0.489896867
2020-12-03 11:00;-1.034206042;-0.5091706;-0.375751466
2020-12-03 12:00;-0.103841408;-0.358933827;0.980137124
2020-12-03 13:00;-0.227534321;-0.079618837;-1.911337717
2020-12-03 14:00;-1.11935777;0.630277076;-2.254979735
2020-12-03 15:00;0.415336058;-0.452387806;-1.664593312
2020-12-03 16:00;1.018587864;0.496115596;-2.459974846
2020-12-03 17:00;1.264430878;-0.510259231;-2.318586893
2020-12-03 18:00;0.564814848;-0.21666745;-1.474066537
2020-12-03 19:00;0.183653746;0.051359186;-2.43924645
2020-12-03 20:00;-2.120584801;0.587495682;-2.036171663
2020-12-03 21:00;-2.378233099;-1.004344144;-0.67179325
2020-12-03 22:00;-1.886396328;-2.31862583;0.3032039
2020-12-03 23:00;-1.901219801;-2.494385547;-0.513890148
2020-12-04 00:00;-1.729263845;-3.171411218;-0.641985774
2020-12-04 01:00;-2.151934235;-2.032817468;0.148494181
2020-12-04 02:00;-2.413864073;-0.97168429;-0.480491218
2020-12-04 03:00;-1.224770595;-0.031100573;-1.093097599
2020-12-04 04:00;-0.296831761;0.164898477;0.557513316
2020-12-04 05:00;0.333177387;1.683218284;1.469215255
2020-12-04 06:00;0.396522008;0.594774529;0.550025539
2020-12-04 07:00;0.058243713;0.190662899;-0.321413367
2020-12-04 08:00;-0.799021557;-0.87562302;0.366579143
2020-12-04 09:00;-1.051527471;-0.140713728;-0.633013284
2020-12-04 10:00;0.49178634;-0.67622878;-0.465994202
2020-12-04 11:00;-0.897603508;-0.963419911;-2.44460021
2020-12-04 12:00;-1.578714971;-0.010301533;-3.034998516
2020-12-04 13:00;-0.127468685;-0.968648505;-2.501348245
2020-12-04 14:00;-1.355680061;-0.95813621;-2.7819778
2020-12-04 15:00;-1.919340086;0.307811411;-2.778374293
2020-12-04 16:00;-0.780260431;-1.49749588;-2.805841516
2020-12-04 17:00;-1.283950319;-1.893112664;-3.483495432
2020-12-04 18:00;-2.474502529;-2.021474145;-4.02646395
2020-12-04 19:00;-1.224850191;-2.553228144;-2.997441279
2020-12-04 20:00;-1.187905199;-0.191021088;-3.050224696
2020-12-04 21:00;-0.108811036;-0.499964755;-3.89141898
2020-12-04 22:00;-1.322585434;2.250979219;-3.355921368
2020-12-04 23:00;1.690012125;0.746227066;-3.355058018
2020-12-05 00:00;2.201301541;0.512215698;-3.584271751
2020-12-05 01:00;1.605540606;-0.124447916;-1.550203426
2020-12-05 02:00;0.776240045;-0.317041533;-0.056991832
2020-12-05 03:00;0.973298058;-1.656995979;-1.140230785
2020-12-05 04:00;-0.362843942;-0.376016224;-1.488165627
2020-12-05 05:00;0.538563193;-1.137615556;-0.001238594
2020-12-05 06:00;-1.137287221;-2.227728833;0.179589234
2020-12-05 07:00;-3.103069878;-2.536332403;0.131101513
2020-12-05 08:00;-2.60534314;-0.132094079;-1.73870873
2020-12-05 09:00;0.546473105;0.674781555;-0.524560516
2020-12-05 10:00;-2.403389872;-0.771191613;-0.29143978
2020-12-05 11:00;-3.447226566;0.691186349;-0.557038213
2020-12-05 12:00;-1.244605024;-0.265875972;-0.083689417
2020-12-05 13:00;-0.361240708;0.132643314;-0.865661669
2020-12-05 14:00;0.668993927;-0.488847076;0.771033342
2020-12-05 15:00;-0.929487447;0.658032785;1.272047332
2020-12-05 16:00;-0.189051703;-0.715127527;2.345846202
2020-12-05 17:00;0.90698284;-1.457485589;2.119069641
2020-12-05 18:00;-0.071366035;-1.785038655;1.876528965
2020-12-05 19:00;-0.046171923;0.306148387;-0.208852384
2020-12-05 20:00;-1.296753239;-0.021920251;-2.294882095
2020-12-05 21:00;-0.910618631;-0.446403539;-1.511700046
2020-12-05 22:00;-1.979058615;-1.683530629;-1.247496865
2020-12-05 23:00;-2.256547965;-0.608283437;-1.302423879
2020-12-06 00:00;-2.448049591;-0.778595776;-1.891597158
2020-12-06 01:00;-1.259432135;0.027688421;-1.744016634
2020-12-06 02:00;-1.102544968;1.296195726;-1.03786741
2020-12-06 03:00;1.11551444;2.108189068;-0.602066118
2020-12-06 04:00;2.86339448;1.857610016;0.944116561
2020-12-06 05:00;1.171848206;1.314700288;-0.725028715
2020-12-06 06:00;1.523172875;0.130578081;0.023268748
2020-12-06 07:00;2.102127315;0.054118592;0.262394616
2020-12-06 08:00;2.273640551;-0.282126407;1.055678227
2020-12-06 09:00;0.31825282;-0.000382057;0.558180027
2020-12-06 10:00;-0.038716272;-1.102757512;0.655629332
2020-12-06 11:00;-0.372415582;-1.39039773;1.82570323
2020-12-06 12:00;-1.298727156;-1.184039437;1.087229547
2020-12-06 13:00;-2.386987858;-0.601292501;1.816672567
2020-12-06 14:00;-0.976386926;-1.081465594;2.262179853
2020-12-06 15:00;-0.379642712;-0.959777666;1.327520005
2020-12-06 16:00;-0.445021973;-0.77127714;0.561448997
2020-12-06 17:00;0.712948255;-0.762395426;2.207822603
2020-12-06 18:00;-0.846642805;-2.525603864;1.346236121
2020-12-06 19:00;-1.672362924;-2.172654061;0.317237938
2020-12-06 20:00;-2.337011986;-1.409186599;-0.176629605
2020-12-06 21:00;-1.964313961;-2.051830799;-0.621508332
2020-12-06 22:00;-4.388797898;-1.040142594;0.005102829
2020-12-06 23:00;-4.036846572;-2.0585454;1.230755376
2020-12-07 00:00;-4.563144711;-0.983496472;1.002922038
2020-12-07 01:00;-3.579140904;-0.440312524;0.16041526
2020-12-07 02:00;-1.324716375;-0.633478158;0.468476193
2020-12-07 03:00;-1.133419935;0.116638528;1.027362577
2020-12-07 04:00;-0.651163979;-1.838572881;1.099034519
2020-12-07 05:00;-5.125496089;-2.658197799;0.007340366
2020-12-07 06:00;-3.628746867;-2.086755665;1.168656793
2020-12-07 07:00;-0.929581214;-3.560875109;0.293705496
2020-12-07 08:00;-1.950930299;-2.058231344;0.334650663
2020-12-07 09:00;-3.323428998;-1.234174517;0.891838717
2020-12-07 10:00;-0.076280544;-0.938742346;1.639717835
2020-12-07 11:00;-1.379571978;-1.035824416;3.469065521
2020-12-07 12:00;-2.155790115;-0.216352821;1.623981826
2020-12-07 13:00;-2.003704609;-1.041164109;-0.245271302
2020-12-07 14:00;-0.895770465;-1.144974456;-2.52191398
2020-12-07 15:00;-0.137353109;-0.396181649;-2.033009654
2020-12-07 16:00;0.460425318;0.760826185;-0.630896772
2020-12-07 17:00;0.504851512;1.342980327;-0.964014182
2020-12-07 18:00;1.037395608;1.096660792;-0.143650185
2020-12-07 19:00;-1.461065769;2.642036816;-0.857419509
2020-12-07 20:00;2.113679862;2.018983492;-0.562701418
2020-12-07 21:00;2.440735966;1.196107546;-2.611485347
2020-12-07 22:00;1.91539231;0.994475917;-2.143100578
2020-12-07 23:00;1.547260126;2.648280768;-1.834470977
2020-12-08 00:00;3.787941817;3.050254401;-0.661655765
2020-12-08 01:00;4.722955036;1.692505913;-0.510940841
2020-12-08 02:00;4.368461125;1.176739276;-0.437349034
2020-12-08 03:00;3.431653894;0.983707185;-1.144427801
2020-12-08 04:00;0.882688106;0.919542463;-2.423605168
2020-12-08 05:00;1.525400605;2.329555623;-1.858907185
2020-12-08 06:00;0.878879771;2.207702592;-0.600512949
2020-12-08 07:00;2.140923123;2.267248657;0.317418669
2020-12-08 08:00;1.836637913;1.352486183;1.984674245
2020-12-08 09:00;2.888062173;0.354627864;2.125578599
2020-12-08 10:00;-0.041393481;0.888370912;2.461601104
2020-12-08 11:00;-0.254076033;-0.448397754;1.412373287
2020-12-08 12:00;1.132831147;1.721438448;1.061545614
2020-12-08 13:00;2.817861059;0.588715478;1.515766007
2020-12-08 14:00;1.959641945;2.156979697;2.136093775
2020-12-08 15:00;2.382690935;0.55882611;2.090444542
2020-12-08 16:00;0.319477897;1.240300274;1.368402934
2020-12-08 17:00;-1.764531623;1.856983333;0.635753844
2020-12-08 18:00;-1.319278468;1.958027981;0.355292316
2020-12-08 19:00;0.982027037;2.400293631;-0.867212122
2020-12-08 20:00;1.439354452;2.360622607;-2.125470313
2020-12-08 21:00;3.301440892;1.055699607;-1.442238673
2020-12-08 22:00;3.047524044;0.92205241;-1.803435611
2020-12-08 23:00;2.939776041;1.258992608;-0.388258112
2020-12-09 00:00;2.744508464;1.236869327;-0.994421921
2020-12-09 01:00;2.737068378;1.003416028;-0.946156144
2020-12-09 02:00;1.003222191;1.999472881;-0.498289303
2020-12-09 03:00;2.705599949;3.039261722;-1.743661336
2020-12-09 04:00;3.707933711;3.432594924;-1.714113482
2020-12-09 05:00;5.268698507;0.941270943;-1.512647307
2020-12-09 06:00;4.273169332;0.965860112;-0.146555012
2020-12-09 07:00;2.010688186;1.778434985;0.087215079
2020-12-09 08:00;2.418498211;0.411426595;-0.521136343
2020-12-09 09:00;1.296069721;-1.046774743;-0.915817451
2020-12-09 10:00;-0.069421177;-0.929904409;-0.462225407
2020-12-09 11:00;-1.621833923;-0.411210559;0.287383175
2020-12-09 12:00;0.587318507;-2.179502791;1.878335492
2020-12-09 13:00;-0.42463481;-0.027523243;2.860554174
2020-12-09 14:00;-0.232365495;-0.41053343;3.433392043
2020-12-09 15:00;-0.813241476;1.204442773;4.45604872
2020-12-09 16:00;0.723620849;3.27698162;1.759907792
2020-12-09 17:00;2.676987581;3.067366515;2.99379625
2020-12-09 18:00;3.223401033;1.291673804;4.262662283
2020-12-09 19:00;2.563409536;1.745867603;4.219432829
2020-12-09 20:00;2.614153473;0.833883442;1.975650403
2020-12-09 21:00;1.105022432;-1.194537146;1.454890529
2020-12-09 22:00;0.552135241;-1.375251528;0.82146342
2020-12-09 23:00;-0.385804357;-1.882182198;-0.174064969
2020-12-10 00:00;0.638767421;-1.821896942;-2.14027789
2020-12-10 01:00;-1.59310434;-1.48460935;-2.280765726
2020-12-10 02:00;-2.376832304;-0.039001776;-2.679570788
2020-12-10 03:00;0.021494706;1.59139382;-1.777639018
2020-12-10 04:00;4.154759834;1.296425666;-1.920338382
2020-12-10 05:00;3.419967438;1.28541647;-1.638735404
2020-12-10 06:00;2.008143751;2.260389234;-2.82233909
2020-12-10 07:00;4.880901959;-0.134310403;-2.136227306
2020-12-10 08:00;2.525560383;-0.430272712;-3.194663493
2020-12-10 09:00;-0.108147008;-0.126346137;-3.664319201
2020-12-10 10:00;0.654380954;-0.478673618;-2.873188676
2020-12-10 11:00;-1.933314989;0.281435167;-2.394544925
2020-12-10 12:00;-0.039595636;-0.814417249;-1.991580416
2020-12-10 13:00;-0.242545282;-1.994679861;1.361440466
2020-12-10 14:00;-1.650300728;-1.580049384;1.348907847
2020-12-10 15:00;-3.461083882;-0.211468924;1.714394384
2020-12-10 16:00;-0.072081768;-1.188386635;1.64451327
2020-12-10 17:00;-0.192080848;0.409726597;-0.277468432
2020-12-10 18:00;1.359916263;-0.472591926;-0.296522007
2020-12-10 19:00;-0.25378889;-0.765284886;-0.703233008
2020-12-10 20:00;-0.531445532;-1.112632043;-2.016958136
2020-12-10 21:00;-0.750308615;0.143366393;-2.135955277
2020-12-10 22:00;1.193315999;-0.420329307;-2.704762274
2020-12-10 23:00;1.139601753;0.301943594;-1.334060271
2020-12-11 00:00;0.646511089;-0.50330179;-2.165586014
2020-12-11 01:00;0.76470702;-0.156888174;-0.748421187
2020-12-11 02:00;-0.4446197;-0.036567662;1.350707762
2020-12-11 03:00;-1.412468257;2.635958834;1.956801217
2020-12-11 04:00;0.708006677;1.027482991;1.403628931
2020-12-11 05:00;2.012300589;0.171378148;-0.035264788
2020-12-11 06:00;1.259900718;-0.374540113;0.628092544
2020-12-11 07:00;-0.088938561;0.871946186;0.397567385
2020-12-11 08:00;0.555523631;2.227879103;1.821451568
2020-12-11 09:00;0.220692466;2.31346807;0.81558449
2020-12-11 10:00;1.335069218;2.449618969;0.756349801
2020-12-11 11:00;2.150811672;2.003152762;-0.824909451
2020-12-11 12:00;2.357058633;2.326135242;-1.324654867
2020-12-11 13:00;3.183865387;0.503728735;-0.254137723
2020-12-11 14:00;2.496694144;-2.617813151;-0.96946907
2020-12-11 15:00;-0.082475409;-2.257901333;-1.261146062
2020-12-11 16:00;-1.105735457;-0.259519376;-1.662024265
2020-12-11 17:00;-2.018034152;-0.740792753;-2.061313877
2020-12-11 18:00;-2.439673715;1.352720418;-0.967389083
2020-12-11 19:00;0.74798549;2.18742586;-1.94758821
2020-12-11 20:00;0.926053844;1.612995774;1.170729849
2020-12-11 21:00;2.864592978;3.340151333;1.588790767
2020-12-11 22:00;2.297361178;2.34888935;3.1923319
2020-12-11 23:00;1.477883772;4.109844882;2.267958705
2020-12-12 00:00;5.283896524;3.885077849;2.234681348
2020-12-12 01:00;6.142132056;3.491994996;0.465299556
2020-12-12 02:00;4.375644955;3.92067244;1.092834224
2020-12-12 03:00;5.68720396;3.859364609;1.70883494
2020-12-12 04:00;4.148565267;1.771788216;0.395444439
2020-12-12 05:00;3.237594171;0.054561356;0.232649897
2020-12-12 06:00;-0.094233586;0.42411303;-0.851347274
2020-12-12 07:00;0.325136843;1.296219925;-2.612312995
2020-12-12 08:00;0.650304185;-1.05875469;-2.441365483
2020-12-12 09:00;-1.277587562;-1.06187984;-2.687308064
2020-12-12 10:00;-1.148599468;-2.294563015;-3.208047416
2020-12-12 11:00;-1.226050064;-0.498014114;-3.219688136
2020-12-12 12:00;-0.384018336;-1.05233119;-2.020563674
2020-12-12 13:00;0.119774968;-1.559651543;-1.379295238
2020-12-12 14:00;-2.326315468;0.318679885;-3.716001837
2020-12-12 15:00;-0.888500554;-1.177294611;-3.203474631
2020-12-12 16:00;-0.077177323;-1.125015298;-2.697007667
2020-12-12 17:00;-0.767725121;-0.524515815;-3.455891357
2020-12-12 18:00;0.654451006;0.867513012;-2.580151988
2020-12-12 19:00;1.13553452;0.426699279;-1.204142102
2020-12-12 20:00;-0.798102507;-0.746930114;-1.084877163
2020-12-12 21:00;-0.117325047;-0.180529335;-0.298897164
2020-12-12 22:00;0.598731471;0.113543138;-0.33401358
2020-12-12 23:00;1.622864911;-0.5126793;2.096708603
2020-12-13 00:00;0.494868947;0.33859089;1.296951498
2020-12-13 01:00;1.24478103;0.354190188;1.188768824
2020-12-13 02:00;-1.473604531;0.649322784;0.376380174
2020-12-13 03:00;-0.955181253;0.540775464;-0.042736589
2020-12-13 04:00;-2.444123017;-0.609433811;-1.894424293
2020-12-13 05:00;-2.665743846;1.130094166;-2.6083078
2020-12-13 06:00;-0.749285296;0.406866566;-2.292558105
2020-12-13 07:00;1.274792632;-1.470972789;-1.118237752
2020-12-13 08:00;-0.015556115;-0.785584484;-1.513477838
2020-12-13 09:00;-2.550445743;-0.475009994;-0.634951904
2020-12-13 10:00;-0.159324976;0.385926722;-0.721525757
2020-12-13 11:00;0.922277527;-0.938935835;-2.193178528
2020-12-13 12:00;0.096180492;-2.18001261;0.080932899
2020-12-13 13:00;-0.709618854;-1.134053954;-0.035165369
2020-12-13 14:00;-2.693648355;-0.937160156;0.045954465
2020-12-13 15:00;-0.459952286;-1.480354716;-1.237553535
2020-12-13 16:00;-1.018320998;-0.345725858;-1.887711683
2020-12-13 17:00;0.839404715;-1.005427685;-1.538825137
2020-12-13 18:00;-0.435444858;1.169827842;-0.472962875
2020-12-13 19:00;-0.446779236;-1.241755094;-0.802797036
2020-12-13 20:00;0.60027864;0.231601975;0.567605667
2020-12-13 21:00;-0.395128052;-1.620752334;0.834976663
2020-12-13 22:00;-2.979208988;-2.227376992;0.804243393
2020-12-13 23:00;-4.0216768;-0.191133667;1.013641412
2020-12-14 00:00;-2.755663607;0.648725714;0.184692124
2020-12-14 01:00;-2.818114953;0.604934439;1.207071792
2020-12-14 02:00;0.277036565;-0.611442496;-0.821881297
2020-12-14 03:00;-0.241107541;-1.017400747;0.15560451
2020-12-14 04:00;0.148482278;-0.389712441;1.772145841
2020-12-14 05:00;-0.684980412;1.125547526;2.702572416
2020-12-14 06:00;-1.729884362;1.313143675;3.113152214
2020-12-14 07:00;-0.022460189;2.003599251;2.532806929
2020-12-14 08:00;0.439809717;1.566508165;1.483390659
2020-12-14 09:00;0.915443554;1.094154269;2.086076144
2020-12-14 10:00;0.519078168;2.126652946;2.296191415
2020-12-14 11:00;3.074827639;2.029986269;0.891650937
2020-12-14 12:00;1.58484548;0.967115962;-0.115351483
2020-12-14 13:00;2.183384609;1.025670566;-2.018862445
2020-12-14 14:00;1.986947468;-0.983259272;1.714709639
2020-12-14 15:00;0.406829981;-0.525083057;1.685229079
2020-12-14 16:00;0.587197212;-1.00248987;0.135005495
2020-12-14 17:00;-1.747019205;0.724758959;1.531905507
2020-12-14 18:00;-0.219620661;-0.108341025;0.278996945
2020-12-14 19:00;-0.077839961;-1.031853037;2.162561961
2020-12-14 20:00;-0.012244343;-0.732983508;2.122962652
2020-12-14 21:00;-2.931439799;-2.359105744;0.422044337
2020-12-14 22:00;-2.538330077;-0.773796086;-0.552440954
2020-12-14 23:00;-3.150751082;-0.518786799;-0.976953885
2020-12-15 00:00;-0.228068495;0.429697816;-1.702904492
2020-12-15 01:00;-0.229050877;-0.704353727;1.184386876
2020-12-15 02:00;-2.551170224;0.125291156;0.186842255
2020-12-15 03:00;0.436322865;0.059752053;0.346476863
2020-12-15 04:00;-0.733569532;-1.415318806;-0.394316066
2020-12-15 05:00;-0.818430995;0.19743799;-0.928331694
2020-12-15 06:00;-0.942514713;0.104140307;-0.826146699
2020-12-15 07:00;-0.816465429;0.643554907;0.399353687
2020-12-15 08:00;-1.006184565;0.885457542;0.830723927
2020-12-15 09:00;-0.75347148;0.985332384;-1.443656199
2020-12-15 10:00;0.148532812;0.120278435;-3.704431491
2020-12-15 11:00;0.144385;-0.113978914;-3.511663527
2020-12-15 12:00;1.692525808;-0.089999793;-1.766189136
2020-12-15 13:00;1.010563495;1.763483119;-0.254203099
2020-12-15 14:00;2.119335832;1.393946914;0.550141831
2020-12-15 15:00;1.857469226;-1.322315451;0.351795875
2020-12-15 16:00;1.959395449;-1.505968216;1.320784402
2020-12-15 17:00;0.877103241;-0.837403986;1.642265933
2020-12-15 18:00;0.742230303;1.606065311;-1.474285113
2020-12-15 19:00;-0.23110459;-0.029844661;-1.694140602
2020-12-15 20:00;-0.37725856;-0.526922572;-3.073453561
2020-12-15 21:00;0.642725573;-1.603894597;-2.774302613
2020-12-15 22:00;-1.727264554;-1.176732874;-1.668813178
2020-12-15 23:00;-1.155043322;-2.948250516;-2.989697733
2020-12-16 00:00;-3.376780765;-3.109282504;-4.024734716
2020-12-16 01:00;-3.022058299;-3.76669624;-3.995824177
2020-12-16 02:00;-3.762294504;-4.845601887;-3.71537738
2020-12-16 03:00;-5.31077752;-4.378733367;-3.416802531
2020-12-16 04:00;-3.918847973;-3.842178316;-1.555117816
2020-12-16 05:00;-4.937380372;-2.775760415;-1.369378877
2020-12-16 06:00;-4.428178417;-2.716747027;-1.774232427
2020-12-16 07:00;-4.487512684;-0.949408423;0.616395526
2020-12-16 08:00;-2.563973151;0.551315666;0.761124772
2020-12-16 09:00;-2.146785122;-0.282036437;2.440494946
2020-12-16 10:00;-0.28500831;0.049066939;2.465234861
2020-12-16 11:00;0.722741067;-0.041638012;1.567293501
2020-12-16 12:00;0.686310585;0.110599247;1.258009585
2020-12-16 13:00;1.256449476;0.425342254;1.749114255
2020-12-16 14:00;1.479362447;-0.536474917;1.638075527
2020-12-16 15:00;0.048346148;-0.455646456;0.270826349
2020-12-16 16:00;-0.453878769;-0.391217278;1.103675052
2020-12-16 17:00;-0.639334241;0.544603719;-0.590605626
2020-12-16 18:00;0.360029783;1.428779689;-2.695072279
2020-12-16 19:00;1.808009941;1.969050876;-2.634200095
2020-12-16 20:00;2.50833618;1.998872428;-2.671879953
2020-12-16 21:00;2.875888064;3.028576763;-1.157581693
2020-12-16 22:00;3.774572506;2.570377118;-1.929843643
2020-12-16 23:00;1.186494641;1.539862058;-1.813805579
2020-12-17 00:00;2.442559192;0.465939726;-1.228876902
2020-12-17 01:00;1.851547268;1.321008263;-2.701925541
2020-12-17 02:00;2.04298825;2.805257361;-0.980710657
2020-12-17 03:00;4.895456827;2.879708491;0.372872765
2020-12-17 04:00;2.624274554;4.999941074;1.242231953
2020-12-17 05:00;5.410401758;5.496731157;0.685376869
2020-12-17 06:00;6.751190974;5.038006825;0.989969571
2020-12-17 07:00;6.762435937;3.348857874;0.746897279
2020-12-17 08:00;5.582470749;2.590701533;-1.234254263
2020-12-17 09:00;3.373206215;3.241080212;-1.079268774
2020-12-17 10:00;3.631792843;1.263623733;-2.820519101
2020-12-17 11:00;2.365119855;0.445804783;-2.775437117
2020-12-17 12:00;1.015128463;-0.167286582;-3.606017654
2020-12-17 13:00;1.066998194;-1.701391071;-3.443665191
2020-12-17 14:00;-2.395954934;-0.926191327;-3.687924058
2020-12-17 15:00;-3.0531041;-1.040954998;-1.62502509
2020-12-17 16:00;-2.57831966;1.023016052;-0.637177274
2020-12-17 17:00;-0.853959427;0.765707338;1.58319951
2020-12-17 18:00;-1.047222272;-0.060014248;1.730883008
2020-12-17 19:00;-1.4272951;-1.225658332;3.541880093
2020-12-17 20:00;-2.747211864;-0.872963646;2.206210763
2020-12-17 21:00;-2.64037719;-1.100569804;1.300815919
2020-12-17 22:00;-1.370786128;0.925072118;1.444285664
2020-12-17 23:00;1.698418196;1.73986284;2.605199001
2020-12-18 00:00;0.498767074;2.848485418;0.862444505
2020-12-18 01:00;3.821847503;2.639202235;1.563005121
2020-12-18 02:00;4.78758748;2.701341467;2.526498875
2020-12-18 03:00;4.218844226;2.370204152;2.778562335
2020-12-18 04:00;1.550559057;2.171763336;3.811615416
2020-12-18 05:00;2.554077598;3.053552783;2.776727832
2020-12-18 06:00;2.969924646;4.200894926;1.637229171
2020-12-18 07:00;3.246271162;1.632009038;-0.015561002
2020-12-18 08:00;2.621897982;0.85264627;0.344951607
2020-12-18 09:00;4.399586413;-0.709455052;0.510110359
2020-12-18 10:00;1.364128624;-1.780798308;-0.611937807
2020-12-18 11:00;-0.804878463;-0.641694612;-0.247193102
2020-12-18 12:00;-3.407509396;-1.976659704;-1.779909823
2020-12-18 13:00;-2.752056421;-0.875733893;-2.324886944
2020-12-18 14:00;-1.863883429;0.392949131;-2.588071979
2020-12-18 15:00;-0.375079653;-0.068659964;-3.908912066
2020-12-18 16:00;0.373853956;-0.617740808;-2.451687961
2020-12-18 17:00;0.527955061;-0.128928346;-0.812712185
2020-12-18 18:00;0.463977279;-0.697839433;-0.023422297
2020-12-18 19:00;-0.388044345;-0.439138761;-0.565345344
2020-12-18 20:00;-0.60561441;1.919984425;-0.778785758
2020-12-18 21:00;1.359529192;0.478567513;-0.527746388
2020-12-18 22:00;1.488397902;0.016095853;-0.760868104
2020-12-18 23:00;0.583579395;-1.538382568;0.084803177
2020-12-19 00:00;-1.139819922;0.400617394;-0.316080225
2020-12-19 01:00;1.616577505;-0.665844936;0.408706263
2020-12-19 02:00;0.606347939;0.594022264;-0.815925816
2020-12-19 03:00;0.888301157;0.870501366;-0.582934689
2020-12-19 04:00;1.693622117;0.706092165;0.94264036
2020-12-19 05:00;2.965941645;0.026465597;-0.419782164
2020-12-19 06:00;1.226948379;1.092194005;0.014914812
2020-12-19 07:00;0.94144369;0.87678656;-1.034421226
2020-12-19 08:00;1.492123912;-0.470925923;0.607733339
2020-12-19 09:00;0.377222952;-1.254258442;0.595033914
2020-12-19 10:00;-0.605504824;0.207767739;0.5958275
2020-12-19 11:00;-1.025676214;2.462143341;1.967116864
2020-12-19 12:00;1.511956745;2.917681383;1.073699373
2020-12-19 13:00;1.56435765;0.145205677;1.102886418
2020-12-19 14:00;1.087675541;-0.539256251;-1.081005568
2020-12-19 15:00;-0.746924016;-1.646021719;-0.691102021
2020-12-19 16:00;-2.53907518;-2.894858335;-0.475525977
2020-12-19 17:00;-4.678883555;-2.321070767;1.10551532
2020-12-19 18:00;-3.643075938;-2.104255359;1.336901972
2020-12-19 19:00;-2.712714377;-2.412782945;2.433149415
2020-12-19 20:00;-5.598127724;-1.388150817;2.590257404
2020-12-19 21:00;-3.155827061;-1.447981071;4.303519293
2020-12-19 22:00;-3.202621378;0.614599298;2.615526475
2020-12-19 23:00;-1.490527435;0.042118197;2.769479492
2020-12-20 00:00;-0.474595836;0.290431407;0.687257898
2020-12-20 01:00;-1.167528628;-1.539418984;3.010215819
2020-12-20 02:00;-2.389234135;-1.780098809;-0.017812489
2020-12-20 03:00;-1.861148097;-1.39867889;-1.978588798
2020-12-20 04:00;-1.571698295;0.201018302;-1.837172359
2020-12-20 05:00;0.64593344;0.207760013;-0.895626899
2020-12-20 06:00;-0.326996304;-1.656994921;-2.148955104
2020-12-20 07:00;-1.888431;-1.551558621;-1.738031684
2020-12-20 08:00;-2.691335375;-2.145855434;-0.997891986
2020-12-20 09:00;-2.958787073;-2.532204728;0.164839003
2020-12-20 10:00;-4.029986153;-1.288963147;0.102222393
2020-12-20 11:00;-3.361724677;-0.918880128;0.31107386
2020-12-20 12:00;-2.741069709;-0.577099357;0.10419782
2020-12-20 13:00;-2.768701129;-1.667709633;0.159552283
2020-12-20 14:00;-1.737384718;-2.652883458;-0.199214009
2020-12-20 15:00;-2.867206328;-0.948719444;-0.600613055
2020-12-20 16:00;-1.17501391;-0.79901196;-0.51637106
2020-12-20 17:00;-0.463184607;-0.463530069;-1.225593754
2020-12-20 18:00;0.062960435;-1.054207801;-1.145696887
2020-12-20 19:00;-0.159341844;-1.655717158;-1.697399397
2020-12-20 20:00;-1.338771065;-0.726343226;-1.476245827
2020-12-20 21:00;-0.634632087;-1.654917775;-0.771433482
2020-12-20 22:00;-3.288585091;-0.794637045;-0.563802002
2020-12-20 23:00;-3.606376685;-1.476768959;0.352570849
2020-12-21 00:00;-4.232817043;-0.778534742;-0.192176486
2020-12-21 01:00;-2.239134749;-0.6629917;-1.056202079
2020-12-21 02:00;-2.617668926;-1.060157695;0.226067966
2020-12-21 03:00;-1.809026509;-1.058252712;0.600048675
2020-12-21 04:00;-0.855238395;-1.50774839;-0.128344035
2020-12-21 05:00;-2.607777603;-2.947160347;1.826549924
2020-12-21 06:00;-4.188888032;-0.300762796;1.176712076
2020-12-21 07:00;-2.720281589;-0.918895125;0.110710305
2020-12-21 08:00;-2.454813478;-2.43468288;0.625307934
2020-12-21 09:00;-2.893897899;-1.354199551;-0.636395392
2020-12-21 10:00;-1.430217467;-3.314893134;-1.685215181
2020-12-21 11:00;-2.984360479;-2.099754153;-1.604660955
2020-12-21 12:00;-4.24970435;-2.581394755;-1.460311395
2020-12-21 13:00;-3.553673094;-0.308882696;-0.393789188
2020-12-21 14:00;-1.209476324;1.132918552;1.29284576
2020-12-21 15:00;1.51241888;1.782549917;1.380271192
2020-12-21 16:00;3.333827052;-0.611198034;-0.398523566
2020-12-21 17:00;0.99609867;-1.328508443;-2.485266912
2020-12-21 18:00;-0.627839379;-1.946781574;-2.264897959
2020-12-21 19:00;-4.368103911;-1.901088383;-2.039676656
2020-12-21 20:00;-3.193973205;-2.164483547;-0.605823189
2020-12-21 21:00;-2.958519543;-1.845709303;-0.173437608
2020-12-21 22:00;-3.599422325;-1.190755017;0.470155966
2020-12-21 23:00;-1.609653837;-0.424426366;-0.717816868
2020-12-22 00:00;-1.179662898;0.268953156;0.267953878
2020-12-22 01:00;-0.64676536;1.660354159;1.047422867
2020-12-22 02:00;0.017221538;2.608575349;0.059721329
2020-12-22 03:00;1.82439383;3.293757273;-2.498591756
2020-12-22 04:00;3.668800059;3.242081438;-2.917477763
2020-12-22 05:00;7.043943851;0.412251163;-3.421084161
2020-12-22 06:00;3.864549654;-0.864409254;-1.381684426
2020-12-22 07:00;0.842204081;0.244550323;-2.2905045
2020-12-22 08:00;0.614355842;0.367771449;-0.668526347
2020-12-22 09:00;2.191771542;-0.030777565;-2.518493866
2020-12-22 10:00;1.333796696;-0.423671508;-3.088382956
2020-12-22 11:00;-0.116134224;-1.488300165;-1.347714096
2020-12-22 12:00;-2.93494032;-1.331207422;-1.388498551
2020-12-22 13:00;-2.535664816;-1.31697864;-1.644225723
2020-12-22 14:00;-3.217965862;-2.303674789;0.013826339
2020-12-22 15:00;-2.090148111;-1.31402493;-0.319020834
2020-12-22 16:00;-0.228162686;-1.286284628;-0.215917435
2020-12-22 17:00;1.090442429;-1.544175364;-2.112932704
2020-12-22 18:00;-1.980460804;-1.108144808;0.062734177
2020-12-22 19:00;-1.58700181;-1.304929387;0.664777411
2020-12-22 20:00;-1.63184121;-2.129925029;1.420463591
2020-12-22 21:00;-2.168145935;-0.939288011;1.523419133
2020-12-22 22:00;-1.696349735;-0.336971853;1.898336824
2020-12-22 23:00;-1.173140871;-1.499338057;1.090771703
2020-12-23 00:00;-0.731876748;-0.281687246;1.145857909
2020-12-23 01:00;-1.326273307;-1.49218174;2.303376737
2020-12-23 02:00;-2.106288235;-0.813863379;2.661607368
2020-12-23 03:00;-2.326742578;0.631881113;1.847059576
2020-12-23 04:00;-0.977279397;1.827774832;1.097056899
2020-12-23 05:00;2.352063407;0.382646038;0.922157723
2020-12-23 06:00;1.369522476;0.884284863;-0.230697008
2020-12-23 07:00;1.78751887;0.302838239;0.220916026
2020-12-23 08:00;0.942308298;0.240683637;0.736573597
2020-12-23 09:00;-0.303594304;0.476068759;0.089341366
2020-12-23 10:00;-0.29490026;-0.298798946;0.131161162
2020-12-23 11:00;-1.985321724;-0.894854044;0.857649603
2020-12-23 12:00;-0.920492855;-1.45975041;0.297565342
2020-12-23 13:00;-2.113964135;0.070160249;-0.147495148
2020-12-23 14:00;-1.444157137;1.152427555;0.916013747
2020-12-23 15:00;-0.940199731;1.391054304;0.978390553
2020-12-23 16:00;0.309982204;-0.09001753;2.611474501
2020-12-23 17:00;-2.909783865;0.071308051;0.412516197
2020-12-23 18:00;-1.33291643;-0.401633785;-0.841434839
2020-12-23 19:00;-0.565152742;0.52653817;-0.701595027
2020-12-23 20:00;-0.276640073;0.644742898;-0.341712864
2020-12-23 21:00;-0.613613452;0.491551135;-1.399500851
2020-12-23 22:00;-0.757957502;0.772695226;-0.876698589
2020-12-23 23:00;0.075681662;0.009868022;0.117252718
2020-12-24 00:00;2.396726552;-0.38709888;1.359212652
2020-12-24 01:00;0.756251265;-1.184044767;0.732697159
2020-12-24 02:00;-1.143752845;-1.505489496;0.471261544
2020-12-24 03:00;1.492092458;-0.355892326;2.275306317
2020-12-24 04:00;-0.023863365;-0.447859936;2.585428041
2020-12-24 05:00;-0.278034242;-0.715907091;2.319372957
2020-12-24 06:00;-0.81677866;0.005152529;0.744038287
2020-12-24 07:00;0.484757285;1.843712194;3.383541727
2020-12-24 08:00;1.276703663;2.52154831;3.30731967
2020-12-24 09:00;1.97897019;1.093712136;4.33846814
2020-12-24 10:00;2.029603701;2.54514335;3.543307818
2020-12-24 11:00;0.817949691;2.049594462;5.26446218
2020-12-24 12:00;2.650192538;2.457487391;5.024826822
2020-12-24 13:00;3.70637142;2.618732302;2.633813182
2020-12-24 14:00;2.713064672;1.227589023;1.420944463
2020-12-24 15:00;3.068184732;-0.363196718;0.20218217
2020-12-24 16:00;-0.043086666;1.369693865;-0.140092715
2020-12-24 17:00;0.325331579;0.155423896;-0.784039851
2020-12-24 18:00;0.582667635;0.401687469;-1.165708972
2020-12-24 19:00;1.017366902;1.558930172;-0.450893852
2020-12-24 20:00;3.138374431;2.592019265;-1.106965076
2020-12-24 21:00;3.618732932;3.526308117;-2.107579896
2020-12-24 22:00;3.501720303;2.657712341;-0.736068437
2020-12-24 23:00;3.778714599;1.029198825;-0.874109775
2020-12-25 00:00;2.461096469;0.626408958;-0.238346917
2020-12-25 01:00;0.759821967;-0.209329701;-2.513024591
2020-12-25 02:00;-0.072048027;0.841198393;-0.897756307
2020-12-25 03:00;-0.440707955;1.095731404;-0.27290666
2020-12-25 04:00;-0.925688187;0.724706784;-1.765922605
2020-12-25 05:00;0.871216714;-1.146708678;-0.700133703
2020-12-25 06:00;0.966810311;-0.843496411;0.141659741
2020-12-25 07:00;-0.147782196;-1.046327482;0.945913184
2020-12-25 08:00;0.386654236;0.454351823;-0.622265808
2020-12-25 09:00;1.352409403;-0.197539639;-2.781136458
2020-12-25 10:00;2.022874378;-1.366734621;-3.197444634
2020-12-25 11:00;1.1205863;-1.233477855;-0.923899451
2020-12-25 12:00;-0.374740444;-1.257077628;-1.265193623
2020-12-25 13:00;-0.577096329;0.614551409;-1.29994208
2020-12-25 14:00;-0.822943546;1.219474659;-2.256309864
2020-12-25 15:00;1.539410457;-0.771879293;-0.970369843
2020-12-25 16:00;2.559326514;-2.400730823;-0.555522004
2020-12-25 17:00;0.671284946;-0.573348187;-0.560065293
2020-12-25 18:00;-0.211383814;-1.417173088;-1.582574336
2020-12-25 19:00;-1.493654278;-0.507888267;-1.210167383
2020-12-25 20:00;-1.427913709;-1.002981112;-1.52747867
2020-12-25 21:00;-1.330850696;-1.965740808;-0.082594534
2020-12-25 22:00;-2.58348783;-0.799962667;0.001986666
2020-12-25 23:00;-2.244854076;-0.017173871;-1.151348035
2020-12-26 00:00;1.015014751;0.030906452;-0.647972874
2020-12-26 01:00;0.638860914;-0.315309376;-1.496718532
2020-12-26 02:00;0.266798839;-0.370753749;-4.618588195
2020-12-26 03:00;0.209611838;-0.175876477;-3.590500539
2020-12-26 04:00;1.255009348;-1.379547041;-1.663135692
2020-12-26 05:00;2.078538812;-1.073355053;-3.096888713
2020-12-26 06:00;-0.219685649;-3.276755707;-3.990645578
2020-12-26 07:00;-1.129929229;-3.797936866;-5.293531183
2020-12-26 08:00;-3.252216979;-3.423052334;-5.062684217
2020-12-26 09:00;-2.558986846;-3.189590994;-4.650909304
2020-12-26 10:00;-3.202497005;-3.799765544;-1.230848533
2020-12-26 11:00;-4.707803309;-1.441472042;-0.269350616
2020-12-26 12:00;-1.814991939;-1.579130992;-0.320017891
2020-12-26 13:00;-1.1099341;-1.47169538;0.030631803
2020-12-26 14:00;-2.005415807;-0.172623257;1.251616535
2020-12-26 15:00;-1.467999469;1.24500981;3.116730672
2020-12-26 16:00;-1.842767436;1.184331149;0.896889612
2020-12-26 17:00;-0.301624373;-0.196277935;0.571459553
2020-12-26 18:00;0.171085336;0.899426078;1.140517777
2020-12-26 19:00;1.504353933;-0.58282455;-0.73383613
2020-12-26 20:00;0.635873652;-1.027692198;-0.043002135
2020-12-26 21:00;-0.489870302;-0.312045331;-0.621756743
2020-12-26 22:00;-0.338598781;-0.028202864;-1.070938467
2020-12-26 23:00;-0.92488362;0.177562851;-0.985788618
2020-12-27 00:00;1.202507472;0.06398949;1.553582757
2020-12-27 01:00;0.626341937;3.262866074;-1.843477368
2020-12-27 02:00;3.221874902;4.387409728;-2.14215787
2020-12-27 03:00;3.920957791;2.051426277;-3.835582103
2020-12-27 04:00;2.881949455;-0.191117293;-3.856547772
2020-12-27 05:00;2.507467968;-0.334340779;-3.758723982
2020-12-27 06:00;1.368489376;0.35563873;-3.109131462
2020-12-27 07:00;1.699889572;0.564112466;-2.637799853
2020-12-27 08:00;1.577333972;0.473399932;-2.635679229
2020-12-27 09:00;1.715801238;-2.481242584;-2.811340935
2020-12-27 10:00;-0.896416;-0.77143884;-3.158401486
2020-12-27 11:00;-0.746622514;-0.353196055;-2.114874184
2020-12-27 12:00;-2.320119263;0.113593971;-1.86007613
2020-12-27 13:00;-2.161369965;-0.143806231;-1.459480213
2020-12-27 14:00;-0.28505963;-0.53897179;-2.023006673
2020-12-27 15:00;0.340299873;-1.219111662;-1.203952919
2020-12-27 16:00;-0.409863818;-1.368435967;0.671252212
2020-12-27 17:00;0.602742473;-0.514363818;-0.775099908
2020-12-27 18:00;-0.282811922;0.145481827;-0.706975076
2020-12-27 19:00;0.128739901;0.073812817;-1.414617592
2020-12-27 20:00;-1.01145387;1.383945546;-3.11210872
2020-12-27 21:00;1.735485208;-0.182151172;-3.604812521
2020-12-27 22:00;-0.41484531;1.241975512;-3.755906212
2020-12-27 23:00;1.394006032;1.612621262;-2.595452844
2020-12-28 00:00;3.062025224;-1.020283138;-3.842717073
2020-12-28 01:00;-0.199020707;-2.46222074;-1.91575478
2020-12-28 02:00;-2.093788182;-1.330122876;-2.030972174
2020-12-28 03:00;-0.614047573;-0.845918116;-0.676788631
2020-12-28 04:00;-2.572989718;-0.978684347;-0.98734898
2020-12-28 05:00;-1.384230615;-1.146260387;-1.940288525
2020-12-28 06:00;-1.948167665;-0.973003578;-1.128484018
2020-12-28 07:00;-2.092716414;-1.928171753;-0.62148198
2020-12-28 08:00;-2.580999584;0.148393248;-1.727024065
2020-12-28 09:00;-1.096685152;0.185144552;-1.586258069
2020-12-28 10:00;-1.637266203;1.495661522;-1.048713957
2020-12-28 11:00;-1.795417864;0.110247794;-1.748798517
2020-12-28 12:00;-0.367216373;0.628879019;-1.720977653
2020-12-28 13:00;0.676873591;2.00978107;-1.057369997
2020-12-28 14:00;1.303407215;0.369874798;-1.174814485
2020-12-28 15:00;0.328200005;3.087616427;-2.319359184
2020-12-28 16:00;1.614238803;2.245579893;-3.807948455
2020-12-28 17:00;4.516395016;0.904355977;-2.608284538
2020-12-28 18:00;3.48944964;2.933986559;-2.842281395
2020-12-28 19:00;4.105448639;1.436918516;-2.007833398
2020-12-28 20:00;4.11998344;0.758434177;-3.522464198
2020-12-28 21:00;3.15657459;0.867188121;-2.700556333
2020-12-28 22:00;2.008751863;-0.37131088;-3.136589704
2020-12-28 23:00;1.076163389;-1.085018635;-2.36210315
2020-12-29 00:00;-2.170009816;-0.471197855;-2.023543222
2020-12-29 01:00;-2.028005317;0.19185921;-0.584214495
2020-12-29 02:00;0.226798297;-0.335311566;0.774945377
2020-12-29 03:00;1.388480716;1.003350512;0.253735733
2020-12-29 04:00;1.128825619;-0.537041998;-0.893864673
2020-12-29 05:00;-0.513079175;-0.65541944;-0.629371255
2020-12-29 06:00;-0.877268242;-0.58168551;-0.757513921
2020-12-29 07:00;-1.070977793;0.313962371;-1.543216475
2020-12-29 08:00;0.259399587;-1.074073369;-0.015204073
2020-12-29 09:00;-0.887020819;-0.764937356;1.231043767
2020-12-29 10:00;-2.113127935;-1.313730328;2.489967557
2020-12-29 11:00;-0.501240238;-2.127112592;1.496907705
2020-12-29 12:00;-0.84309208;0.119497237;1.170756351
2020-12-29 13:00;0.22782077;0.770741864;1.579815491
2020-12-29 14:00;1.503534156;0.520318265;1.884408306
2020-12-29 15:00;-0.020571364;-0.204075185;1.533679398
2020-12-29 16:00;-0.534668819;0.457135149;0.302006113
2020-12-29 17:00;-0.425827515;-1.015221616;1.310274811
2020-12-29 18:00;0.403146278;-0.847235229;1.391000975
2020-12-29 19:00;0.301343353;-1.129981899;-0.482595465
2020-12-29 20:00;-2.294096574;-1.642642859;-0.75052304
2020-12-29 21:00;-1.471542829;-0.904105516;-1.522496448
2020-12-29 22:00;0.037774205;-0.959074424;-0.560518806
2020-12-29 23:00;-1.136196752;-2.084179047;-0.495690245
2020-12-30 00:00;-1.877289508;-3.014462406;-0.09847872
2020-12-30 01:00;-2.638399302;-2.026729486;-0.457663528
2020-12-30 02:00;-3.600581187;-0.889527365;-0.817372655
2020-12-30 03:00;-1.66283532;-0.514354891;-2.784049524
2020-12-30 04:00;-0.126141427;-0.202100398;-2.428833861
2020-12-30 05:00;0.775545741;-0.022354089;-1.507382341
2020-12-30 06:00;0.879505687;0.817891607;0.252301966
2020-12-30 07:00;1.427016899;-0.686193013;0.943550938
2020-12-30 08:00;-0.171636448;1.067813391;-0.295278649
2020-12-30 09:00;0.931191585;-0.735031741;-1.546084754
2020-12-30 10:00;0.854789037;-1.959565634;-1.399164262
2020-12-30 11:00;1.219987801;-0.816369763;-1.51823008
2020-12-30 12:00;0.886623584;1.416168274;-2.891945099
2020-12-30 13:00;1.608146912;0.887121972;-2.311842155
2020-12-30 14:00;-0.435647901;1.558169295;-1.734998577
2020-12-30 15:00;0.71021464;0.271843363;-1.299643571
2020-12-30 16:00;0.484866746;-1.273106339;-2.242463913
2020-12-30 17:00;-0.627684751;-2.07195549;-4.320499451
2020-12-30 18:00;-2.377593256;-1.094661589;-4.29998643
2020-12-30 19:00;-2.573277297;-0.316194196;-3.794774953
2020-12-30 20:00;-1.020358231;-1.744949509;-3.796370083
2020-12-30 21:00;-0.20499494;-1.540540163;-0.635640427
2020-12-30 22:00;0.715288183;-0.240880474;-0.8363838
2020-12-30 23:00;-0.315407398;1.282125923;-0.942910855
2020-12-31 00:00;0.770352529;1.518871561;1.236954589
2020-12-31 01:00;0.891973573;2.419560171;1.38238264
2020-12-31 02:00;1.120848967;2.104852823;2.046186525
2020-12-31 03:00;2.212056845;3.090590207;4.381604943
2020-12-31 04:00;2.703291275;3.72288727;1.978633794
2020-12-31 05:00;4.03819913;3.273099175;2.195464204
2020-12-31 06:00;4.297664484;2.394382842;-0.945965997
2020-12-31 07:00;6.207517144;-0.129560892;-2.792544376
2020-12-31 08:00;2.89633174;-0.410625405;-2.66853782
2020-12-31 09:00;1.576781832;-0.296211035;-0.910622828
2020-12-31 10:00;0.712517109;0.74648267;-0.234416917
2020-12-31 11:00;1.582554546;0.074965192;-0.649620539
2020-12-31 12:00;0.308261656;0.637964135;-1.367295846
2020-12-31 13:00;-0.322743394;-0.559925234;-1.009232334
2020-12-31 14:00;0.638164815;0.064041351;-1.45714556
2020-12-31 15:00;-0.43145419;0.510263995;-2.278393936
2020-12-31 16:00;0.6310797;-0.174192521;-2.850678798
2020-12-31 17:00;0.595922145;1.870737051;-2.927878475
2020-12-31 18:00;3.227547323;1.419394212;-2.658153301
2020-12-31 19:00;4.748091668;1.620925945;-1.501906188
2020-12-31 20:00;3.733805755;0.81788141;-0.897957526
2020-12-31 21:00;2.922565969;2.037823574;-1.397355933
2020-12-31 22:00;4.057361936;0.874816482;-2.590637112
2020-12-31 23:00;2.695182989;0.226412015;-1.264551581
2021-01-01 00:00;0.915252917;-1.040170039;-0.789735172
2021-01-01 01:00;0.045039201;0.380603638;-0.728745257
2021-01-01 02:00;0.468613714;0.268316045;-0.945335146
2021-01-01 03:00;2.254599771;-0.403800327;-1.686971399
2021-01-01 04:00;0.122367879;-2.087966118;-2.605593189
2021-01-01 05:00;0.744268919;-1.850392799;-1.65009975
2021-01-01 06:00;-1.577659739;-3.346362919;-2.038477422
2021-01-01 07:00;-3.197875981;-4.46186755;-0.058770106
2021-01-01 08:00;-3.889833999;-1.789067573;0.797198365
2021-01-01 09:00;-1.691142949;-1.86941682;0.151960326
2021-01-01 10:00;-0.187842781;-1.072657427;0.282153796
2021-01-01 11:00;-1.673270813;-0.901255823;-2.209650115
2021-01-01 12:00;-0.244162639;1.172494213;-2.587661271
2021-01-01 13:00;0.367148531;0.061395213;-2.969403445
2021-01-01 14:00;0.478811037;0.485482202;-3.009666009
2021-01-01 15:00;0.540927498;-0.436663021;0.127821863
2021-01-01 16:00;0.979868464;-0.499055153;-0.286630606
2021-01-01 17:00;-0.194814467;0.793201506;0.62478384
2021-01-01 18:00;-0.213617948;-0.921453106;-0.352756453
2021-01-01 19:00;1.619053597;-0.695881221;0.329025474
2021-01-01 20:00;0.686133934;-1.931032858;1.16061025
2021-01-01 21:00;-1.294883416;-0.918628574;-0.796032945
2021-01-01 22:00;-1.914708928;0.199522832;-1.123698125
2021-01-01 23:00;1.52535087;0.408579666;0.388830094
2021-01-02 00:00;0.820510099;0.16843284;-0.334762396
2021-01-02 01:00;1.749508306;-0.036441661;0.972972305
2021-01-02 02:00;2.005590772;-0.20534891;0.27585545
2021-01-02 03:00;0.243600773;-0.241033567;-0.013507302
2021-01-02 04:00;0.598745616;-0.027904557;-0.072319045
2021-01-02 05:00;-1.21594685;-0.660245774;-1.954493362
2021-01-02 06:00;-0.752663075;0.420684335;-1.308458436
2021-01-02 07:00;2.309499587;0.110665454;0.342197307
2021-01-02 08:00;1.101782397;-0.730805426;1.374078895
2021-01-02 09:00;0.488394845;-0.180046033;1.644116138
2021-01-02 10:00;-0.940232855;-1.486773131;1.425448287
2021-01-02 11:00;-1.515626187;-1.864981021;3.237422043
2021-01-02 12:00;-0.952754906;-2.907894761;1.704171653
2021-01-02 13:00;-4.632151079;-2.404352916;1.101559724
2021-01-02 14:00;-3.180385898;-2.353599008;0.568610165
2021-01-02 15:00;-4.101388099;-1.07890549;0.06504656
2021-01-02 16:00;-1.941126136;0.17845612;-1.519018246
2021-01-02 17:00;-1.487991017;-0.563761841;-3.317982806
2021-01-02 18:00;-1.138423921;-2.358344936;-3.234288903
2021-01-02 19:00;-1.585094277;-2.017273082;-4.282046183
2021-01-02 20:00;-2.58897149;-1.857906671;-2.255030129
2021-01-02 21:00;-3.299276342;-2.893146219;-1.674412125
2021-01-02 22:00;-2.884879878;-1.634568745;-1.316118394
2021-01-02 23:00;-1.082241495;-1.883182665;-0.969780976
2021-01-03 00:00;-2.777468099;-1.413503648;-1.356344647
2021-01-03 01:00;-0.404179372;0.478740762;-1.670850447
2021-01-03 02:00;0.533919256;0.136703;-0.120804586
2021-01-03 03:00;-0.427863307;0.35932772;-0.71419449
2021-01-03 04:00;-0.169036289;1.094473893;-0.658686645
2021-01-03 05:00;0.427637303;1.73487249;-1.291873642
2021-01-03 06:00;1.75937592;-0.518167601;-0.671782782
2021-01-03 07:00;1.802490806;0.34972765;-0.206861884
2021-01-03 08:00;-0.316480404;0.0811136;0.008152511
2021-01-03 09:00;0.908690099;0.460483118;1.322500062
2021-01-03 10:00;-0.55423769;0.867640177;2.66658837
2021-01-03 11:00;-0.454824147;1.209321621;1.758527244
2021-01-03 12:00;-0.244322966;-0.726258754;2.630021732
2021-01-03 13:00;-0.564619956;-0.31363732;2.803810003
2021-01-03 14:00;1.125573113;-0.332005691;-0.22503393
2021-01-03 15:00;0.140714116;-0.494512974;-0.841377243
2021-01-03 16:00;-1.001685938;-0.601738982;-1.027167665
2021-01-03 17:00;-2.078872973;0.365921102;-0.767582486
2021-01-03 18:00;-0.457019249;1.404388605;-1.850640627
2021-01-03 19:00;2.101356882;1.825501539;-3.577338967
2021-01-03 20:00;2.275058633;2.866871089;-3.680633267
2021-01-03 21:00;3.825446004;-0.07084905;-4.129206492
2021-01-03 22:00;0.840899037;0.715348414;-4.194231561
2021-01-03 23:00;1.041202026;-1.150720291;-2.00801646
2021-01-04 00:00;-0.281066692;-1.800408229;-2.162569575
2021-01-04 01:00;-2.093545429;-0.133515948;-2.540751557
2021-01-04 02:00;-1.056156517;1.42528616;-2.110123323
2021-01-04 03:00;-0.234575866;1.306469237;0.669619949
2021-01-04 04:00;1.953142748;0.565252372;0.559534564
2021-01-04 05:00;0.89587553;0.738423415;0.45216101
2021-01-04 06:00;0.514791598;-0.159781329;1.51104961
2021-01-04 07:00;-0.065153438;-0.359393092;-0.123652674
2021-01-04 08:00;-0.548594625;0.365795989;1.798296076
2021-01-04 09:00;-0.449553587;0.548484428;1.658120991
2021-01-04 10:00;0.92616766;0.16163988;0.060010582
2021-01-04 11:00;-1.748991972;1.916644824;0.813500201
2021-01-04 12:00;0.67532478;0.142885009;1.62740509
2021-01-04 13:00;1.568575927;0.362934423;1.9626952
2021-01-04 14:00;1.513998999;0.609694357;1.185972324
2021-01-04 15:00;0.791945888;3.376828017;0.973123548
2021-01-04 16:00;2.38591225;3.452295211;-0.556106091
2021-01-04 17:00;1.822403646;2.301221965;0.391499929
2021-01-04 18:00;2.811265752;1.383443354;0.412289014
2021-01-04 19:00;3.002200256;0.798636558;0.718301236
2021-01-04 20:00;2.584229607;0.964338033;1.884691183
2021-01-04 21:00;1.157004035;0.705914441;0.706774418
2021-01-04 22:00;1.337799886;-0.577193375;1.406219523
2021-01-04 23:00;0.518735694;0.007987968;1.186997177
2021-01-05 00:00;0.831360636;1.919063074;2.143336385
2021-01-05 01:00;0.891952491;1.000198351;3.151795785
2021-01-05 02:00;-0.83502904;0.628945997;3.888505838
2021-01-05 03:00;-2.844834154;0.371463368;3.508618187
2021-01-05 04:00;-0.377443033;2.690762468;2.210622813
2021-01-05 05:00;1.415116316;1.824683483;2.292020035
2021-01-05 06:00;2.015636901;2.475043984;1.712670527
2021-01-05 07:00;2.993707325;0.241519569;1.169556544
2021-01-05 08:00;0.795092014;0.579428536;3.562546914
2021-01-05 09:00;0.110709825;0.542230812;3.155665923
2021-01-05 10:00;0.33704529;-0.837663498;0.912873212
2021-01-05 11:00;-0.130392002;-0.412028245;-0.221482412
2021-01-05 12:00;-1.770081771;-1.684145057;-0.514722899
2021-01-05 13:00;-2.771456575;-0.905933615;-0.515105486
2021-01-05 14:00;-2.516832806;-1.514600784;0.435379087
2021-01-05 15:00;-3.610507593;-1.499848594;-0.538707041
2021-01-05 16:00;-3.061043021;0.30833121;-1.693130037
2021-01-05 17:00;-0.688336791;-0.372650108;0.815893945
2021-01-05 18:00;-0.93276363;-0.442327425;0.64527936
2021-01-05 19:00;-0.759394092;0.64901151;-1.881122315
2021-01-05 20:00;1.968857045;-1.056835754;-1.440013815
2021-01-05 21:00;0.025478553;-0.355797653;-0.934654646
2021-01-05 22:00;0.909507957;-0.248866146;-0.453197499
2021-01-05 23:00;-0.28284731;-2.307789523;-0.980392198
2021-01-06 00:00;-3.623326253;-1.269882994;-0.544012064
2021-01-06 01:00;-3.022757649;-0.775158288;-1.260290193
2021-01-06 02:00;-1.581046284;-1.283691255;-0.229871965
2021-01-06 03:00;-2.767624399;-0.169999575;0.987119958
2021-01-06 04:00;-2.395736313;-1.900969063;1.922546495
2021-01-06 05:00;-2.53086513;-0.170696244;1.592456125
2021-01-06 06:00;-1.677817784;-1.149214362;1.076084745
2021-01-06 07:00;-2.074065077;-0.279705294;0.827577431
2021-01-06 08:00;-1.44975605;-0.757334175;2.072893337
2021-01-06 09:00;-1.911560223;2.592761318;2.309766588
2021-01-06 10:00;1.561655923;2.61314899;2.14761611
2021-01-06 11:00;1.582748854;1.531102586;0.872615347
2021-01-06 12:00;1.820069668;0.429717727;0.435288112
2021-01-06 13:00;0.788978696;0.437393766;-0.398694273
2021-01-06 14:00;1.603989065;-0.709833746;-2.059855286
2021-01-06 15:00;0.355874452;-0.504286274;-1.433002872
2021-01-06 16:00;-0.444423249;-1.296441075;-0.623834488
2021-01-06 17:00;-0.369659711;0.817559751;-1.292837224
2021-01-06 18:00;0.240264306;-1.090407241;-0.988223533
2021-01-06 19:00;0.137369592;-2.046097811;-0.904230123
2021-01-06 20:00;-0.356189073;-0.491754031;-1.487911827
2021-01-06 21:00;-0.221132243;-1.16740183;-1.302467397
2021-01-06 22:00;-2.472300909;-0.638299959;-1.863418864
2021-01-06 23:00;-2.96183177;-0.829536032;0.170361917
2021-01-07 00:00;-3.283271854;0.952988165;2.424966655
2021-01-07 01:00;-1.519822421;0.280168452;2.133467558
2021-01-07 02:00;-1.7922156;0.708947304;2.433001752
2021-01-07 03:00;-0.720139234;0.306885912;1.774570351
2021-01-07 04:00;-2.255291295;1.462049425;1.084812929
2021-01-07 05:00;0.530210317;-0.154850663;0.570247252
2021-01-07 06:00;-1.417598459;-1.091051833;-0.609123206
2021-01-07 07:00;-2.040957318;0.693881535;-0.268150353
2021-01-07 08:00;-0.580196528;1.847783294;-0.527814287
2021-01-07 09:00;2.377541211;-0.765418821;-0.818988745
2021-01-07 10:00;-0.997153536;1.289590463;0.193524594
2021-01-07 11:00;-0.40208082;0.997254728;-0.214365916
2021-01-07 12:00;-0.565625576;1.553903185;1.578257605
2021-01-07 13:00;2.247758061;1.80203729;-0.818037704
2021-01-07 14:00;2.254153933;0.032300932;0.127532933
2021-01-07 15:00;1.443502667;-0.068070564;-0.385481718
2021-01-07 16:00;0.426916405;1.636952896;-0.22676581
2021-01-07 17:00;0.532375148;0.836348779;1.420553496
2021-01-07 18:00;0.44373715;-0.656889092;1.346517655
2021-01-07 19:00;-0.202250852;-0.239184706;0.335394844
2021-01-07 20:00;0.584370432;-0.290519177;1.172707173
2021-01-07 21:00;1.52656676;-2.275204754;2.708513497
2021-01-07 22:00;-1.551125464;-2.530458527;1.838293124
2021-01-07 23:00;-2.103328101;-2.261147422;-0.997572953
2021-01-08 00:00;-0.353169507;-2.428745055;-1.197501272
2021-01-08 01:00;-3.779656903;-1.271816123;-1.161946037
2021-01-08 02:00;-2.000086311;-1.414191448;-0.965870779
2021-01-08 03:00;-2.84716705;-0.16116901;0.044262707
2021-01-08 04:00;-1.470793021;1.316992898;0.264593191
2021-01-08 05:00;0.386594991;0.579791057;0.026340462
2021-01-08 06:00;1.318039518;0.879462837;0.066322236
2021-01-08 07:00;3.021151134;1.396375091;-1.05352819
2021-01-08 08:00;-0.098401358;-0.626040697;-0.585917651
2021-01-08 09:00;-0.664476098;-0.692403765;-0.932376891
2021-01-08 10:00;0.22518226;0.854657183;1.818212096
2021-01-08 11:00;-0.332247594;2.484538369;1.697478889
2021-01-08 12:00;-0.117432362;2.245920937;0.441804563
2021-01-08 13:00;0.74456883;3.508861053;-0.690297927
2021-01-08 14:00;4.772139578;3.968147462;-1.039263538
2021-01-08 15:00;3.971060621;1.262906428;-1.289690922
2021-01-08 16:00;1.243146337;1.591707536;-1.745920454
2021-01-08 17:00;3.005114283;0.960838522;-3.671441293
2021-01-08 18:00;2.479955074;-0.084200123;-3.662539631
2021-01-08 19:00;1.064764432;0.358588145;-2.453443787
2021-01-08 20:00;1.00730577;0.18805806;-1.420562455
2021-01-08 21:00;0.039155265;-0.891445642;-2.952222032
2021-01-08 22:00;0.512225136;0.324534518;-1.754063341
2021-01-08 23:00;1.15268534;0.162440535;-0.931996727
2021-01-09 00:00;-0.363185339;2.494679573;-2.703269894
2021-01-09 01:00;1.505528936;0.364469801;-3.412473239
2021-01-09 02:00;0.277413176;0.009042448;-2.588657165
2021-01-09 03:00;-0.659052471;0.189054293;-0.770578792
2021-01-09 04:00;0.302509508;1.430115877;0.188045938
2021-01-09 05:00;1.806465048;-0.045906321;0.033587504
2021-01-09 06:00;0.550238595;1.688404762;-1.040306189
2021-01-09 07:00;0.598203079;2.390369172;-2.539904942
2021-01-09 08:00;1.211540898;0.782602925;-1.157732166
2021-01-09 09:00;0.458341638;0.828278783;-2.357636231
2021-01-09 10:00;0.551366413;0.400861358;-3.848806751
2021-01-09 11:00;0.535870786;1.217175618;-2.780709256
2021-01-09 12:00;2.422070957;1.930414396;-2.429302317
2021-01-09 13:00;3.237694236;0.087958357;-1.505666566
2021-01-09 14:00;2.048756516;-2.271077114;-1.54492716
2021-01-09 15:00;-0.771667956;-0.759990249;-2.178299649
2021-01-09 16:00;-0.082795553;-1.121393867;-1.62226883
2021-01-09 17:00;-2.083028524;-1.642070396;-0.25923461
2021-01-09 18:00;-2.922056404;-0.824006023;1.088027926
2021-01-09 19:00;-1.761498657;0.016698712;0.044661532
2021-01-09 20:00;0.638861229;-1.460734344;0.009775689
2021-01-09 21:00;0.187841916;-1.62099494;1.417389436
2021-01-09 22:00;-0.26130947;-0.300693614;0.109599901
2021-01-09 23:00;0.942466598;0.373686094;0.399422269
2021-01-10 00:00;-1.552942859;-0.05173899;0.502937319
2021-01-10 01:00;-1.591532663;-0.330303348;0.100409602
2021-01-10 02:00;-0.297345254;-1.832399585;2.002784774
2021-01-10 03:00;-1.881934601;-0.487089;1.684178891
2021-01-10 04:00;-1.264875749;0.192876841;-0.037550142
2021-01-10 05:00;-1.54959202;-0.667624006;-0.028274696
2021-01-10 06:00;-2.375711184;0.194494234;0.752003785
2021-01-10 07:00;-2.51456259;-1.081059031;1.898954655
2021-01-10 08:00;-2.909825813;-0.651426371;2.489933794
2021-01-10 09:00;-1.735667528;0.942683189;2.783152146
2021-01-10 10:00;-1.774917367;0.136769399;1.715367294
2021-01-10 11:00;-2.286849616;-0.206125902;3.075571807
2021-01-10 12:00;-1.512959139;1.074668488;2.041437713
2021-01-10 13:00;-0.013948476;1.593319638;1.311796058
2021-01-10 14:00;1.815042087;1.239512575;1.542813972
2021-01-10 15:00;2.45386719;1.527932226;1.243963147
2021-01-10 16:00;3.252635089;3.116023297;1.949677076
2021-01-10 17:00;3.586101731;1.647521582;1.310463295
2021-01-10 18:00;1.429510864;1.825716731;-0.68191011
2021-01-10 19:00;1.993154235;0.457230074;-1.204412743
2021-01-10 20:00;3.243487678;-0.444843397;-1.122121232
2021-01-10 21:00;2.879122229;-2.126873622;0.030744266
2021-01-10 22:00;0.964875052;-2.790122006;-0.644991963
2021-01-10 23:00;-0.990887379;-3.055585965;-2.226616914
2021-01-11 00:00;-1.481931465;-3.246702141;-1.566842646
2021-01-11 01:00;-2.854345126;-1.92734284;-0.251053911
2021-01-11 02:00;-2.719379401;-2.572711234;2.372505417
2021-01-11 03:00;-4.143649861;-0.885831562;1.30035405
2021-01-11 04:00;-3.644556962;-0.62215083;1.382358132
2021-01-11 05:00;-2.369770915;-1.588695299;2.402415086
2021-01-11 06:00;-2.213188716;-0.448419395;1.78617645
2021-01-11 07:00;-0.243004907;1.053312636;1.447395262
2021-01-11 08:00;2.319638042;2.624914086;0.295989006
2021-01-11 09:00;1.981591173;1.62172037;0.825868087
2021-01-11 10:00;1.033955158;1.953276985;-0.426315037
2021-01-11 11:00;2.442173151;2.750618158;0.283957807
2021-01-11 12:00;3.187923034;2.516951593;1.304440657
2021-01-11 13:00;3.140674736;1.818374859;-0.565937965
2021-01-11 14:00;0.668502374;1.312201652;-1.172448104
2021-01-11 15:00;0.61669701;1.470420725;0.480469378
2021-01-11 16:00;3.133574932;-0.61362593;2.261332776
2021-01-11 17:00;2.251676652;0.320922822;1.591780182
2021-01-11 18:00;2.316427166;-0.52856031;-0.677689985
2021-01-11 19:00;0.86339862;0.808110668;-0.008560308
2021-01-11 20:00;1.318263516;0.881209436;0.792900299
2021-01-11 21:00;1.606470162;1.177312708;0.175420169
2021-01-11 22:00;1.356553109;1.181578575;-0.302972191
2021-01-11 23:00;1.338842818;0.200230707;-0.251590521
2021-01-12 00:00;0.304242514;-1.968848316;0.01828239
2021-01-12 01:00;-0.508468716;-0.625599229;0.231767117
2021-01-12 02:00;0.553649626;-1.356931523;-1.591348633
2021-01-12 03:00;3.375518469;-0.496113989;-2.546894072
2021-01-12 04:00;1.388625229;-1.828511131;-2.610649297
2021-01-12 05:00;-1.89273784;-0.189843453;-4.024390846
2021-01-12 06:00;-0.001578216;-0.28917388;-4.063231805
2021-01-12 07:00;-1.068193174;-0.294946555;-3.156463393
2021-01-12 08:00;0.275331596;0.999624955;-1.965803458
2021-01-12 09:00;0.464341771;0.092512447;-2.030204988
2021-01-12 10:00;-0.619895295;0.143675718;-1.306456769
2021-01-12 11:00;0.565332216;-0.189220844;-0.452559914
2021-01-12 12:00;0.384455036;-0.428047215;2.251991235
2021-01-12 13:00;-0.766330967;-0.233655219;1.912594361
2021-01-12 14:00;-1.54800286;0.615177431;1.192864583
2021-01-12 15:00;0.989529795;-0.959933601;2.144736993
2021-01-12 16:00;-0.009819231;1.209708888;4.182835598
2021-01-12 17:00;-1.204572328;-0.542199777;3.196462177
2021-01-12 18:00;1.571552393;0.851661558;2.954618537
2021-01-12 19:00;0.87615842;-0.219209093;2.587472032
2021-01-12 20:00;-0.121681568;1.756679723;3.344516617
2021-01-12 21:00;0.345020777;2.314351473;2.930207165
2021-01-12 22:00;-0.142043578;0.209072209;1.579285118
2021-01-12 23:00;-2.046115789;-0.690927265;1.32524309
2021-01-13 00:00;-1.644861819;0.589848015;0.076351195
2021-01-13 01:00;0.421386558;2.482973904;1.714800251
2021-01-13 02:00;2.323650154;1.970827811;2.118116502
2021-01-13 03:00;3.372368526;1.629374621;1.818207821
2021-01-13 04:00;3.008586289;1.58461069;1.411388408
2021-01-13 05:00;4.64372007;1.101539079;0.063576333
2021-01-13 06:00;1.496621573;0.532502433;0.676678112
2021-01-13 07:00;2.106511993;1.117127706;-1.501423248
2021-01-13 08:00;2.180589869;1.543542963;-1.507499078
2021-01-13 09:00;3.928601655;1.373331648;-1.171541677
2021-01-13 10:00;3.55185986;-0.343936685;-1.920554602
2021-01-13 11:00;0.955984541;-0.089235149;-1.999263668
2021-01-13 12:00;0.217858047;-0.001019994;-2.614416425
2021-01-13 13:00;-0.367645786;-0.470378838;-0.763068771
2021-01-13 14:00;-1.999062704;-0.929489662;-0.360411612
2021-01-13 15:00;-2.538671412;-0.664338275;-1.267498493
2021-01-13 16:00;-1.918882634;0.41128712;-0.571099189
2021-01-13 17:00;-1.231880811;-0.131543229;0.151985018
2021-01-13 18:00;-1.034456932;-2.121853349;-2.010987568
2021-01-13 19:00;-1.995226554;-2.362931592;-2.912025202
2021-01-13 20:00;-2.678894479;-2.193611859;-2.670571762
2021-01-13 21:00;-1.149649002;-2.488698834;-2.201344146
2021-01-13 22:00;-2.081385132;-1.724477342;-2.122198422
2021-01-13 23:00;-1.511780297;-1.114809524;-2.890699391
2021-01-14 00:00;-3.063118553;-2.508168348;-2.706843193
2021-01-14 01:00;-2.640074582;-2.594176769;-3.084133777
2021-01-14 02:00;-0.674511081;-2.281066618;-2.656697073
2021-01-14 03:00;-3.651685152;-2.609648636;-2.130426483
2021-01-14 04:00;-1.349400938;-2.622125954;-1.461797921
2021-01-14 05:00;-2.783263804;-3.025248234;-0.765823075
2021-01-14 06:00;-2.814699167;-2.675464423;0.842607649
2021-01-14 07:00;-2.866869327;-2.409304907;0.512772314
2021-01-14 08:00;-3.336889523;-0.878009823;0.487110532
2021-01-14 09:00;-2.00067762;-0.035285459;1.681234256
2021-01-14 10:00;-1.418735547;-0.168073894;2.900896981
2021-01-14 11:00;-0.62932696;-1.326261141;3.367586389
2021-01-14 12:00;-2.398485888;-0.73730706;2.967767301
2021-01-14 13:00;-2.516428575;-0.45054369;4.492562028
2021-01-14 14:00;-1.364905598;0.614845666;5.560042763
2021-01-14 15:00;-1.949701159;1.374941025;5.479399124
2021-01-14 16:00;-0.087288522;1.357286037;3.864459891
2021-01-14 17:00;1.197943105;-0.097693346;3.833376936
2021-01-14 18:00;-0.385898025;-0.331080251;3.766332957
2021-01-14 19:00;-0.578641286;-0.976455337;3.487021809
2021-01-14 20:00;-0.639993396;0.428012438;3.193018055
2021-01-14 21:00;1.086502699;0.18506895;1.180100114
2021-01-14 22:00;1.783363473;-0.750041747;1.355447077
2021-01-14 23:00;-1.232437634;-0.983700042;2.38686912
2021-01-15 00:00;-2.274268506;0.167648301;1.203791733
2021-01-15 01:00;-0.866851066;0.124201624;3.043525829
2021-01-15 02:00;-0.981789423;-0.887710553;1.188628031
2021-01-15 03:00;0.275024831;-0.979723084;-0.210866988
2021-01-15 04:00;-1.554651968;-0.161643645;1.878082918
2021-01-15 05:00;-1.174575173;1.7808816;0.235802181
2021-01-15 06:00;2.284174241;1.580453276;0.350748748
2021-01-15 07:00;2.288751164;1.160158935;0.022885077
2021-01-15 08:00;1.261960839;-0.458510588;-1.554560309
2021-01-15 09:00;1.007985589;0.060996768;0.529121702
2021-01-15 10:00;0.05808407;0.413919604;0.309334335
2021-01-15 11:00;-0.430023613;2.235967467;0.26277472
2021-01-15 12:00;2.689360882;2.488871506;1.753214539
2021-01-15 13:00;1.682075476;3.14045696;2.391006905
2021-01-15 14:00;3.521308073;3.575909337;5.828280562
2021-01-15 15:00;3.45510753;2.917179403;6.11441821
2021-01-15 16:00;1.252224695;3.407882329;4.159609649
2021-01-15 17:00;2.028203055;0.601500043;1.508798244
2021-01-15 18:00;0.22001085;0.148805041;0.324300332
2021-01-15 19:00;-0.493112689;2.27386118;1.178881205
2021-01-15 20:00;0.123173323;1.49500644;0.843124126
2021-01-15 21:00;1.552839323;1.026156957;1.046592423
2021-01-15 22:00;1.285344886;1.014620066;-1.126825904
2021-01-15 23:00;1.032030376;0.881264876;-2.04164261
2021-01-16 00:00;3.023713703;2.001796643;-2.930958076
2021-01-16 01:00;3.789057683;0.713565575;-3.715623567
2021-01-16 02:00;3.672432933;-0.389477984;-2.255331504
2021-01-16 03:00;3.162823556;-1.177570815;-2.497888778
2021-01-16 04:00;1.682729314;-1.003346032;-1.983720041
2021-01-16 05:00;0.017818266;-2.335336809;-1.664911106
2021-01-16 06:00;-1.164444736;-0.845375182;-0.310406851
2021-01-16 07:00;-3.051583081;0.139470922;1.812884158
2021-01-16 08:00;-1.122972775;2.071644096;-0.273461329
2021-01-16 09:00;3.77923373;2.637824946;0.275225262
2021-01-16 10:00;2.45061984;3.274913132;-1.089268734
2021-01-16 11:00;3.460582949;3.692124699;-2.278734128
2021-01-16 12:00;4.277325967;3.54321279;-1.070083259
2021-01-16 13:00;4.904477047;3.176446147;0.329676529
2021-01-16 14:00;2.645003369;1.34954082;1.27206317
2021-01-16 15:00;2.01747584;1.542079947;0.01020902
2021-01-16 16:00;2.07581427;0.249214361;-1.462070346
2021-01-16 17:00;1.050605989;0.460318131;-3.183959396
2021-01-16 18:00;2.228111225;-1.146029688;-2.769230914
2021-01-16 19:00;-0.758381719;-0.381985799;-3.604267354
2021-01-16 20:00;0.938591158;-1.467449458;-2.323637032
2021-01-16 21:00;-1.097879644;-0.847281525;-0.142140945
2021-01-16 22:00;-1.457224264;0.378300657;1.747783397
2021-01-16 23:00;-0.286273023;-2.351363951;0.630994549
2021-01-17 00:00;-1.254350969;-0.153226769;1.183703902
2021-01-17 01:00;-0.169903249;1.000172657;3.85419324
2021-01-17 02:00;1.460461867;1.388528665;3.105374252
2021-01-17 03:00;2.244110742;1.045768416;1.568339819
2021-01-17 04:00;2.588843092;0.845980559;0.811593819
2021-01-17 05:00;1.138408138;0.608915825;0.401465241
2021-01-17 06:00;1.522468816;2.035463733;2.008130103
2021-01-17 07:00;1.678778632;3.501423558;1.171429748
2021-01-17 08:00;3.914885134;2.571051096;1.761710404
2021-01-17 09:00;3.801811717;0.611752236;2.138505835
2021-01-17 10:00;3.126955048;1.221232596;4.026006894
2021-01-17 11:00;1.183346616;0.16177414;1.376009387
2021-01-17 12:00;0.550045798;0.759044319;1.13390535
2021-01-17 13:00;1.51721127;3.02333875;1.635814273
2021-01-17 14:00;2.707248862;2.04090363;0.548527332
2021-01-17 15:00;1.130199847;1.239450671;0.316181553
2021-01-17 16:00;1.366861121;0.74832764;1.825268177
2021-01-17 17:00;1.315432672;0.007676439;-0.365273203
2021-01-17 18:00;1.604267571;-0.229964469;-1.491955162
2021-01-17 19:00;-0.852435804;0.292179498;-1.9801293
2021-01-17 20:00;0.317700758;-0.651694969;-2.861857617
2021-01-17 21:00;-0.89176732;-1.138220728;-2.231330834
2021-01-17 22:00;0.754674633;-0.563550768;-1.660614372
2021-01-17 23:00;0.90656133;1.044208909;-3.078996802
2021-01-18 00:00;0.883492306;-0.676460139;-2.847564155
2021-01-18 01:00;0.173285546;-2.264123795;-3.026068435
2021-01-18 02:00;-0.684832828;-0.670480649;-3.943918009
2021-01-18 03:00;0.320744743;-1.435156431;-1.172364488
2021-01-18 04:00;-0.434577813;0.431888725;-0.479085575
2021-01-18 05:00;0.678959844;1.01714838;-1.027843526
2021-01-18 06:00;0.586322177;1.064672333;-2.614409304
2021-01-18 07:00;2.107624231;1.113772114;-1.559350044
2021-01-18 08:00;1.768131099;0.05779754;-0.864478456
2021-01-18 09:00;1.509877586;0.384724262;-0.41252005
2021-01-18 10:00;-0.063438613;1.214581108;-0.373210851
2021-01-18 11:00;2.366937957;2.296144342;-0.363148421
2021-01-18 12:00;3.271707567;3.002830603;-1.206082744
2021-01-18 13:00;4.052994967;3.506867514;-1.421280008
2021-01-18 14:00;4.88526225;1.755309144;-1.765535953
2021-01-18 15:00;3.338266976;1.606390102;-0.925331425
2021-01-18 16:00;4.43141947;0.123874798;-1.940533186
2021-01-18 17:00;2.127103977;-1.509344881;0.047872895
2021-01-18 18:00;0.70942737;-2.371013527;0.716536042
2021-01-18 19:00;-2.370360196;-1.994115914;0.331532772
2021-01-18 20:00;-2.935543019;-1.52687114;2.416291876
2021-01-18 21:00;-2.130771022;-1.770885121;1.349494096
2021-01-18 22:00;-1.094948965;0.838344432;1.050143817
2021-01-18 23:00;0.031105135;-0.310260757;0.604236393
2021-01-19 00:00;-2.11845135;-0.604094533;0.566289356
2021-01-19 01:00;-1.198343379;-0.648635851;-0.176576533
2021-01-19 02:00;-1.235162257;-0.982506253;-0.610984194
2021-01-19 03:00;-2.431053372;-1.13649292;-0.89627254
2021-01-19 04:00;-2.998949379;0.131423833;-1.390857491
2021-01-19 05:00;-0.656912771;0.761234114;-1.93144614
2021-01-19 06:00;0.327436368;-0.254117543;-2.970133542
2021-01-19 07:00;-0.766859955;-0.403673639;-1.526390946
2021-01-19 08:00;-1.072447383;-0.440833411;-0.404461488
2021-01-19 09:00;-0.93733777;-1.619089316;0.43313881
2021-01-19 10:00;-3.278578295;-1.058075385;2.886371859
2021-01-19 11:00;-1.937803584;1.43895795;3.038466696
2021-01-19 12:00;0.664676049;2.823735295;3.093457448
2021-01-19 13:00;2.341991886;2.44817877;2.471515018
2021-01-19 14:00;1.659283024;2.251211516;0.381138054
2021-01-19 15:00;1.936231472;1.015068613;0.013970297
2021-01-19 16:00;1.258179792;-0.007513722;1.605572952
2021-01-19 17:00;-0.572972247;0.016319695;-0.631916322
2021-01-19 18:00;-0.732568337;-0.609140641;0.031943837
2021-01-19 19:00;-2.405755678;-0.943420409;1.306012523
2021-01-19 20:00;-2.636353022;0.587317796;0.725552672
2021-01-19 21:00;-0.091007351;2.677735434;-0.157806593
2021-01-19 22:00;1.337182292;0.462091846;-2.222251342
2021-01-19 23:00;2.238194385;-2.366153486;-1.595986724
2021-01-20 00:00;0.237731207;-3.028361118;1.093801393
2021-01-20 01:00;-2.203749464;-1.742213534;-0.106129602
2021-01-20 02:00;-0.879166312;-1.427650287;-0.691020479
2021-01-20 03:00;-1.795280659;-1.104660235;-0.41792349
2021-01-20 04:00;-2.343928025;-1.613443395;0.135497302
2021-01-20 05:00;-1.618101491;-0.516263617;0.729588158
2021-01-20 06:00;-2.35383954;-0.859097172;0.838707204
2021-01-20 07:00;-1.230513652;-2.644950876;1.544525604
2021-01-20 08:00;-2.592783272;-0.715372519;1.824373264
2021-01-20 09:00;-1.427735821;-0.885141953;2.228961131
2021-01-20 10:00;-0.738414554;1.117618573;2.246851902
2021-01-20 11:00;-0.061965536;2.346639647;-1.775705602
2021-01-20 12:00;1.728747244;0.624346576;-1.023205506
2021-01-20 13:00;0.916364118;1.508179073;0.447715494
2021-01-20 14:00;2.550893554;1.06243097;1.061156492
2021-01-20 15:00;1.675424876;0.265975315;-0.254351873
2021-01-20 16:00;-0.136061363;-0.992883824;-0.112523433
2021-01-20 17:00;-0.839121939;0.112519549;1.406568303
2021-01-20 18:00;-1.686802236;-1.046066196;2.909939604
2021-01-20 19:00;-1.644473347;1.026968594;4.577482336
2021-01-20 20:00;-0.15251751;2.071399244;3.158327057
2021-01-20 21:00;-0.323833596;0.874888622;2.618765882
2021-01-20 22:00;-0.303112095;0.029664963;3.152808834
2021-01-20 23:00;1.059394302;-1.017955745;0.994947146
2021-01-21 00:00;0.753671342;-1.453353878;0.088925264
2021-01-21 01:00;-0.718249396;0.969747012;0.879454998
2021-01-21 02:00;-0.641633702;0.902219112;0.059666326
2021-01-21 03:00;0.03891887;-0.498966837;0.1519807
2021-01-21 04:00;-1.783666109;1.108719682;1.028611052
2021-01-21 05:00;0.66563908;-0.737750268;-0.469858343
2021-01-21 06:00;0.112217848;1.20913041;0.441011377
2021-01-21 07:00;2.905992033;0.559973481;-0.444315799
2021-01-21 08:00;1.84267567;0.140260844;-1.365936319
2021-01-21 09:00;1.018422655;-0.800433646;1.373845944
2021-01-21 10:00;-0.052726344;0.778595712;3.689686219
2021-01-21 11:00;1.877368426;1.076693846;3.517670892
2021-01-21 12:00;1.765050162;1.394972546;1.16606754
2021-01-21 13:00;1.408368849;0.27237541;0.993370486
2021-01-21 14:00;0.184265271;0.164316057;0.933764981
2021-01-21 15:00;-0.666496493;-0.386929925;0.859149437
2021-01-21 16:00;-0.792121555;-0.374244408;2.753354632
2021-01-21 17:00;0.347540166;-2.772232705;1.92753561
2021-01-21 18:00;-1.063597938;0.125899787;1.768386632
2021-01-21 19:00;0.798032904;1.73782498;0.091232816
2021-01-21 20:00;0.748671232;1.853235091;0.495350159
2021-01-21 21:00;0.315323868;1.625675105;0.909027483
2021-01-21 22:00;1.387180883;1.909493212;1.207975957
2021-01-21 23:00;1.7917338;2.155411266;1.267024432
2021-01-22 00:00;0.98347658;0.38478008;0.7848185
2021-01-22 01:00;-0.580793631;0.906698047;1.391594119
2021-01-22 02:00;1.130059983;0.577315538;0.479646731
2021-01-22 03:00;1.160953348;2.074060384;-0.497230411
2021-01-22 04:00;2.209601326;2.219150424;-0.042262086
2021-01-22 05:00;0.865084227;1.041886674;0.131426569
2021-01-22 06:00;3.30774959;0.099180308;0.921959779
2021-01-22 07:00;2.222115136;-0.294972227;0.586241805
2021-01-22 08:00;1.523495459;0.365780712;1.37240341
2021-01-22 09:00;0.453857152;-0.263905104;0.444272075
2021-01-22 10:00;0.51378681;-0.546981767;0.954792493
2021-01-22 11:00;0.170874937;1.006967011;-0.555587039
2021-01-22 12:00;1.344346452;1.948501766;-2.069381165
2021-01-22 13:00;2.51956704;2.299700162;-1.859312936
2021-01-22 14:00;2.029368611;2.048351214;-1.580058987
2021-01-22 15:00;2.294599128;-0.029082401;-0.209013231
2021-01-22 16:00;0.617837482;0.719662106;-0.162654307
2021-01-22 17:00;1.335488735;1.257413091;-1.932278603
2021-01-22 18:00;2.930036508;1.87621844;-0.900262257
2021-01-22 19:00;3.006072949;0.649504562;-1.235031812
2021-01-22 20:00;2.752672392;-0.063321362;-0.592175386
2021-01-22 21:00;1.960938465;-0.680379774;-0.232780023
2021-01-22 22:00;0.513337219;0.502895186;-0.938655852
2021-01-22 23:00;1.568260091;-2.018663703;-2.450157746
2021-01-23 00:00;-0.842010214;-1.108814768;-2.02410433
2021-01-23 01:00;-1.362932042;-2.100577339;-2.267175932
2021-01-23 02:00;-2.939435605;-2.120449288;-1.799301901
2021-01-23 03:00;-5.543168754;-2.994730717;-1.838428472
2021-01-23 04:00;-4.122384184;-3.113597517;-1.209466881
2021-01-23 05:00;-6.04942561;-1.335811361;0.122159407
2021-01-23 06:00;-2.938490412;-1.128804722;0.30774858
2021-01-23 07:00;-1.945672859;0.053892652;-1.245570712
2021-01-23 08:00;-0.070891865;0.161820174;-0.737097155
2021-01-23 09:00;-0.291384751;1.175662983;-0.1328142
2021-01-23 10:00;1.569871406;-1.913058183;-0.147916046
2021-01-23 11:00;0.024967624;-0.102310611;0.105210774
2021-01-23 12:00;-0.462081138;0.124743416;0.586724107
2021-01-23 13:00;-1.141627541;-0.4138098;-0.821867581
2021-01-23 14:00;-0.206594212;0.10778455;1.333355175
2021-01-23 15:00;-0.925899413;-0.22035985;2.347297452
2021-01-23 16:00;-0.856590846;-1.641669191;3.018264017
2021-01-23 17:00;-1.907448755;-1.192084511;2.66023206
2021-01-23 18:00;-3.15135803;-0.222206117;1.493551979
2021-01-23 19:00;-2.750206852;-1.095836851;1.551998849
2021-01-23 20:00;-2.015568169;-0.031950738;2.120675553
2021-01-23 21:00;-0.616729648;0.883633608;-0.130363197
2021-01-23 22:00;1.219549069;-0.784298246;-1.720378951
2021-01-23 23:00;-0.271728019;1.179717594;-0.478703074
2021-01-24 00:00;1.004016296;0.707030647;0.90573327
2021-01-24 01:00;-0.102798463;0.415707516;2.276462118
2021-01-24 02:00;-0.480428363;1.19394982;2.427193525
2021-01-24 03:00;-0.837440659;1.735168006;1.812321688
2021-01-24 04:00;0.059827778;0.942641503;1.003974532
2021-01-24 05:00;-0.287089659;1.577324783;0.226171097
2021-01-24 06:00;0.920029635;1.602027715;-0.06815394
2021-01-24 07:00;2.572260898;1.028062736;-0.822180904
2021-01-24 08:00;2.097631113;1.556301686;-0.254154404
2021-01-24 09:00;3.772315067;0.857976546;0.679739526
2021-01-24 10:00;1.090725724;-1.281120017;1.823061239
2021-01-24 11:00;1.015746014;-1.773176895;0.416534675
2021-01-24 12:00;0.087148966;-1.494654584;-0.594820861
2021-01-24 13:00;-1.288478071;-1.761782785;-0.686103866
2021-01-24 14:00;-1.66099344;-1.751474405;0.572050455
2021-01-24 15:00;-1.814928003;-2.002227998;-0.85395121
2021-01-24 16:00;-1.484682559;-0.304208706;-2.48254517
2021-01-24 17:00;-1.585237746;-0.870808962;-2.641573952
2021-01-24 18:00;-3.100708105;0.62669054;-1.95637934
2021-01-24 19:00;-0.869040387;2.612799481;1.073070076
2021-01-24 20:00;3.095115493;3.455768575;1.028114321
2021-01-24 21:00;2.82070409;1.642633384;2.58363922
2021-01-24 22:00;1.746555543;1.280628413;0.680610873
2021-01-24 23:00;2.622435525;1.157267837;0.015310666
2021-01-25 00:00;0.252818395;0.726591581;0.26610568
2021-01-25 01:00;1.998242937;1.265329324;0.39014361
2021-01-25 02:00;1.506077671;1.733454454;1.678885165
2021-01-25 03:00;1.953927745;0.088618055;1.057001751
2021-01-25 04:00;0.003252333;-0.734884199;0.440121877
2021-01-25 05:00;-1.293822966;-0.926990494;1.056217099
2021-01-25 06:00;0.988502693;-1.229334522;0.028225097
2021-01-25 07:00;-1.755831285;-1.591469965;-1.572235143
2021-01-25 08:00;-1.71080842;-1.914871513;-1.532626596
2021-01-25 09:00;-2.408770768;-2.961934257;-1.005279175
2021-01-25 10:00;-3.358332091;-2.06367595;-0.744316501
2021-01-25 11:00;-2.901805898;-0.552947881;-1.969958195
2021-01-25 12:00;-1.996448792;-1.297892561;-0.595825094
2021-01-25 13:00;-2.116350724;-2.455232933;-1.170791903
2021-01-25 14:00;-2.386599175;-2.838983454;0.107913677
2021-01-25 15:00;-2.504683913;-2.579766542;-0.934652587
2021-01-25 16:00;-3.687374082;-1.570269148;0.821713506
2021-01-25 17:00;-1.250917137;0.854044375;0.282041641
2021-01-25 18:00;-0.806259946;1.752975767;0.5312205
2021-01-25 19:00;1.537303909;2.220870924;0.601529952
2021-01-25 20:00;1.747679226;1.657467332;-1.046034818
2021-01-25 21:00;3.022502982;1.565828831;-2.014474485
2021-01-25 22:00;3.279818052;2.728019662;-0.937126138
2021-01-25 23:00;3.502800199;4.412872098;-0.495817999
2021-01-26 00:00;6.313760707;5.434415967;-0.420441355
2021-01-26 01:00;6.51862187;3.043325108;-0.766905595
2021-01-26 02:00;4.981102658;1.348258938;-1.494382702
2021-01-26 03:00;3.93412482;1.309298608;-0.749970915
2021-01-26 04:00;3.548545104;0.069321673;-1.413309323
2021-01-26 05:00;2.183469334;-2.606268753;-0.071211209
2021-01-26 06:00;-1.878177386;-4.034229291;-0.48612289
2021-01-26 07:00;-3.961225603;-2.040604227;0.515163404
2021-01-26 08:00;-2.576519913;-2.179648721;0.475540004
2021-01-26 09:00;-0.665399409;-1.263200552;1.334032089
2021-01-26 10:00;-0.120805365;-0.577209939;0.70937705
2021-01-26 11:00;0.042231327;-0.416684684;0.623382344
2021-01-26 12:00;0.833155797;0.800475393;0.727372689
2021-01-26 13:00;0.903662662;-0.233755888;0.865082648
2021-01-26 14:00;-0.136345552;0.697947201;1.723628376
2021-01-26 15:00;-0.764673662;0.355355085;2.624367585
2021-01-26 16:00;0.490663906;0.271220997;3.073371122
2021-01-26 17:00;-1.669146152;0.148264398;1.99756834
2021-01-26 18:00;0.328714353;-0.11071189;1.677865712
2021-01-26 19:00;0.293270412;-0.53875885;-0.86897528
2021-01-26 20:00;1.031849017;-0.167846856;-1.450025492
2021-01-26 21:00;0.695678834;0.071993038;-1.244278495
2021-01-26 22:00;1.383509448;-1.050503475;0.446388429
2021-01-26 23:00;-1.121489208;-0.486773493;0.131134596
2021-01-27 00:00;-2.033601237;-1.528307519;0.456615957
2021-01-27 01:00;-1.559873095;-0.569469636;-0.321234255
2021-01-27 02:00;-0.709173065;0.263286393;0.235783004
2021-01-27 03:00;2.839482338;0.576395866;-0.458505
2021-01-27 04:00;3.99763622;0.106910664;-0.644596792
2021-01-27 05:00;3.627924413;-0.44409457;-0.807794342
2021-01-27 06:00;1.731611223;-2.491489718;-1.162031703
2021-01-27 07:00;-0.846236652;-1.295460354;-1.091618883
2021-01-27 08:00;-0.625287964;0.958432457;-3.14428061
2021-01-27 09:00;-0.260642994;1.444293854;-1.654984025
2021-01-27 10:00;3.052636367;0.122995258;-3.203677699
2021-01-27 11:00;0.865021723;-0.015593456;-2.043878323
2021-01-27 12:00;-1.531263504;0.775486139;-2.754587517
2021-01-27 13:00;0.151278649;0.989122819;-1.836904879
2021-01-27 14:00;1.20934631;0.034767153;-4.448307489
2021-01-27 15:00;1.248550239;-1.970751847;-3.37954917
2021-01-27 16:00;-1.415555987;-0.307664268;-3.1480761
2021-01-27 17:00;-0.919482137;0.631562678;-2.940498722
2021-01-27 18:00;0.201018415;0.399300169;-1.053508314
2021-01-27 19:00;0.23740464;0.254095134;-2.074390318
2021-01-27 20:00;0.353213042;0.853056956;-2.267172703
2021-01-27 21:00;0.608336182;0.132819821;-2.418639726
2021-01-27 22:00;-0.6145955;1.320452553;-1.28578609
2021-01-27 23:00;-0.02781725;0.871356281;-0.448911938
2021-01-28 00:00;0.170437975;1.491936586;0.747791424
2021-01-28 01:00;-0.8784862;2.941713336;0.750478842
2021-01-28 02:00;0.973901157;2.457272863;0.48508655
2021-01-28 03:00;1.201604892;2.271931277;0.373997226
2021-01-28 04:00;1.4276412;1.322220204;2.260167872
2021-01-28 05:00;1.001246124;0.267296419;0.791950689
2021-01-28 06:00;1.662357374;0.714547021;1.310850586
2021-01-28 07:00;0.613893375;-0.94750332;1.140299335
2021-01-28 08:00;-1.465182774;0.225673029;0.83827634
2021-01-28 09:00;-0.408840996;-0.756063323;-0.621890487
2021-01-28 10:00;-0.645088026;-0.478461093;0.868327811
2021-01-28 11:00;-0.297310364;-0.641165887;1.733502541
2021-01-28 12:00;-0.676821254;-0.832072219;0.995283515
2021-01-28 13:00;0.507204461;-1.685622567;0.252783022
2021-01-28 14:00;-1.389604856;-0.633932929;1.311648128
2021-01-28 15:00;-1.737934149;1.091115912;0.804468582
2021-01-28 16:00;0.131478391;2.738465447;0.639596807
2021-01-28 17:00;0.77124237;1.51590001;1.191380481
2021-01-28 18:00;1.051596808;2.123678626;0.396011934
2021-01-28 19:00;-0.23798063;0.620945957;0.043375648
2021-01-28 20:00;-0.009797782;0.7215131;0.819156483
2021-01-28 21:00;-1.057968256;1.04280126;0.08119513
2021-01-28 22:00;0.227652091;1.726316265;-0.020245392
2021-01-28 23:00;0.30111091;1.591200604;-1.316912105
2021-01-29 00:00;1.392520105;0.928222325;-0.803031474
2021-01-29 01:00;0.722178475;1.995940673;-0.755476503
2021-01-29 02:00;2.224336526;4.328330269;-1.723803722
2021-01-29 03:00;3.765019971;2.023421248;-0.917097721
2021-01-29 04:00;2.082711898;2.704077426;-2.962873325
2021-01-29 05:00;3.516454343;2.520853615;-0.917307312
2021-01-29 06:00;4.384663141;1.166073311;-0.134890627
2021-01-29 07:00;3.559042235;-0.677818342;0.983707629
2021-01-29 08:00;3.199498598;-0.719850779;1.809002609
2021-01-29 09:00;1.11372885;1.309291017;2.045299798
2021-01-29 10:00;0.780538085;-0.587209926;2.767028717
2021-01-29 11:00;-1.847191393;0.52643306;1.616301366
2021-01-29 12:00;0.201762146;-0.68835801;1.39781764
2021-01-29 13:00;0.756255269;-0.141624669;2.211712219
2021-01-29 14:00;-1.23682721;1.011024641;2.294613584
2021-01-29 15:00;-0.989923058;1.802845201;2.01122682
2021-01-29 16:00;0.987185967;1.96289704;2.247264547
2021-01-29 17:00;2.453655611;2.211902776;0.877811241
2021-01-29 18:00;2.715901932;1.208061932;1.018247536
2021-01-29 19:00;3.182105722;1.417078197;0.120849114
2021-01-29 20:00;3.817679091;0.281311224;-1.161865842
2021-01-29 21:00;1.247469574;-1.084871566;-2.076389318
2021-01-29 22:00;1.289901205;-2.440569525;-2.100185268
2021-01-29 23:00;-1.171992561;-2.208306124;-1.155885682
2021-01-30 00:00;-2.042005802;-0.557442188;-0.413749694
2021-01-30 01:00;-2.454422133;-0.417068468;-0.264179256
2021-01-30 02:00;-2.12987611;-0.174009446;1.773186468
2021-01-30 03:00;-1.130487576;0.511918859;0.879891187
2021-01-30 04:00;-1.925524676;1.513757245;2.615173595
2021-01-30 05:00;-0.378549212;1.663852268;1.511185743
2021-01-30 06:00;1.586587646;0.842899385;2.223650138
2021-01-30 07:00;-0.887538101;-0.105107086;-0.35337302
2021-01-30 08:00;-2.653976777;-0.942758066;-0.616099982
2021-01-30 09:00;-1.97825988;-1.104604856;0.122930319
2021-01-30 10:00;-2.072321039;-1.025884653;-0.0074717
2021-01-30 11:00;-2.280734667;-1.836814162;0.272674245
2021-01-30 12:00;-1.409881612;-1.006633316;0.091254134
2021-01-30 13:00;-1.851469579;-0.021137219;1.708702006
2021-01-30 14:00;-1.421067856;-1.131449016;0.319333042
2021-01-30 15:00;-3.217873445;-0.517226038;-0.35151213
2021-01-30 16:00;-0.755631098;-1.390603927;-2.836383651
2021-01-30 17:00;-1.199473741;-1.759849946;-3.258761807
2021-01-30 18:00;0.928625286;-0.108215519;-3.939304173
2021-01-30 19:00;1.333951724;0.085584378;-2.577701686
2021-01-30 20:00;0.242346663;-0.619057848;-2.893254021
2021-01-30 21:00;-2.312681806;-0.825142777;-2.291199221
2021-01-30 22:00;-0.764462479;-1.473438139;-1.799225168
2021-01-30 23:00;-1.130119904;-2.331198628;-2.151360337
2021-01-31 00:00;-2.168407171;-2.333695556;-0.79435932
2021-01-31 01:00;-4.044253109;-1.686781901;-1.01581583
2021-01-31 02:00;-2.836876099;-1.341587891;0.376044161
2021-01-31 03:00;-2.255651458;-1.471920757;0.259411074
2021-01-31 04:00;-3.875684648;1.498055654;-0.091701112
2021-01-31 05:00;0.68537475;1.01270349;-1.946224258
2021-01-31 06:00;0.603559818;0.892194429;-1.488413152
2021-01-31 07:00;2.692614583;-1.419539978;-1.740405152
2021-01-31 08:00;1.386789215;-1.328079354;-2.868290797
2021-01-31 09:00;1.724663421;-0.656223259;-2.74854062
2021-01-31 10:00;2.97432859;-1.031978686;-3.524816132
2021-01-31 11:00;1.43120938;-1.788716299;-3.224164638
2021-01-31 12:00;0.640709635;-1.848892378;-2.794690321
2021-01-31 13:00;-0.412960555;-2.251657033;-3.196200994
2021-01-31 14:00;-1.162346353;-3.362151445;-3.062051979
2021-01-31 15:00;-3.757507423;-2.804153001;-4.317766348
2021-01-31 16:00;-2.976748494;-3.414289982;-5.624099304
2021-01-31 17:00;-4.15565065;-1.832834845;-3.78610793
2021-01-31 18:00;-2.628829228;-1.546912249;-4.234799469
2021-01-31 19:00;-1.609302117;-0.927692609;-3.043390149
2021-01-31 20:00;-1.760405221;-2.20834885;-4.082246527
2021-01-31 21:00;-1.064756929;-0.996949325;-2.827603827
2021-01-31 22:00;-0.731871583;-1.966236544;-1.072851651
2021-01-31 23:00;-0.726230977;-2.551642097;-3.164582831
2021-02-01 00:00;-1.254508725;-1.956601828;-2.235351681
2021-02-01 01:00;-3.555581343;-1.030613295;-3.278782067
2021-02-01 02:00;-2.041363792;0.73898457;-2.766371316
2021-02-01 03:00;-1.032525629;0.712463061;-1.227486922
2021-02-01 04:00;-0.865238452;-0.280639273;-0.351038824
2021-02-01 05:00;-1.425598121;-0.512315025;-1.91750542
2021-02-01 06:00;-0.229597637;-0.204871874;-1.685286162
2021-02-01 07:00;-2.917871251;0.528905036;-1.333450197
2021-02-01 08:00;-0.979372234;-0.256181954;-1.331347424
2021-02-01 09:00;-0.778773523;-1.820655385;-1.066145463
2021-02-01 10:00;-1.27050064;-0.75230926;-1.062867735
2021-02-01 11:00;-3.280871564;-0.940890839;-1.992381672
2021-02-01 12:00;-1.380368199;-0.017366021;-0.192522867
2021-02-01 13:00;-1.86138956;2.63244089;0.54414174
2021-02-01 14:00;-1.579253015;2.165815338;0.679380209
2021-02-01 15:00;1.003588347;0.636650065;0.215367198
2021-02-01 16:00;1.212407926;1.307688881;0.808156542
2021-02-01 17:00;0.380865721;0.062639541;0.079221647
2021-02-01 18:00;0.362591651;-0.903987011;0.412632054
2021-02-01 19:00;-1.147053233;1.065281143;2.525224807
2021-02-01 20:00;0.282338772;1.384112906;1.073064881
2021-02-01 21:00;1.122321551;1.708655827;1.140158726
2021-02-01 22:00;0.087239358;2.910748389;0.365984092
2021-02-01 23:00;1.317825204;1.158425877;-0.650442478
2021-02-02 00:00;0.173721311;-0.412327221;-0.360798068
2021-02-02 01:00;0.134163502;-0.369165544;-0.170034195
2021-02-02 02:00;-1.579028478;-0.611660971;-0.315104304
2021-02-02 03:00;-0.952895625;-0.14361158;0.011375134
2021-02-02 04:00;-1.557851403;-0.353641596;-1.186428228
2021-02-02 05:00;-1.934539709;1.034924877;-0.145714686
2021-02-02 06:00;-2.278218383;0.573891375;-1.69743938
2021-02-02 07:00;-0.730037567;1.04389115;0.413920889
2021-02-02 08:00;2.709496364;1.145747714;-0.582803827
2021-02-02 09:00;0.32858741;-0.063536536;0.371094872
2021-02-02 10:00;0.012339947;0.149323315;-0.308019805
2021-02-02 11:00;1.865879318;0.198866108;0.826148535
2021-02-02 12:00;0.977653115;-1.116569136;-0.487454986
2021-02-02 13:00;-0.494378901;-1.617914298;-0.937731177
2021-02-02 14:00;-0.238251886;-1.616157774;-0.48877786
2021-02-02 15:00;-1.32701056;0.020157538;0.397046463
2021-02-02 16:00;0.15711113;0.101074269;-0.177982958
2021-02-02 17:00;0.511675431;0.744298446;1.171541838
2021-02-02 18:00;1.455900322;-0.008309683;2.09101662
2021-02-02 19:00;0.188396687;0.342975266;-0.053656596
2021-02-02 20:00;0.081554521;1.341565863;-0.167746627
2021-02-02 21:00;0.50492318;0.09843294;-1.198737085
2021-02-02 22:00;-0.972464153;-0.074216618;-1.706972841
2021-02-02 23:00;-2.787386502;-1.071715672;-0.661020126
2021-02-03 00:00;-2.381236468;-1.437727469;-0.448575452
2021-02-03 01:00;-1.283271504;-0.076639745;1.756839757
2021-02-03 02:00;-0.548459508;-0.10704166;2.297365818
2021-02-03 03:00;-2.992523513;0.28452893;1.56507254
2021-02-03 04:00;-1.057201433;-0.888482414;1.124548418
2021-02-03 05:00;-0.796678892;-0.844428063;2.475828229
2021-02-03 06:00;-1.807400239;0.644110961;2.817893138
2021-02-03 07:00;-1.345030241;1.180389452;1.503057398
2021-02-03 08:00;-0.391333375;1.414946888;0.879501307
2021-02-03 09:00;1.449380128;2.589539364;0.546567448
2021-02-03 10:00;2.198050305;2.89676201;-1.519817173
2021-02-03 11:00;2.894463899;1.864213894;-1.934361447
2021-02-03 12:00;3.867922286;0.995304792;-1.164081261
2021-02-03 13:00;2.507533248;-0.490405833;-1.51951793
2021-02-03 14:00;1.669376238;0.666993662;0.239759162
2021-02-03 15:00;0.993238854;1.09888931;1.006887343
2021-02-03 16:00;0.012068352;1.021871943;0.514251436
2021-02-03 17:00;0.016694516;0.179565895;0.701956808
2021-02-03 18:00;-0.073484497;0.077164767;1.704953024
2021-02-03 19:00;-0.473879009;-1.214988611;0.45210359
2021-02-03 20:00;0.231815773;-3.290690199;2.470667428
2021-02-03 21:00;-1.39672675;-0.847209326;1.933779204
2021-02-03 22:00;-1.250519766;0.182948013;2.170536876
2021-02-03 23:00;-0.783802455;-0.812237869;1.895466206
2021-02-04 00:00;-1.194081684;0.793340471;2.389786578
2021-02-04 01:00;1.018384678;1.487539329;2.492154099
2021-02-04 02:00;1.678073446;-0.343292059;1.523007286
2021-02-04 03:00;0.996846784;-1.085011899;0.08426726
2021-02-04 04:00;-2.093709844;0.508719857;-0.965619709
2021-02-04 05:00;-0.253721237;-0.064810862;1.476848595
2021-02-04 06:00;-0.866804446;1.889851106;0.090581479
2021-02-04 07:00;1.853660279;2.636784461;-2.011717497
2021-02-04 08:00;2.092096208;0.287440268;-0.800163012
2021-02-04 09:00;2.027743731;-0.483158103;-0.049147838
2021-02-04 10:00;-0.263455696;-0.128906719;-0.807647463
2021-02-04 11:00;0.435648932;1.651667579;-1.802391886
2021-02-04 12:00;0.958155324;1.2512631;-0.622563691
2021-02-04 13:00;2.800916974;-1.043132205;2.219705414
2021-02-04 14:00;0.20848759;-0.633808659;0.959436927
2021-02-04 15:00;-0.755837154;-0.437579772;0.467271312
2021-02-04 16:00;-1.002198401;-0.536656406;0.246259533
2021-02-04 17:00;-1.131284271;0.088902355;-0.445816915
2021-02-04 18:00;-0.137088183;-0.657390797;0.693546872
2021-02-04 19:00;-1.046358804;0.048420275;0.110809361
2021-02-04 20:00;-0.066017683;0.365582712;-1.244752346
2021-02-04 21:00;1.694955465;-1.655142162;-0.05211972
2021-02-04 22:00;-1.084653213;-3.027195842;0.199570785
2021-02-04 23:00;-1.705927631;-1.610144771;-0.146825298
2021-02-05 00:00;-4.093367626;-2.929854556;3.078799815
2021-02-05 01:00;-3.701898293;-2.017130207;2.457052673
2021-02-05 02:00;-2.186009925;0.216421027;3.620989008
2021-02-05 03:00;-1.53447241;-0.355963005;4.41913419
2021-02-05 04:00;-0.471573215;0.63084829;3.719571341
2021-02-05 05:00;1.321616759;1.145990946;2.384211527
2021-02-05 06:00;2.133154079;-0.378241452;1.39403182
2021-02-05 07:00;1.543352866;1.295481538;2.073764701
2021-02-05 08:00;1.92482183;2.755476887;1.719054788
2021-02-05 09:00;1.932230726;2.39135791;1.067990348
2021-02-05 10:00;2.147599892;1.495199267;0.46820469
2021-02-05 11:00;1.251166795;1.564594502;-0.826983238
2021-02-05 12:00;1.974952899;0.188270163;-0.431059352
2021-02-05 13:00;2.772834524;-1.023473362;-0.689987262
2021-02-05 14:00;0.799449438;0.211624061;1.87587761
2021-02-05 15:00;-0.144224721;-0.634135845;0.226316144
2021-02-05 16:00;-1.381143792;0.275935754;0.68861499
2021-02-05 17:00;0.170928821;0.122465643;2.058270051
2021-02-05 18:00;-1.052483692;0.94438464;-0.204822368
2021-02-05 19:00;0.272305952;1.425294359;-0.386351851
2021-02-05 20:00;1.513659033;2.817186923;-0.393384573
2021-02-05 21:00;3.532166765;2.262178375;-2.451877588
2021-02-05 22:00;4.670215724;1.970239259;-3.650121708
2021-02-05 23:00;5.15154141;1.233663349;-2.238530198
2021-02-06 00:00;4.179509735;1.275021012;-2.28575108
2021-02-06 01:00;3.909150129;0.557125105;-2.898617642
2021-02-06 02:00;2.385285974;-0.831465986;-2.431128141
2021-02-06 03:00;1.644739744;-2.259843413;-2.136522297
2021-02-06 04:00;-0.986648944;-2.707580838;-2.603207233
2021-02-06 05:00;-1.325651786;-2.641426108;-1.689046612
2021-02-06 06:00;-2.787354895;-3.635803732;-0.75505945
2021-02-06 07:00;-2.936312486;-4.150547184;-1.720460812
2021-02-06 08:00;-4.379515106;-3.263097916;-2.755607862
2021-02-06 09:00;-4.357938058;-3.573744871;-3.223848189
2021-02-06 10:00;-3.174490624;-2.915770962;-3.552473473
2021-02-06 11:00;-3.542185495;-2.37658335;-1.312902231
2021-02-06 12:00;-3.316310298;-2.599012545;-1.680794606
2021-02-06 13:00;-2.531453637;-0.879813082;-2.702476783
2021-02-06 14:00;-1.130268176;-1.878171829;-2.141394114
2021-02-06 15:00;-1.670413223;-0.263872558;-2.173524402
2021-02-06 16:00;-1.345295404;-0.360973511;-0.542758155
2021-02-06 17:00;-2.238171161;1.228488164;-0.297036039
2021-02-06 18:00;-1.514198278;2.132406453;0.542244444
2021-02-06 19:00;0.5285278;1.41116636;0.114664029
2021-02-06 20:00;2.280602615;0.670285707;-0.211638313
2021-02-06 21:00;0.92784328;-0.21860011;0.207094906
2021-02-06 22:00;2.636964277;-0.101310585;-0.460223926
2021-02-06 23:00;2.549905018;0.239431415;0.924422916
2021-02-07 00:00;2.046580113;1.152449319;1.906917784
2021-02-07 01:00;2.182937337;2.265372376;2.648602861
2021-02-07 02:00;2.224165325;-0.742914028;2.530942288
2021-02-07 03:00;-1.024025907;0.746994474;4.103402308
2021-02-07 04:00;1.357626825;1.207331171;0.658849126
2021-02-07 05:00;1.40273316;-0.483121013;-0.700054251
2021-02-07 06:00;0.743820271;1.195816264;0.065901706
2021-02-07 07:00;1.687370147;1.456654675;-0.867277584
2021-02-07 08:00;1.281589532;2.58101219;-0.777503995
2021-02-07 09:00;2.383512046;0.891391107;1.25831092
2021-02-07 10:00;2.979792185;-0.156942277;4.349941563
2021-02-07 11:00;0.132666862;2.085229008;4.304399732
2021-02-07 12:00;1.062173084;2.669191847;1.163491125
2021-02-07 13:00;2.4636046;1.968272782;1.721628283
2021-02-07 14:00;2.765934329;2.669138689;1.45144799
2021-02-07 15:00;2.351904751;2.300594192;1.938113275
2021-02-07 16:00;2.423231782;1.519647271;0.242531419
2021-02-07 17:00;2.769688882;1.323617001;0.754398315
2021-02-07 18:00;1.855166759;2.90093323;2.026838387
2021-02-07 19:00;3.760092538;2.238696848;1.012023683
2021-02-07 20:00;3.033886141;0.455144302;0.899310154
2021-02-07 21:00;1.548500964;-0.070693418;-0.231865682
2021-02-07 22:00;-0.135515299;-0.515501704;0.570919682
2021-02-07 23:00;-1.765449538;0.287347351;0.41890133
2021-02-08 00:00;-0.737182876;-0.015687276;-0.130685563
2021-02-08 01:00;-1.203916569;0.239978749;-0.764875654
2021-02-08 02:00;1.151889421;1.381821385;-1.577259439
2021-02-08 03:00;1.741308192;-2.471319301;-0.876610395
2021-02-08 04:00;-2.831604446;-1.722878351;0.536407589
2021-02-08 05:00;-4.166751231;-1.0596265;1.011863207
2021-02-08 06:00;-0.702026226;-1.263155011;0.16618748
2021-02-08 07:00;0.8477946;-0.341760797;-1.178047731
2021-02-08 08:00;0.865166642;-1.293451973;-1.084913257
2021-02-08 09:00;-1.035819086;-0.212569644;-0.475890916
2021-02-08 10:00;-1.804097537;-1.81406349;-0.273956154
2021-02-08 11:00;-2.510643959;-2.86332707;0.087435029
2021-02-08 12:00;-3.846009291;-0.956265913;0.249603655
2021-02-08 13:00;-2.3564793;0.77676975;2.443386794
2021-02-08 14:00;-0.782713227;1.564180883;0.461428912
2021-02-08 15:00;0.873738554;0.224092824;-0.062684027
2021-02-08 16:00;0.28976972;-1.338461718;2.434425791
2021-02-08 17:00;-0.212557675;0.29723813;0.955358196
2021-02-08 18:00;0.188840361;0.045155975;2.077152915
2021-02-08 19:00;0.895668387;-0.422498748;0.984998143
2021-02-08 20:00;0.106685879;0.107012385;0.60659994
2021-02-08 21:00;2.04954149;-1.468431531;0.494339106
2021-02-08 22:00;0.67640805;-0.808343693;-0.681396508
2021-02-08 23:00;-1.565717007;-1.879638572;-1.063467246
2021-02-09 00:00;-1.183310613;-2.018041231;-2.678460504
2021-02-09 01:00;-2.158002341;-2.011128933;-0.424753805
2021-02-09 02:00;-2.063450737;-1.224994843;1.080534554
2021-02-09 03:00;-3.043906698;-2.635161777;0.229256479
2021-02-09 04:00;-3.050952731;0.0578941;-0.836164943
2021-02-09 05:00;0.379891241;0.238449667;-1.617415566
2021-02-09 06:00;-0.368109137;1.399309927;-1.956565017
2021-02-09 07:00;2.59122855;-0.952421069;-0.542651192
2021-02-09 08:00;0.71681226;-1.625804264;-0.801624475
2021-02-09 09:00;-1.485529223;0.843350644;-0.560075121
2021-02-09 10:00;-1.338713291;1.568159721;0.089785848
2021-02-09 11:00;0.254752804;-1.593368707;1.069152768
2021-02-09 12:00;-2.987486233;-1.699879089;1.52844634
2021-02-09 13:00;-2.815447147;-1.489058171;1.652122472
2021-02-09 14:00;-1.567174202;1.213669083;1.435889761
2021-02-09 15:00;0.122730998;-0.830980397;1.330218114
2021-02-09 16:00;-0.454889173;-0.377192841;2.544751054
2021-02-09 17:00;-0.432211571;0.268441665;1.904164935
2021-02-09 18:00;-1.70042276;0.074052376;0.804462902
2021-02-09 19:00;-0.123749825;-0.761501259;0.111510621
2021-02-09 20:00;0.18405353;-0.492192733;0.528850886
2021-02-09 21:00;-2.121132071;-0.192766515;1.821905955
2021-02-09 22:00;-0.774047907;-0.131231591;1.657115314
2021-02-09 23:00;-0.966176714;0.361488307;-0.061088641
2021-02-10 00:00;-1.421011986;-0.473019443;-0.536301881
2021-02-10 01:00;1.043120466;-1.217713191;-0.488050319
2021-02-10 02:00;0.090889946;-0.493586106;0.31316498
2021-02-10 03:00;-0.105932386;-1.349830145;-0.68295528
2021-02-10 04:00;0.370137554;-1.769120778;0.218881097
2021-02-10 05:00;-2.396747747;0.654596907;0.903790014
2021-02-10 06:00;-1.320535071;1.943728333;1.277211172
2021-02-10 07:00;0.559265343;0.014633183;-0.006575931
2021-02-10 08:00;-1.296928694;1.245761009;1.077281099
2021-02-10 09:00;1.469870562;0.314248404;0.527203634
2021-02-10 10:00;-1.537457762;0.149457969;0.608879161
2021-02-10 11:00;-2.323494775;0.281951032;0.139436146
2021-02-10 12:00;-0.802565081;-0.634409917;-0.370850964
2021-02-10 13:00;-0.968468939;-0.533363297;0.173566471
2021-02-10 14:00;0.054942517;-0.55549971;-0.824206173
2021-02-10 15:00;-1.446788073;-0.269940102;1.274376051
2021-02-10 16:00;0.429012168;-0.168958816;1.182625494
2021-02-10 17:00;-1.657520429;-0.96452021;1.02493089
2021-02-10 18:00;-2.174455768;0.606863876;0.317379142
2021-02-10 19:00;-0.672144906;-0.624158689;-0.764026741
2021-02-10 20:00;0.03624308;2.075377082;-0.651077817
2021-02-10 21:00;1.539848236;1.018587394;-2.549462752
2021-02-10 22:00;0.308187001;1.41488155;-1.250755987
2021-02-10 23:00;2.607761826;1.90288889;-2.489633465
2021-02-11 00:00;2.778468283;1.258091388;-4.644561359
2021-02-11 01:00;4.38792911;-0.814323523;-5.064890603
2021-02-11 02:00;1.923453069;-1.234978731;-4.68359623
2021-02-11 03:00;0.224077903;-0.325674332;-5.406785341
2021-02-11 04:00;0.498031342;-3.410902239;-5.098436376
2021-02-11 05:00;-2.057593781;-3.230447143;-4.228043721
2021-02-11 06:00;-4.094990143;-3.755945497;-3.386586497
2021-02-11 07:00;-3.752986337;-1.375141502;-3.511760012
2021-02-11 08:00;-1.223537981;-0.643459101;-3.332504653
2021-02-11 09:00;-2.430853159;-2.308803629;-1.333041796
2021-02-11 10:00;-2.969588153;-2.9643485;0.287846446
2021-02-11 11:00;-1.766564294;-2.400874217;-0.249711675
2021-02-11 12:00;-4.26102022;-3.358646031;-0.723196946
2021-02-11 13:00;-3.955957455;-3.71554982;0.370918144
2021-02-11 14:00;-6.780478881;-1.854591548;0.597784584
2021-02-11 15:00;-5.6450544;-0.624479482;1.319138717
2021-02-11 16:00;-4.639508737;0.427060044;0.637645705
2021-02-11 17:00;-1.313760301;0.31767262;-0.669639253
2021-02-11 18:00;-0.325652919;-0.339758682;-1.781875861
2021-02-11 19:00;-0.03487199;-0.102939907;0.532453424
2021-02-11 20:00;0.409885715;0.357831358;-0.573071279
2021-02-11 21:00;-0.156877697;-1.824692949;1.772887544
2021-02-11 22:00;-2.090759637;-1.5471937;2.592598712
2021-02-11 23:00;-4.092878195;0.073659075;1.825573772
2021-02-12 00:00;-1.135743626;-1.404164346;1.346138764
2021-02-12 01:00;-1.910284104;-0.905791589;0.607974539
2021-02-12 02:00;-1.655407806;-0.349744199;1.38164144
2021-02-12 03:00;-1.540560416;2.232866664;3.058725072
2021-02-12 04:00;-0.327259279;1.475257838;0.356103612
2021-02-12 05:00;1.229944253;2.119580309;0.659973996
2021-02-12 06:00;0.979212027;2.69120685;-1.131605253
2021-02-12 07:00;2.348217883;1.619047436;0.498338137
2021-02-12 08:00;3.186399953;2.106973865;0.30112922
2021-02-12 09:00;3.151249649;2.022601815;-0.093102466
2021-02-12 10:00;3.25474587;0.96349358;-0.571509849
2021-02-12 11:00;2.332520647;-0.530526969;0.779818126
2021-02-12 12:00;-0.228942365;-0.160956875;1.114234063
2021-02-12 13:00;-0.014941399;-1.082269839;-0.793781341
2021-02-12 14:00;-3.598351519;-0.098709405;-2.260574568
2021-02-12 15:00;-1.348279882;-1.264715882;-1.992088114
2021-02-12 16:00;-1.736560194;-0.176227123;-1.489272553
2021-02-12 17:00;0.668952472;0.091075637;-0.471495919
2021-02-12 18:00;0.239120111;1.303168378;0.05436114
2021-02-12 19:00;1.165707118;2.103256244;-1.0581201
2021-02-12 20:00;1.360477235;0.136777069;0.96494527
2021-02-12 21:00;0.59197719;-1.078720668;2.207230936
2021-02-12 22:00;0.342903875;-1.702727998;1.015790299
2021-02-12 23:00;-1.055772974;-0.680661996;0.971257694
2021-02-13 00:00;-1.344749016;0.687153336;0.803881776
2021-02-13 01:00;0.670076041;0.28028954;-0.024089934
2021-02-13 02:00;1.713924138;2.146889044;0.065811404
2021-02-13 03:00;1.455782081;0.927586149;0.864058258
2021-02-13 04:00;2.056041326;0.723820108;-0.115410171
2021-02-13 05:00;1.691431545;1.526192952;-0.29462252
2021-02-13 06:00;1.388714211;2.397967158;-0.59929923
2021-02-13 07:00;1.866226928;1.647994105;-0.510275047
2021-02-13 08:00;1.981709655;1.875439446;0.208624605
2021-02-13 09:00;2.849379118;2.475492385;-0.013086268
2021-02-13 10:00;0.589686974;2.267438632;0.109912193
2021-02-13 11:00;0.173051895;2.78051742;0.607387247
2021-02-13 12:00;0.753576717;1.094774829;0.475561172
2021-02-13 13:00;0.507079895;0.766932889;-0.802654298
2021-02-13 14:00;2.137385225;0.485892881;-0.823422404
2021-02-13 15:00;1.236070173;0.786394059;0.668532183
2021-02-13 16:00;3.25003733;2.514201752;1.509479601
2021-02-13 17:00;2.752506715;1.755437782;2.174994088
2021-02-13 18:00;3.08069837;0.409019596;2.386273919
2021-02-13 19:00;0.068292043;0.502133625;2.033765875
2021-02-13 20:00;-0.920442256;-1.997639228;2.499381564
2021-02-13 21:00;-3.661353501;-2.237451752;0.323349756
2021-02-13 22:00;-2.436907875;-1.460476152;1.315028909
2021-02-13 23:00;-1.944022815;1.591607994;2.271135352
2021-02-14 00:00;-0.325443582;3.220011776;1.389237729
2021-02-14 01:00;1.380991178;1.851968494;2.570139072
2021-02-14 02:00;1.021580834;1.52421591;1.319535385
2021-02-14 03:00;-0.237043744;1.403209889;1.708104566
2021-02-14 04:00;1.826843932;0.384410809;0.227078072
2021-02-14 05:00;0.609440733;-0.73147171;-0.700719292
2021-02-14 06:00;-0.370643351;-0.80869002;-0.982894704
2021-02-14 07:00;-2.757848558;-1.357412814;-0.792751
2021-02-14 08:00;-2.313791709;-0.443587995;1.075056077
2021-02-14 09:00;0.119269545;0.543595379;1.202898174
2021-02-14 10:00;1.432161715;1.46000354;0.666704485
2021-02-14 11:00;0.187875831;1.104277118;-0.363238613
2021-02-14 12:00;-0.871581747;0.625313042;-1.440926335
2021-02-14 13:00;0.385899865;-0.609826662;-0.700085384
2021-02-14 14:00;0.799868776;0.044320263;-1.426114954
2021-02-14 15:00;-0.187558372;-0.525423498;-3.253546972
2021-02-14 16:00;-0.435615152;-1.855234301;-2.893430953
2021-02-14 17:00;0.141305737;-2.747727892;-3.601152896
2021-02-14 18:00;-0.51105268;-2.145118472;-1.596089155
2021-02-14 19:00;-1.176702116;-2.979450213;-2.137128681
2021-02-14 20:00;-2.793218904;-3.21142122;-1.629933962
2021-02-14 21:00;-1.962203179;-1.537500957;0.413618562
2021-02-14 22:00;-2.458359406;-0.037793621;0.635267252
2021-02-14 23:00;-1.473439102;0.022743241;-0.204110656
2021-02-15 00:00;-1.10923888;1.125907562;-2.388011205
2021-02-15 01:00;0.321243627;0.624767531;-0.675362089
2021-02-15 02:00;-0.845904324;-0.205235313;-0.325237306
2021-02-15 03:00;-1.02787103;0.999845706;-0.481648624
2021-02-15 04:00;0.706873458;0.854902684;-2.398537684
2021-02-15 05:00;2.191174813;0.957532903;-2.628594111
2021-02-15 06:00;2.498596615;0.409933817;-1.994004
2021-02-15 07:00;1.430237184;0.494416219;-0.949128978
2021-02-15 08:00;1.40046096;1.309805185;-0.710672942
2021-02-15 09:00;0.990831828;-0.986432541;-0.820339098
2021-02-15 10:00;-1.212079962;-0.289994707;1.792955633
2021-02-15 11:00;-1.528903457;0.034029365;1.152593384
2021-02-15 12:00;-1.709394407;0.253572817;2.746777329
2021-02-15 13:00;-0.799243679;1.205847314;2.521337473
2021-02-15 14:00;0.16302785;0.249992755;1.977792763
2021-02-15 15:00;-0.314089209;-0.347478;2.102570309
2021-02-15 16:00;1.272227823;-0.820044107;0.049007795
2021-02-15 17:00;-1.358201324;-2.008750294;0.333284171
2021-02-15 18:00;-1.268710606;-1.685475066;-0.731407278
2021-02-15 19:00;-1.794896444;-2.466470524;0.482035684
2021-02-15 20:00;-3.997124678;-1.144982781;2.024281126
2021-02-15 21:00;-2.77625082;-0.087535839;1.272211352
2021-02-15 22:00;-1.309706447;-0.732881399;0.172272094
2021-02-15 23:00;-2.537689168;-0.596902493;1.272787797
2021-02-16 00:00;-1.693767211;0.62761807;0.931288464
2021-02-16 01:00;0.242527818;-1.129850896;1.81735683
2021-02-16 02:00;-1.909022607;-0.590367833;1.490610399
2021-02-16 03:00;-2.146260604;1.249732438;2.472326707
2021-02-16 04:00;-0.73813021;0.654916153;1.999199325
2021-02-16 05:00;1.145038183;-0.08350036;0.679703464
2021-02-16 06:00;-0.648581052;-1.204652963;0.972310458
2021-02-16 07:00;-0.1770709;0.870495324;2.504114463
2021-02-16 08:00;-1.480831872;0.179115584;2.041769691
2021-02-16 09:00;0.68198756;1.669106871;1.397301145
2021-02-16 10:00;2.274348579;2.391494917;0.976838631
2021-02-16 11:00;2.42819858;2.961840232;1.584794291
2021-02-16 12:00;2.294585697;1.692312171;0.07644966
2021-02-16 13:00;0.59630689;0.343899198;-0.099623478
2021-02-16 14:00;-0.637751231;-1.89259696;-0.734074943
2021-02-16 15:00;-0.641371264;-1.203847649;-0.337470138
2021-02-16 16:00;0.413546468;-0.807380261;-2.535139505
2021-02-16 17:00;1.492287832;-2.237028589;-1.833323913
2021-02-16 18:00;-1.136673323;-1.316067179;-2.875219353
2021-02-16 19:00;-1.390431257;-0.717956497;-1.41318385
2021-02-16 20:00;-0.647630558;-1.045754134;-0.979785354
2021-02-16 21:00;-0.304027607;-1.917678324;-1.295492403
2021-02-16 22:00;-2.129430857;0.382505346;1.002159831
2021-02-16 23:00;-1.407388208;-0.606820232;-0.363510874
2021-02-17 00:00;-0.991663932;0.234287071;0.834725086
2021-02-17 01:00;-1.931104369;1.224506859;2.090611958
2021-02-17 02:00;-0.95606656;0.798641678;2.609817495
2021-02-17 03:00;-0.208523728;-0.433212733;2.979505471
2021-02-17 04:00;-2.11124273;1.063809509;1.68339358
2021-02-17 05:00;-1.960526602;-0.139511689;1.52615104
2021-02-17 06:00;0.368524589;1.153279738;0.870618196
2021-02-17 07:00;-0.492808362;0.268856598;-0.106334103
2021-02-17 08:00;-0.333640317;0.4780292;-1.04110461
2021-02-17 09:00;0.537515435;0.227716865;-0.250222449
2021-02-17 10:00;0.995535883;1.217909513;-0.040161301
2021-02-17 11:00;0.998143238;0.882457828;-0.051878071
2021-02-17 12:00;0.18603104;1.123169938;0.150608278
2021-02-17 13:00;3.633282906;0.072126619;3.094890872
2021-02-17 14:00;1.106217692;-0.131599778;1.990295509
2021-02-17 15:00;1.423673266;-1.163663772;1.582298114
2021-02-17 16:00;-2.135167689;-1.848592722;0.375820141
2021-02-17 17:00;-2.531021551;-1.414743452;2.175197596
2021-02-17 18:00;-1.828590652;1.596088811;1.845378932
2021-02-17 19:00;-1.089796269;2.014361547;0.948190752
2021-02-17 20:00;1.025083134;3.517002242;0.666342455
2021-02-17 21:00;2.34771489;2.421091328;-0.496916508
2021-02-17 22:00;1.033188411;1.127027723;-1.116677403
2021-02-17 23:00;1.699102531;2.01694214;-0.643769676
2021-02-18 00:00;1.435990003;2.686635641;-3.132415297
2021-02-18 01:00;4.160339522;2.587429913;-3.907828306
2021-02-18 02:00;4.867405098;2.302906257;-2.604375174
2021-02-18 03:00;3.685335094;1.839808932;-3.376818725
2021-02-18 04:00;0.979581828;-1.176918332;-3.041304145
2021-02-18 05:00;0.93970231;-0.901655075;-1.459359112
2021-02-18 06:00;0.191607118;0.585892702;-1.904351802
2021-02-18 07:00;0.386654567;0.525416093;-0.830778777
2021-02-18 08:00;0.113817019;-0.659643778;-1.155476051
2021-02-18 09:00;-0.454281352;-0.837985494;-0.579204757
2021-02-18 10:00;-0.31476104;-0.526377833;0.459322689
2021-02-18 11:00;-2.157069424;-1.963815094;-0.099071727
2021-02-18 12:00;-1.237255738;-1.473750824;-0.59011249
2021-02-18 13:00;-1.768755128;-1.416921151;-1.26568133
2021-02-18 14:00;-1.242828877;-1.272078628;-1.508559472
2021-02-18 15:00;-0.974229471;-0.720286059;-1.768071637
2021-02-18 16:00;-0.333128838;-0.434153621;-0.482097358
2021-02-18 17:00;0.698102403;-0.813631789;1.720468059
2021-02-18 18:00;-1.420757274;-1.531318077;2.607566944
2021-02-18 19:00;-2.006789782;0.204247498;1.628514997
2021-02-18 20:00;-1.841447037;0.98556978;1.834250506
2021-02-18 21:00;2.025796467;-0.097343025;1.566828884
2021-02-18 22:00;0.31644327;-0.500966745;0.96353467
2021-02-18 23:00;-0.499108602;0.263979976;1.236532333
2021-02-19 00:00;-0.244798075;0.865004068;0.011786439
2021-02-19 01:00;-0.639871083;1.679610941;1.368801459
2021-02-19 02:00;-1.155561072;1.926683658;1.099219581
2021-02-19 03:00;1.869859236;3.281125059;-0.664085308
2021-02-19 04:00;3.44284992;2.660078702;-0.820093549
2021-02-19 05:00;3.296528848;1.460691728;-2.151258608
2021-02-19 06:00;2.664296752;0.937354615;-3.181427471
2021-02-19 07:00;0.93734766;0.214308127;-3.33067952
2021-02-19 08:00;0.169393507;-0.791108597;-2.217562226
2021-02-19 09:00;0.991086365;-1.477728121;-1.35354281
2021-02-19 10:00;0.759485693;-0.6811939;-0.150717842
2021-02-19 11:00;-0.26373592;0.005845719;1.126005244
2021-02-19 12:00;-0.367781444;1.064943281;2.315631702
2021-02-19 13:00;-0.234643342;1.822367284;3.026825257
2021-02-19 14:00;0.519711814;0.209195426;0.888612194
2021-02-19 15:00;0.337601828;0.26543448;1.250036734
2021-02-19 16:00;0.700121873;-0.776594327;1.040720227
2021-02-19 17:00;0.679795331;-0.717301959;1.211268925
2021-02-19 18:00;0.750384271;2.026624351;1.210064965
2021-02-19 19:00;0.401260723;2.254987704;0.373074798
2021-02-19 20:00;2.290847596;2.556001377;0.074998485
2021-02-19 21:00;2.771885659;1.967626712;1.518521262
2021-02-19 22:00;1.874996117;2.392468258;2.988175688
2021-02-19 23:00;4.013791962;3.401725661;1.724505712
2021-02-20 00:00;2.916990134;2.45109991;1.583819991
2021-02-20 01:00;3.473011556;2.286386209;1.073386513
2021-02-20 02:00;3.366063929;1.718351019;0.666710681
2021-02-20 03:00;3.745516888;1.070869355;-0.115062888
2021-02-20 04:00;4.475410447;0.654324957;0.508380387
2021-02-20 05:00;4.299745699;1.493226071;0.570093689
2021-02-20 06:00;2.814834459;0.418309218;1.627700987
2021-02-20 07:00;1.337587885;-0.098396806;1.414048932
2021-02-20 08:00;1.870306295;0.297929532;1.347763918
2021-02-20 09:00;0.27593708;1.109559159;1.103721418
2021-02-20 10:00;0.877758459;2.249259756;-0.117464511
2021-02-20 11:00;0.628688047;0.285567434;-1.019397841
2021-02-20 12:00;0.027667748;-0.828164729;-0.151135865
2021-02-20 13:00;-2.097065151;0.009864673;-0.069184279
2021-02-20 14:00;-0.488123876;1.118822626;-0.376159711
2021-02-20 15:00;-1.662373801;0.678736239;-0.516814208
2021-02-20 16:00;0.940517551;0.678850822;0.296973505
2021-02-20 17:00;0.8520114;-2.145434388;0.188763182
2021-02-20 18:00;-2.072690594;-0.789602644;-1.083430563
2021-02-20 19:00;-0.840830861;-1.073175601;-1.798028175
2021-02-20 20:00;-1.703904537;-0.997026634;-1.83325336
2021-02-20 21:00;-1.78621929;-2.178395454;-1.300505684
2021-02-20 22:00;-2.075241002;-2.763048079;-0.591958774
2021-02-20 23:00;-4.340874982;-3.983611589;-0.288868988
2021-02-21 00:00;-5.552582784;-3.453563075;-0.053204932
2021-02-21 01:00;-4.624233411;-3.653759022;-0.913698283
2021-02-21 02:00;-4.515202073;-3.330926253;-0.719916973
2021-02-21 03:00;-5.410016394;-5.386301819;-0.121088878
2021-02-21 04:00;-5.625068123;-4.305514237;-0.910813475
2021-02-21 05:00;-7.261999272;-2.683746189;-1.960979108
2021-02-21 06:00;-4.619687919;-0.06499462;-1.910208362
2021-02-21 07:00;-3.610211143;-0.528541459;-2.322884726
2021-02-21 08:00;-2.444311129;-0.227236666;-1.97303446
2021-02-21 09:00;-1.435064779;-1.351586362;-1.27424871
2021-02-21 10:00;-2.645149451;0.672149811;-0.624045378
2021-02-21 11:00;-1.954069073;0.137374568;-1.038450012
2021-02-21 12:00;-0.301774263;-0.806941007;-1.554812199
2021-02-21 13:00;0.846347508;0.590264805;-1.301271656
2021-02-21 14:00;-0.118255974;1.195001593;-1.206309646
2021-02-21 15:00;0.616699683;0.567837624;1.517743477
2021-02-21 16:00;0.38160145;0.636695833;-0.265223511
2021-02-21 17:00;3.626447299;0.133382942;0.163196139
2021-02-21 18:00;2.849372325;0.125859423;0.963245932
2021-02-21 19:00;1.427048166;0.116213075;-0.75440622
2021-02-21 20:00;0.025263146;-0.145293496;-2.04521178
2021-02-21 21:00;1.336398709;0.517548543;-1.101240368
2021-02-21 22:00;2.08146573;-0.879578269;-0.665274559
2021-02-21 23:00;-1.109965053;-1.063728409;-1.50952165
2021-02-22 00:00;-1.558204182;-1.370291735;-0.336049844
2021-02-22 01:00;-1.14798532;-0.759149381;-1.983329551
2021-02-22 02:00;-0.987700239;-1.473883303;-1.238435845
2021-02-22 03:00;-1.062461572;-0.927017401;-2.316790962
2021-02-22 04:00;-0.664062768;0.049587779;-1.904932256
2021-02-22 05:00;1.133116736;0.871798974;-1.287097164
2021-02-22 06:00;1.816579172;0.121629505;-0.786612725
2021-02-22 07:00;2.902610715;-1.355009623;-0.370074954
2021-02-22 08:00;0.6069741;-0.958176479;-0.295102169
2021-02-22 09:00;0.152455677;-1.261118282;-1.645409215
2021-02-22 10:00;-0.090704448;0.910144597;0.226993584
2021-02-22 11:00;2.566772397;-0.062561008;-0.547558725
2021-02-22 12:00;2.155994037;-0.091600715;0.05540969
2021-02-22 13:00;0.467235089;1.234629733;0.353510943
2021-02-22 14:00;1.43458906;2.454938386;-0.872909796
2021-02-22 15:00;3.188344603;1.548624532;-0.827332059
2021-02-22 16:00;2.97828003;2.038270955;-1.395879485
2021-02-22 17:00;2.407092313;1.185793524;-0.686189798
2021-02-22 18:00;3.490781144;1.668357543;-1.51345732
2021-02-22 19:00;3.92022116;1.456474959;0.127765109
2021-02-22 20:00;3.916052386;1.134433961;-0.166981531
2021-02-22 21:00;3.32222641;2.085887964;1.804158453
2021-02-22 22:00;2.522442567;1.118849099;1.736425338
2021-02-22 23:00;1.761271935;0.349540297;2.337094949
2021-02-23 00:00;1.621197107;1.699866531;0.792861031
2021-02-23 01:00;1.33419622;0.931436619;1.437448099
2021-02-23 02:00;2.612276407;0.906660586;-0.505544964
2021-02-23 03:00;2.24504862;1.916207806;-0.286680078
2021-02-23 04:00;2.342326952;0.925834477;0.415806515
2021-02-23 05:00;1.230281553;0.875444722;-0.105020093
2021-02-23 06:00;1.023379926;0.853080137;0.086471185
2021-02-23 07:00;1.920328228;0.122785023;-1.689016932
2021-02-23 08:00;0.1905079;-0.02812623;-1.560019217
2021-02-23 09:00;1.190205735;2.061130215;-1.979715172
2021-02-23 10:00;2.91497441;1.722157039;-1.446205774
2021-02-23 11:00;3.441036945;1.95188726;-1.777357856
2021-02-23 12:00;3.331190433;2.471070072;-0.370124861
2021-02-23 13:00;2.09051563;2.373466262;-1.84940517
2021-02-23 14:00;4.342166541;3.027953057;-2.853315425
2021-02-23 15:00;5.050491811;1.200889132;-1.435665992
2021-02-23 16:00;3.613491422;-0.545844578;0.124135468
2021-02-23 17:00;2.398250612;0.45076344;1.080153762
2021-02-23 18:00;2.016888017;-1.654938838;1.140819412
2021-02-23 19:00;-0.617897457;-2.308584018;1.163720338
2021-02-23 20:00;-2.240662113;-0.21804654;2.171470005
2021-02-23 21:00;-1.098812086;-0.120509494;1.776215951
2021-02-23 22:00;-0.177825158;-1.083381894;1.126731717
2021-02-23 23:00;-0.328258029;0.098439798;2.636608654
2021-02-24 00:00;0.363938297;-0.138332032;3.630432838
2021-02-24 01:00;0.709826668;0.564466607;4.466740958
2021-02-24 02:00;-0.094323868;0.77548517;3.301599739
2021-02-24 03:00;-1.17972886;-0.380040922;2.427118859
2021-02-24 04:00;-1.506051119;0.78785547;0.492864851
2021-02-24 05:00;1.137084553;0.730708147;-0.336380924
2021-02-24 06:00;1.712832595;-0.393633624;0.05658833
2021-02-24 07:00;0.926782924;-1.321502769;1.208448196
2021-02-24 08:00;-2.382036744;-0.937146866;0.068995699
2021-02-24 09:00;-2.945126337;-1.445681677;0.276743582
2021-02-24 10:00;-2.195074958;-0.897375712;-0.276192548
2021-02-24 11:00;-0.442101713;0.843235508;-0.42208004
2021-02-24 12:00;1.8743162;-0.026478612;-1.251695553
2021-02-24 13:00;2.138408299;0.725280138;-1.547244451
2021-02-24 14:00;2.100632649;-0.586499786;-1.019473539
2021-02-24 15:00;1.660109209;-1.285835267;0.699873031
2021-02-24 16:00;0.54748852;2.367530606;0.208832209
2021-02-24 17:00;2.842185476;0.908572177;0.655787491
2021-02-24 18:00;5.316978677;0.986814027;-0.403356215
2021-02-24 19:00;2.324076646;1.09583479;0.863046382
2021-02-24 20:00;-0.716849684;0.218625892;1.842767139
2021-02-24 21:00;-1.108115245;1.298256025;1.924789608
2021-02-24 22:00;-1.31760123;0.608027433;1.134469637
2021-02-24 23:00;-0.987315611;0.748652;1.239922334
2021-02-25 00:00;-0.415411918;2.328594363;0.710580339
2021-02-25 01:00;1.011301592;3.801722973;-0.640703525
2021-02-25 02:00;4.06220005;3.547900017;-1.093611138
2021-02-25 03:00;4.886952754;2.879182637;-1.998297837
2021-02-25 04:00;5.752937591;2.1282894;-2.146529423
2021-02-25 05:00;5.69519233;1.314002837;-0.15040543
2021-02-25 06:00;4.902051272;0.257391907;0.453794837
2021-02-25 07:00;2.559764026;0.019303593;-1.165954425
2021-02-25 08:00;2.195666367;-0.109491792;-1.260471743
2021-02-25 09:00;-0.075383988;0.70634571;-0.898010599
2021-02-25 10:00;0.650354658;-0.35717026;-0.149873498
2021-02-25 11:00;0.235978866;0.171179996;-0.277611459
2021-02-25 12:00;1.606447463;-0.262458326;1.539523255
2021-02-25 13:00;0.352623885;0.547375271;0.920973832
2021-02-25 14:00;0.490560991;0.336116117;1.362933313
2021-02-25 15:00;0.34131661;1.413170314;0.407459855
2021-02-25 16:00;3.011177882;1.110348903;1.835210378
2021-02-25 17:00;-0.604431093;2.420801986;2.766512718
2021-02-25 18:00;2.755823753;2.768519328;3.05034609
2021-02-25 19:00;1.733821241;0.715767253;2.816483965
2021-02-25 20:00;-0.587469856;-0.298190894;2.122413485
2021-02-25 21:00;-0.403449895;-0.698602131;1.950100298
2021-02-25 22:00;-1.087704511;0.928373827;1.257572732
2021-02-25 23:00;-0.954716556;1.12393489;1.017946051
2021-02-26 00:00;0.406736048;-0.119634113;0.625536087
2021-02-26 01:00;0.856708377;-0.637764091;0.842589509
2021-02-26 02:00;0.721625516;1.241481724;1.05756425
2021-02-26 03:00;3.270750693;0.04476585;0.630774408
2021-02-26 04:00;2.610274016;-1.612696403;0.551237855
2021-02-26 05:00;-0.012535112;-2.150137076;1.57150567
2021-02-26 06:00;-0.879841424;-1.697111545;-0.072066194
2021-02-26 07:00;-2.632718698;-3.294147917;-0.480390797
2021-02-26 08:00;-3.882542303;-1.897852453;0.153798043
2021-02-26 09:00;-3.901975415;-2.412452583;-1.253716666
2021-02-26 10:00;-5.695175538;-1.00393505;-0.66946101
2021-02-26 11:00;-3.808544164;-1.620632256;-0.829924043
2021-02-26 12:00;-4.613538653;-0.744695894;-0.451247809
2021-02-26 13:00;-3.605934966;-1.429675681;-1.612696404
2021-02-26 14:00;-3.340835383;-1.81648874;-2.34105037
2021-02-26 15:00;-4.050800805;-3.253468538;-0.302405901
2021-02-26 16:00;-3.025925146;-1.427347002;0.102917656
2021-02-26 17:00;-2.402244674;-1.207961785;-0.93067984
2021-02-26 18:00;-0.885506628;1.495739809;-0.268292338
2021-02-26 19:00;1.65974867;1.893439181;1.261016859
2021-02-26 20:00;2.263706404;1.01953876;1.17879956
2021-02-26 21:00;0.114109354;-0.112272254;2.220165503
2021-02-26 22:00;-0.736911657;-1.454080384;1.300588176
2021-02-26 23:00;-1.141103562;0.306460697;1.107349126
2021-02-27 00:00;0.04822536;2.252350268;0.94845406
2021-02-27 01:00;2.694744307;-0.180797849;0.595672199
2021-02-27 02:00;1.572030994;-0.853078009;1.730368104
2021-02-27 03:00;1.779975941;-1.621166032;0.356764486
2021-02-27 04:00;1.036915812;-2.637686978;1.086551389
2021-02-27 05:00;-4.028076598;-1.765009502;1.995958046
2021-02-27 06:00;-4.625966681;-1.679027798;3.009747992
2021-02-27 07:00;-5.694173661;-1.151075689;4.831954417
2021-02-27 08:00;-3.496532669;-0.089260162;4.807002906
2021-02-27 09:00;-1.590201081;0.360384499;3.962268957
2021-02-27 10:00;-0.416568732;0.893626316;3.057217625
2021-02-27 11:00;2.163743859;0.563116671;2.553996836
2021-02-27 12:00;1.767844644;1.13406084;2.565855097
2021-02-27 13:00;-0.335839391;2.110832142;2.538560489
2021-02-27 14:00;1.717590423;2.439506593;2.711957782
2021-02-27 15:00;2.122096986;2.408189098;3.579369288
2021-02-27 16:00;2.837897786;3.96375102;4.589103611
2021-02-27 17:00;3.820375759;4.386726923;4.091240332
2021-02-27 18:00;5.300949687;2.541320045;3.004726248
2021-02-27 19:00;3.643828056;3.428015458;3.942082359
2021-02-27 20:00;3.476777121;2.557243317;3.04631818
2021-02-27 21:00;2.268189102;1.461621868;2.411216955
2021-02-27 22:00;1.615874237;1.17640128;2.169198711
2021-02-27 23:00;1.07104163;2.115264628;1.011641788
2021-02-28 00:00;1.725374259;0.840961442;0.197558539
2021-02-28 01:00;2.313992688;3.124812383;-2.115007325
2021-02-28 02:00;5.936959215;0.280050052;-1.682825607
2021-02-28 03:00;4.55586007;-1.18274005;-1.382567609
2021-02-28 04:00;0.961550831;-0.314517541;-1.128134298
2021-02-28 05:00;0.200085632;-0.715581933;-1.064545942
2021-02-28 06:00;-1.685705501;0.158978406;0.060749979
2021-02-28 07:00;-1.359307174;-1.545142312;0.733137611
2021-02-28 08:00;-1.128976981;-1.178321718;-0.110701866
2021-02-28 09:00;-1.453112228;-1.774798606;0.531181943
2021-02-28 10:00;-3.535448062;-2.385021926;0.782900101
2021-02-28 11:00;-3.554066824;-2.215296638;1.589681927
2021-02-28 12:00;-4.437417101;-3.212286163;0.326953622
2021-02-28 13:00;-4.911591418;-1.791825196;1.843778833
2021-02-28 14:00;-4.077965537;-3.415632215;2.394974926
2021-02-28 15:00;-5.405468482;-2.035164629;2.406398365
2021-02-28 16:00;-4.706303666;-0.824101088;2.254227939
2021-02-28 17:00;-2.099575902;0.67592349;2.247316471
2021-02-28 18:00;-1.956464804;0.975282605;1.827483647
2021-02-28 19:00;-1.325904089;-0.290830158;1.951228115
2021-02-28 20:00;-1.66430953;-0.460799584;0.510708609
2021-02-28 21:00;-1.290749748;-1.359284364;-0.141742255
2021-02-28 22:00;-2.337363469;0.587545493;1.239145137
2021-02-28 23:00;-1.918244876;0.438445801;0.146011638
2021-03-01 00:00;-0.534355245;1.016799393;0.826124701
2021-03-01 01:00;0.841642834;-0.223740749;2.482281883
2021-03-01 02:00;-1.451281636;2.141713915;1.278720576
2021-03-01 03:00;2.169883219;2.404520149;2.033246567
2021-03-01 04:00;1.418492083;2.315683715;2.683568964
2021-03-01 05:00;1.707430993;2.853565555;2.098792398
2021-03-01 06:00;3.365258307;4.316050225;1.968553016
2021-03-01 07:00;5.682700705;3.815916402;2.544106986
2021-03-01 08:00;4.148249361;1.541938293;2.904721151
2021-03-01 09:00;3.286751296;-0.000603003;2.857662162
2021-03-01 10:00;2.923546156;1.913808428;1.57903883
2021-03-01 11:00;2.968248882;1.712496135;1.323214018
2021-03-01 12:00;1.293953032;0.317688038;1.384085659
2021-03-01 13:00;2.43777561;2.240829466;-0.145568414
2021-03-01 14:00;3.172668767;1.698729477;0.882011196
2021-03-01 15:00;3.004506348;1.694548617;2.068628115
2021-03-01 16:00;2.449976068;1.78511957;1.134368385
2021-03-01 17:00;2.415527097;2.208250212;-0.620782064
2021-03-01 18:00;2.753548672;2.317113937;0.443461335
2021-03-01 19:00;2.698933828;1.228449278;1.457908225
2021-03-01 20:00;2.43417988;1.546177688;0.73752318
2021-03-01 21:00;1.876704844;1.73187059;-0.869079299
2021-03-01 22:00;1.777295283;1.456003228;-0.323537369
2021-03-01 23:00;3.260498114;1.096112801;-0.913613124
2021-03-02 00:00;1.884190844;2.682497172;-0.549442396
2021-03-02 01:00;3.811614746;0.508027924;-0.768335331
2021-03-02 02:00;1.372410979;0.538078309;1.101328475
2021-03-02 03:00;1.594299251;0.00063467;2.003376469
2021-03-02 04:00;1.293006646;-0.915434276;0.725026678
2021-03-02 05:00;-1.385592622;-0.333498115;2.404426476
2021-03-02 06:00;-2.325067098;0.658787693;1.486192224
2021-03-02 07:00;-1.640321295;-0.008102666;2.467393782
2021-03-02 08:00;-0.371284371;1.362983535;2.159973206
2021-03-02 09:00;0.026683772;2.662008379;1.56457859
2021-03-02 10:00;1.589823393;2.023746875;3.058036528
2021-03-02 11:00;0.982758492;2.640701625;4.326529006
2021-03-02 12:00;2.909610539;2.302290985;3.659373967
2021-03-02 13:00;0.697354012;1.953767542;4.414495476
2021-03-02 14:00;1.994907944;4.596714085;2.244955683
2021-03-02 15:00;2.713912824;2.189946101;4.248474744
2021-03-02 16:00;3.059589949;2.395800334;2.980264475
2021-03-02 17:00;2.336168138;1.185730507;0.001511377
2021-03-02 18:00;1.77430072;0.773200414;1.257953953
2021-03-02 19:00;1.566883529;1.305846704;-1.567012353
2021-03-02 20:00;0.616393777;0.365207146;0.15558245
2021-03-02 21:00;0.346933449;-0.652517528;1.367591381
2021-03-02 22:00;-0.303473965;2.049260857;2.511609022
2021-03-02 23:00;2.34357209;0.35614792;0.714441969
2021-03-03 00:00;2.511708135;3.543919111;1.270855891
2021-03-03 01:00;4.511545307;4.113222118;0.846061884
2021-03-03 02:00;5.322015865;2.9651301;-0.111276251
2021-03-03 03:00;4.951806569;1.961302683;0.237477932
2021-03-03 04:00;4.640119064;1.260504;-1.093385201
2021-03-03 05:00;3.88181391;-0.015713745;-1.482701393
2021-03-03 06:00;3.43104906;-1.445621641;-0.549394412
2021-03-03 07:00;2.61892852;-1.674615602;-0.001844133
2021-03-03 08:00;-0.431348874;-1.597740297;-0.915460092
2021-03-03 09:00;-1.238206509;-1.774882074;-1.539668796
2021-03-03 10:00;-0.708275077;-0.852461714;-2.504073549
2021-03-03 11:00;0.141128132;-0.172238863;-3.390729726
2021-03-03 12:00;0.341036789;-0.911280461;-1.942858005
2021-03-03 13:00;-0.512213554;0.248161586;-0.837351971
2021-03-03 14:00;0.378307172;0.597407848;-1.634032957
2021-03-03 15:00;0.186038413;0.585682582;-0.759306026
2021-03-03 16:00;0.976252548;1.003825457;-2.01338404
2021-03-03 17:00;0.803889403;1.462969161;-1.123082569
2021-03-03 18:00;0.669458399;-0.949383231;0.250968512
2021-03-03 19:00;0.504241851;0.037261915;-0.375009007
2021-03-03 20:00;-1.722244596;-0.629188412;-0.832185683
2021-03-03 21:00;-0.842924959;-0.579616927;-0.91909981
2021-03-03 22:00;-0.987554476;1.290245289;-0.268690036
2021-03-03 23:00;2.539846143;1.435803587;-0.283598466
2021-03-04 00:00;3.039005146;2.485973598;-1.145086615
2021-03-04 01:00;5.104959749;0.580751285;-0.247235224
2021-03-04 02:00;2.247738617;-0.917335994;-0.1903287
2021-03-04 03:00;0.896501134;0.322761785;-1.210077734
2021-03-04 04:00;1.707715555;-0.682988716;-2.442228856
2021-03-04 05:00;-0.890236849;-1.354703361;-2.414749422
2021-03-04 06:00;-1.395762478;-1.028799322;-3.227335367
2021-03-04 07:00;0.231040462;-0.797698894;-1.578640813
2021-03-04 08:00;-2.556983091;0.435968997;0.328375832
2021-03-04 09:00;0.544367496;-0.314428424;0.985913413
2021-03-04 10:00;-0.603442223;-0.872542557;1.461695281
2021-03-04 11:00;-1.388198079;-0.374632274;0.556500751
2021-03-04 12:00;-0.830095733;-0.333653066;1.303364444
2021-03-04 13:00;1.660653663;0.569151216;1.97663527
2021-03-04 14:00;0.042440216;0.183262334;1.37260268
2021-03-04 15:00;0.891435029;0.886930432;1.451929236
2021-03-04 16:00;0.262680891;1.228827407;2.925889476
2021-03-04 17:00;0.798585724;2.147062783;1.340345886
2021-03-04 18:00;3.272130175;2.039871652;1.31942923
2021-03-04 19:00;2.074970983;0.429872998;0.501528411
2021-03-04 20:00;0.930598867;-0.29218006;1.310154536
2021-03-04 21:00;0.857121906;-0.275036217;2.527448118
2021-03-04 22:00;-1.264431792;-0.026149;1.027727643
2021-03-04 23:00;-0.961453684;0.574425083;0.799258002
2021-03-05 00:00;0.213859327;-0.818010904;3.000223457
2021-03-05 01:00;-1.33818659;-1.367720632;1.45355565
2021-03-05 02:00;-1.138301138;0.892947325;1.53806865
2021-03-05 03:00;-2.065160105;1.654811704;-0.211811959
2021-03-05 04:00;-0.25074631;2.019698243;0.790593887
2021-03-05 05:00;-1.464971678;2.11153475;-0.003589678
2021-03-05 06:00;2.420780284;0.975561209;0.748831829
2021-03-05 07:00;2.998222705;2.200289491;0.503049947
2021-03-05 08:00;4.114806902;0.193343903;1.520665943
2021-03-05 09:00;0.76801085;0.656527935;0.675163828
2021-03-05 10:00;1.248856352;0.890025146;-0.108385442
2021-03-05 11:00;0.707536604;-0.155251435;-0.853450707
2021-03-05 12:00;-2.525357159;-1.074787095;0.932573412
2021-03-05 13:00;0.649492016;-0.372626122;2.181403252
2021-03-05 14:00;-0.610938264;0.834797923;1.449913957
2021-03-05 15:00;2.421499582;1.082191486;1.227762312
2021-03-05 16:00;1.301137829;0.835754207;0.371367978
2021-03-05 17:00;2.668636477;0.211020809;0.184553478
2021-03-05 18:00;1.738160531;1.634826579;1.672713893
2021-03-05 19:00;1.885271295;1.285610036;2.230862179
2021-03-05 20:00;2.807244227;0.599924977;2.785674843
2021-03-05 21:00;0.50284263;0.147885307;3.529597897
2021-03-05 22:00;-2.024665493;-0.824392653;4.329845991
2021-03-05 23:00;-1.032631047;-0.194678928;3.726184672
2021-03-06 00:00;-1.673955582;-1.172247288;2.854598567
2021-03-06 01:00;-3.19833848;-1.680716874;1.714995773
2021-03-06 02:00;-4.310480511;-1.623991792;-0.966121061
2021-03-06 03:00;-2.563069262;-1.877416656;-0.624715971
2021-03-06 04:00;0.394918543;-1.672402316;0.487978448
2021-03-06 05:00;-0.623943717;0.735531503;0.747559075
2021-03-06 06:00;-0.442296633;0.805599921;-0.039731036
2021-03-06 07:00;1.895139275;-0.083144948;-1.697240737
2021-03-06 08:00;1.067661485;0.724735187;0.057945588
2021-03-06 09:00;-0.333963756;1.138263566;0.606301985
2021-03-06 10:00;-0.384628349;0.674270532;1.700947054
2021-03-06 11:00;-0.550648498;0.278973003;-0.737122733
2021-03-06 12:00;0.800225877;-0.278541712;-0.317847983
2021-03-06 13:00;-0.546942586;-0.403678183;-0.032067385
2021-03-06 14:00;-0.19555221;-0.022394494;0.51662933
2021-03-06 15:00;0.36948116;0.954797159;3.280529651
2021-03-06 16:00;1.47913982;0.192171871;1.217757291
2021-03-06 17:00;1.109743638;0.438176368;0.746186026
2021-03-06 18:00;-0.561390006;-0.749954002;1.080276448
2021-03-06 19:00;-2.22395008;-0.655930407;0.880442804
2021-03-06 20:00;0.259556072;0.735681692;2.135221565
2021-03-06 21:00;-0.095742954;-0.142871799;2.694696982
2021-03-06 22:00;-2.323456103;-0.082569333;2.863323758
2021-03-06 23:00;-2.098061291;-0.449869561;0.260764457
2021-03-07 00:00;-2.113237359;2.210126224;0.889070974
2021-03-07 01:00;0.076471288;0.392354964;1.585647928
2021-03-07 02:00;-0.13200233;1.1210052;1.075977754
2021-03-07 03:00;-0.004641284;0.020739794;0.705826179
2021-03-07 04:00;-1.338257498;0.344117232;0.768181904
2021-03-07 05:00;0.538660388;-0.516778495;1.519790535
2021-03-07 06:00;0.212600937;0.166020383;3.588949695
2021-03-07 07:00;0.71125107;-0.239116122;2.014897739
2021-03-07 08:00;2.134459633;-1.217632974;4.53982828
2021-03-07 09:00;-1.759842913;-1.262600169;3.032016025
2021-03-07 10:00;-2.132199791;-1.682986141;1.610571058
2021-03-07 11:00;-5.30144864;-3.142482819;0.221538229
2021-03-07 12:00;-4.77915105;-0.314133091;0.152301224
2021-03-07 13:00;-2.863267433;0.841235406;-0.113560734
2021-03-07 14:00;-2.313848946;0.25139439;0.233698639
2021-03-07 15:00;-0.845293329;0.589357277;-0.327038367
2021-03-07 16:00;0.458702183;2.870874356;-0.037233334
2021-03-07 17:00;1.368453748;4.106146752;1.015501473
2021-03-07 18:00;3.041300304;2.193931329;0.308991376
2021-03-07 19:00;3.940922108;1.888679109;0.304592986
2021-03-07 20:00;2.155155213;1.253469982;0.192497543
2021-03-07 21:00;2.28778927;1.275443318;-0.514930116
2021-03-07 22:00;1.109229602;2.113328776;0.046025685
2021-03-07 23:00;2.687795091;0.274254556;-1.754162215
2021-03-08 00:00;2.723856393;-1.090149166;-0.932056054
2021-03-08 01:00;1.335710258;-0.153511038;-1.291826033
2021-03-08 02:00;0.981382823;-0.347032053;-0.131662392
2021-03-08 03:00;0.539011185;1.152491502;-0.577975337
2021-03-08 04:00;1.936506101;1.882370551;1.361150997
2021-03-08 05:00;1.607633746;0.922936621;1.817484638
2021-03-08 06:00;0.931481603;1.523293693;1.420942431
2021-03-08 07:00;0.791591537;2.375979456;0.87351634
2021-03-08 08:00;0.47286807;-1.485009161;-1.121003872
2021-03-08 09:00;-0.913301571;-0.222249527;0.249132324
2021-03-08 10:00;-0.216439815;-0.29308757;0.295943878
2021-03-08 11:00;0.283107354;-0.263241533;-0.186486506
2021-03-08 12:00;0.717994785;0.999371482;-0.24232404
2021-03-08 13:00;-0.390981844;-0.680608321;0.203108461
2021-03-08 14:00;-0.436910312;-1.782793192;-0.395264418
2021-03-08 15:00;-1.787949959;-3.013140279;0.474243885
2021-03-08 16:00;-2.674543726;-1.660738469;0.866931689
2021-03-08 17:00;-2.505583706;-2.307034883;1.168786638
2021-03-08 18:00;-2.188443793;-1.873021572;0.705312472
2021-03-08 19:00;-1.223596528;0.69755617;0.475878358
2021-03-08 20:00;-1.836833253;0.455857142;-2.303417724
2021-03-08 21:00;1.769833983;0.775304364;-0.670095542
2021-03-08 22:00;2.795956343;1.374337541;0.204109774
2021-03-08 23:00;3.355037775;-1.108960323;0.667545086
2021-03-09 00:00;0.320387119;0.139927727;1.223765951
2021-03-09 01:00;-0.95598179;-0.921427744;2.94482668
2021-03-09 02:00;-2.565808803;-0.8415455;3.498929446
2021-03-09 03:00;-1.948314297;-2.032414085;2.283445415
2021-03-09 04:00;-2.123980841;-2.30158655;2.88111729
2021-03-09 05:00;-5.025495679;-1.737039408;2.053076437
2021-03-09 06:00;-4.836685664;-0.493272726;1.135308135
2021-03-09 07:00;-2.869724728;-1.205550347;1.682134216
2021-03-09 08:00;-1.755450205;0.967383289;1.8379954
2021-03-09 09:00;-1.214315025;0.542697337;2.225399379
2021-03-09 10:00;-0.427234618;0.999557511;3.803822439
2021-03-09 11:00;0.599825162;0.577403572;4.31594721
2021-03-09 12:00;1.1009087;0.578489285;4.792541095
2021-03-09 13:00;-0.751673924;0.124590531;5.754182126
2021-03-09 14:00;-1.018491553;-0.325985164;2.88340713
2021-03-09 15:00;-2.334373432;0.923716192;4.070813644
2021-03-09 16:00;-0.632183575;3.089719526;0.773361181
2021-03-09 17:00;1.010226656;0.834809854;-1.036522891
2021-03-09 18:00;2.311214163;0.559064316;-0.0057105
2021-03-09 19:00;2.579647272;1.556248276;0.07482406
2021-03-09 20:00;1.253432988;2.883466321;1.728928584
2021-03-09 21:00;3.972492129;1.816214355;1.107488982
2021-03-09 22:00;3.534434893;1.372388331;1.718324548
2021-03-09 23:00;3.607501796;2.494395652;0.79493254
2021-03-10 00:00;2.256929575;1.838245291;-0.2192775
2021-03-10 01:00;2.791795266;2.00458489;-1.981230514
2021-03-10 02:00;4.277974713;2.117848858;-0.886317333
2021-03-10 03:00;3.556374975;1.369334426;-0.361906619
2021-03-10 04:00;2.945391796;0.027153447;0.699315122
2021-03-10 05:00;0.262943388;0.029970929;-0.770458041
2021-03-10 06:00;-0.6155203;0.460665734;-0.517795104
2021-03-10 07:00;-0.51635824;1.45804298;-0.214212474
2021-03-10 08:00;1.624251451;1.692579906;-0.722771088
2021-03-10 09:00;1.831498031;0.26237939;-1.411292896
2021-03-10 10:00;1.490428113;0.409558038;-2.838360163
2021-03-10 11:00;0.245959743;-0.624349461;-1.848147378
2021-03-10 12:00;-1.707773683;-0.794552913;-1.120598715
2021-03-10 13:00;-1.503077309;0.476045208;-1.203452584
2021-03-10 14:00;0.763803778;-1.018976303;-1.773941601
2021-03-10 15:00;-0.513157196;-0.199377286;0.561290724
2021-03-10 16:00;0.495336041;-0.023332947;2.075440938
2021-03-10 17:00;-0.450206646;0.711513755;-0.178190332
2021-03-10 18:00;-0.205724882;0.945639233;-0.007205559
2021-03-10 19:00;0.499000633;0.893709775;-1.267175111
2021-03-10 20:00;1.803308739;1.827932634;-1.269776926
2021-03-10 21:00;2.760447416;1.641760034;-2.002654001
2021-03-10 22:00;2.548312652;0.447764717;-2.853059535
2021-03-10 23:00;1.929952278;0.84604791;-2.034926701
2021-03-11 00:00;2.453884452;1.585034638;-2.486659684
2021-03-11 01:00;2.725470547;3.343642202;-2.266630162
2021-03-11 02:00;2.635176744;2.85456535;-0.983955626
2021-03-11 03:00;2.903173176;1.318176294;-2.970667024
2021-03-11 04:00;2.796941791;-2.083288168;-2.292366769
2021-03-11 05:00;-0.737038229;-2.965164898;-0.479892718
2021-03-11 06:00;-1.811724105;-2.153557935;0.223228879
2021-03-11 07:00;-0.866786316;-0.921300765;-2.004187751
2021-03-11 08:00;-0.182106223;0.406323559;-0.013865693
2021-03-11 09:00;-0.759695281;0.083918975;-2.553274295
2021-03-11 10:00;1.321126368;-0.27979001;-2.087441535
2021-03-11 11:00;0.739019797;-0.468866257;-0.749528509
2021-03-11 12:00;-0.930991578;0.653933986;-0.161207786
2021-03-11 13:00;-1.783850031;-1.532824074;-0.620853989
2021-03-11 14:00;-3.572974884;0.742500731;-1.799534778
2021-03-11 15:00;0.151111219;-0.743431258;-0.417595614
2021-03-11 16:00;-0.524620194;-0.107783626;-0.917649355
2021-03-11 17:00;0.499249126;0.136152301;-1.423478986
2021-03-11 18:00;0.589959102;-1.32232831;-2.228361322
2021-03-11 19:00;-0.003326792;-1.389324052;-3.013750177
2021-03-11 20:00;-0.681064668;-1.547023861;-4.007782171
2021-03-11 21:00;-1.015305539;-4.511929004;-2.280660322
2021-03-11 22:00;-2.069081251;-3.384472794;-0.657977917
2021-03-11 23:00;-2.192033663;-2.358673363;0.477482367
2021-03-12 00:00;-1.628178367;-2.714399445;-0.252588225
2021-03-12 01:00;-2.154246441;-1.624206478;0.545532544
2021-03-12 02:00;-2.991378149;-1.475033228;2.339555439
2021-03-12 03:00;-2.790633359;1.091293628;3.49996276
2021-03-12 04:00;-0.702693851;-0.668971651;2.237573601
2021-03-12 05:00;-1.923846555;1.902080078;2.683502206
2021-03-12 06:00;0.933046695;-0.437541681;4.142554577
2021-03-12 07:00;-0.690048419;0.7724879;4.371769791
2021-03-12 08:00;0.971007522;-0.163856201;4.188747478
2021-03-12 09:00;-0.429503843;0.6601502;3.769066925
2021-03-12 10:00;-0.20034914;0.871303312;2.576053644
2021-03-12 11:00;0.762422245;0.407920688;2.270881788
2021-03-12 12:00;0.264427336;0.519816031;1.205064598
2021-03-12 13:00;1.363045278;1.110249732;2.261535062
2021-03-12 14:00;1.004553961;1.716162065;1.299215744
2021-03-12 15:00;2.680285844;1.451713065;0.642099316
2021-03-12 16:00;1.993474657;-0.155059208;0.944039487
2021-03-12 17:00;1.337234793;-0.572659292;0.101906064
2021-03-12 18:00;0.054877932;-0.393835029;-0.272425857
2021-03-12 19:00;-1.5930654;-0.768558528;-1.365761021
2021-03-12 20:00;-2.056220082;-0.431516024;-1.159217084
2021-03-12 21:00;-2.980803953;-0.097243367;-1.4091962
2021-03-12 22:00;-1.118849378;0.159086269;-1.516338753
2021-03-12 23:00;0.607690382;1.523295939;-2.78244938
2021-03-13 00:00;0.556753329;1.695647615;-2.134451525
2021-03-13 01:00;2.334561381;0.055511915;-3.548309509
2021-03-13 02:00;2.788753645;-0.954784752;-0.948203627
2021-03-13 03:00;-0.634104372;0.445025468;-0.072289629
2021-03-13 04:00;-0.413918396;-0.317835989;0.342226686
2021-03-13 05:00;-2.204553833;-0.021729986;-0.166881179
2021-03-13 06:00;1.05512986;2.485695058;1.058043882
2021-03-13 07:00;1.406854937;1.18912758;-0.025396015
2021-03-13 08:00;2.379737677;1.507673941;-1.959226766
2021-03-13 09:00;2.911678203;0.362230135;-1.090221362
2021-03-13 10:00;0.609587474;1.861573355;-1.23611874
2021-03-13 11:00;3.317287674;-0.426169623;-1.071965461
2021-03-13 12:00;1.829049685;-0.723247352;-1.696779417
2021-03-13 13:00;1.058029914;-1.166642287;-1.566574378
2021-03-13 14:00;-0.027597027;-1.462555152;-0.149440114
2021-03-13 15:00;-1.925498948;0.385102759;-0.155286909
2021-03-13 16:00;-0.716865474;2.554504792;-0.193401983
2021-03-13 17:00;0.974040719;2.270892193;1.800963842
2021-03-13 18:00;1.144566729;1.291721076;0.274898712
2021-03-13 19:00;0.779045822;3.907644773;0.388473038
2021-03-13 20:00;3.174158972;1.759191567;0.291532643
2021-03-13 21:00;2.413043472;1.911671959;0.915620243
2021-03-13 22:00;2.316168267;0.49851579;1.530581836
2021-03-13 23:00;1.382089805;-0.194879066;2.203855149
2021-03-14 00:00;0.114259184;-1.085987587;2.216702626
2021-03-14 01:00;-2.16381855;-0.924354834;2.337765145
2021-03-14 02:00;-1.774349845;-0.499568556;1.801941009
2021-03-14 03:00;-0.260364803;1.507036323;2.077472015
2021-03-14 04:00;2.126971986;0.021944024;2.355383507
2021-03-14 05:00;-0.750391766;-0.481534095;1.857765462
2021-03-14 06:00;1.350462375;-0.152736866;-0.292932413
2021-03-14 07:00;0.265375824;-0.828647872;0.531421144
2021-03-14 08:00;-0.358668377;-0.021028091;-0.236944427
2021-03-14 09:00;-1.697365454;-0.873744294;-1.195681921
2021-03-14 10:00;-1.653439963;-0.364213691;1.107057286
2021-03-14 11:00;-0.883759345;1.62136007;2.091071926
2021-03-14 12:00;-0.05248982;1.950582226;-0.217437982
2021-03-14 13:00;0.802490021;0.425554373;0.503678793
2021-03-14 14:00;0.136328092;0.025497334;1.618823409
2021-03-14 15:00;-0.507819045;0.365780154;1.064112774
2021-03-14 16:00;0.875942652;1.554150639;2.361628494
2021-03-14 17:00;2.990034385;1.505039428;1.409832558
2021-03-14 18:00;0.738941836;-0.275347125;-0.328835791
2021-03-14 19:00;-0.896546319;0.172961372;0.083260343
2021-03-14 20:00;-1.002679921;0.438170386;1.613279843
2021-03-14 21:00;-0.257251697;-1.0839597;2.29506879
2021-03-14 22:00;-4.24967527;-1.500315959;1.871435967
2021-03-14 23:00;-3.750190511;-1.707252727;0.787056036
2021-03-15 00:00;-2.227218152;-0.183043303;0.229617891
2021-03-15 01:00;-2.51659403;-1.160149917;0.537179193
2021-03-15 02:00;-0.595700868;-3.239263555;-0.006243077
2021-03-15 03:00;-2.769786664;-2.670540623;-0.105662339
2021-03-15 04:00;-3.351863031;-1.907249418;0.344001887
2021-03-15 05:00;-1.234173529;-1.102992243;0.06047431
2021-03-15 06:00;-1.105637978;0.616757338;-1.960691154
2021-03-15 07:00;0.709322936;2.475217447;-1.619206526
2021-03-15 08:00;2.297012778;1.3821892;0.173026132
2021-03-15 09:00;2.79887228;-2.0235528;1.226639512
2021-03-15 10:00;-1.314718723;-0.91844192;1.284928083
2021-03-15 11:00;-2.931145098;-1.551027684;1.694891118
2021-03-15 12:00;-2.621012957;0.699320924;1.284360582
2021-03-15 13:00;-1.063322153;0.882840192;1.555099431
2021-03-15 14:00;1.298448881;-0.401970426;-0.077990775
2021-03-15 15:00;-2.332193639;-0.104300493;-0.079216549
2021-03-15 16:00;-1.535106694;0.662174821;-0.139256563
2021-03-15 17:00;0.857694537;1.137628414;0.474847182
2021-03-15 18:00;0.870613878;0.402674525;0.873930699
2021-03-15 19:00;0.287266641;0.722799187;1.743312691
2021-03-15 20:00;1.298563005;0.264274292;0.760329
2021-03-15 21:00;0.901910018;0.087605237;0.23249558
2021-03-15 22:00;-0.216856152;0.747045548;1.852819589
2021-03-15 23:00;0.571319548;0.760315301;2.306701208
2021-03-16 00:00;0.459902192;1.266840839;2.545574724
2021-03-16 01:00;0.969758738;0.773150847;3.587208948
2021-03-16 02:00;0.05000201;-0.238531303;2.21972187
2021-03-16 03:00;0.158519258;1.886304233;0.704106711
2021-03-16 04:00;-1.052421195;1.286314167;-0.871499119
2021-03-16 05:00;0.008950728;1.24066177;-0.645424543
2021-03-16 06:00;1.161298849;1.574636379;-1.602029214
2021-03-16 07:00;1.056940731;0.962570231;-1.116257926
2021-03-16 08:00;2.801678191;0.202851884;-0.348910715
2021-03-16 09:00;1.107801806;1.661961323;-1.768737567
2021-03-16 10:00;-0.114819002;2.583028117;-2.067128759
2021-03-16 11:00;1.787550555;1.533648913;-3.067732693
2021-03-16 12:00;1.514883506;-0.48226128;-2.02386517
2021-03-16 13:00;-0.539456374;0.039904036;-1.406681712
2021-03-16 14:00;0.384626249;-0.489112073;-0.612553326
2021-03-16 15:00;-2.139115436;0.468213841;-0.128369374
2021-03-16 16:00;0.000603323;0.252072233;-0.714698016
2021-03-16 17:00;-1.13902923;0.530552379;-0.815772067
2021-03-16 18:00;-1.06076827;-0.873121112;-0.654599464
2021-03-16 19:00;-1.949385427;-1.450309926;1.863598469
2021-03-16 20:00;-2.591107778;-0.321002186;1.792227671
2021-03-16 21:00;-1.36814903;0.034580517;2.59616485
2021-03-16 22:00;-1.635811521;-0.357428993;2.600197058
2021-03-16 23:00;-0.066302221;0.852505926;2.117161905
2021-03-17 00:00;0.656840185;0.494630727;0.931163581
2021-03-17 01:00;0.88062005;-0.838945769;1.236271124
2021-03-17 02:00;0.631712261;0.113171142;1.453086382
2021-03-17 03:00;1.652354254;-0.549522608;1.654236777
2021-03-17 04:00;1.324414168;1.142740216;2.116936455
2021-03-17 05:00;3.585872828;1.442875445;1.649085634
2021-03-17 06:00;3.009331367;1.357859188;1.475800799
2021-03-17 07:00;2.038851018;1.279404717;-0.144580462
2021-03-17 08:00;-0.070153634;-0.038418104;-0.437374411
2021-03-17 09:00;-0.670053819;2.541829133;-0.349522001
2021-03-17 10:00;3.448863515;2.676678173;-0.508519689
2021-03-17 11:00;3.447572867;0.741410588;1.871351921
2021-03-17 12:00;1.481500462;1.680375267;1.335463864
2021-03-17 13:00;1.871360985;1.531784936;2.231349228
2021-03-17 14:00;0.553673449;0.708345706;1.140467727
2021-03-17 15:00;0.561775882;0.280215501;-0.419442494
2021-03-17 16:00;1.179105548;1.215684169;-1.118003129
2021-03-17 17:00;1.392501561;2.529016099;-0.922170747
2021-03-17 18:00;2.224215787;2.070896118;0.893124434
2021-03-17 19:00;2.49086654;1.970163121;2.542489512
2021-03-17 20:00;3.885434959;2.825826955;-0.963018274
2021-03-17 21:00;3.689126575;2.273608514;-0.515750109
2021-03-17 22:00;4.448755472;2.571113775;-3.283705734
2021-03-17 23:00;3.535410744;1.975734345;-2.426225811
2021-03-18 00:00;2.804132306;1.204947655;-1.418031873
2021-03-18 01:00;3.551483615;1.02977809;-0.622539399
2021-03-18 02:00;3.529833563;0.87474182;-0.592850049
2021-03-18 03:00;0.7937708;0.867738046;0.07597043
2021-03-18 04:00;2.152917273;0.173962854;1.055003115
2021-03-18 05:00;1.593354516;0.128243473;0.190338896
2021-03-18 06:00;0.843314305;1.37006642;0.693094062
2021-03-18 07:00;3.021044862;-0.032987748;-0.337933928
2021-03-18 08:00;1.241889961;0.192607532;0.081552948
2021-03-18 09:00;-1.443195648;-0.06432593;1.81968829
2021-03-18 10:00;-0.794467177;-0.740237644;2.199701933
2021-03-18 11:00;-2.448290116;-2.389859235;1.855714677
2021-03-18 12:00;-3.189639188;-0.744372925;1.728822498
2021-03-18 13:00;-2.829027269;0.0061682;3.242850225
2021-03-18 14:00;-3.306410002;0.229918252;3.592502774
2021-03-18 15:00;-2.880198643;-0.843874133;2.262220587
2021-03-18 16:00;-3.56776689;1.994431598;1.132978384
2021-03-18 17:00;1.005623742;1.968611471;0.019494429
2021-03-18 18:00;2.018655835;1.841943865;0.706228592
2021-03-18 19:00;1.360551851;1.568331617;1.261397665
2021-03-18 20:00;3.056324662;-0.691264405;0.345542303
2021-03-18 21:00;1.779851388;0.176131675;1.237128688
2021-03-18 22:00;-1.170485446;0.879560549;1.448031534
2021-03-18 23:00;-1.254101369;2.209818017;-1.277301757
2021-03-19 00:00;1.789604838;1.60383498;-0.870151287
2021-03-19 01:00;2.035595208;0.17411435;-1.084172255
2021-03-19 02:00;-0.003608456;0.445943564;-0.959773242
2021-03-19 03:00;0.35897113;0.942968517;-0.850759637
2021-03-19 04:00;1.723762789;0.293951185;-2.768660885
2021-03-19 05:00;1.968586025;0.014875977;-1.096990697
2021-03-19 06:00;1.993590419;-1.186207787;0.120534822
2021-03-19 07:00;0.119662256;-0.877617248;0.190163974
2021-03-19 08:00;-1.395898815;-0.616427803;0.288710462
2021-03-19 09:00;-0.060235887;-1.572344149;2.233547947
2021-03-19 10:00;-1.606025694;-0.116632137;1.027501528
2021-03-19 11:00;-1.561773061;-0.7685544;0.96302982
2021-03-19 12:00;-2.662221353;-1.245924518;0.435915972
2021-03-19 13:00;-1.089377407;-1.540491499;1.134393118
2021-03-19 14:00;-3.103788924;-1.260945045;0.696583412
2021-03-19 15:00;-2.661818887;-0.567072209;0.803335432
2021-03-19 16:00;-3.654750569;-0.665090475;0.644819736
2021-03-19 17:00;-2.636692324;-0.046325879;0.054805306
2021-03-19 18:00;-0.173682923;-1.044643118;-0.095756638
2021-03-19 19:00;0.18229231;-2.623171927;1.687283977
2021-03-19 20:00;-2.755856172;-3.779109015;0.260972194
2021-03-19 21:00;-4.447346472;-4.222334093;-0.006357191
2021-03-19 22:00;-6.806451304;-2.79746636;0.379269062
2021-03-19 23:00;-6.434261881;-3.514516318;0.951093303
2021-03-20 00:00;-5.445674533;-3.767168245;1.198971427
2021-03-20 01:00;-5.544971526;-1.660500684;0.500910362
2021-03-20 02:00;-1.782642655;0.141802214;1.183677617
2021-03-20 03:00;-0.000653215;0.651365667;0.18011604
2021-03-20 04:00;0.435579982;0.251408721;-1.218232495
2021-03-20 05:00;0.700246976;0.294130849;-1.262421497
2021-03-20 06:00;-1.375700419;-0.535410379;0.016388719
2021-03-20 07:00;-2.017371873;1.304334866;0.097259047
2021-03-20 08:00;0.771440329;0.811796285;-0.370265487
2021-03-20 09:00;0.350342734;0.491378574;1.105859556
2021-03-20 10:00;-0.981001348;0.197689911;1.162826527
2021-03-20 11:00;-1.39595686;0.061846254;1.193757843
2021-03-20 12:00;-2.321191475;0.800437879;0.534776996
2021-03-20 13:00;-0.430140193;1.3292342;0.56702086
2021-03-20 14:00;0.286132087;-0.101675071;0.206346324
2021-03-20 15:00;-0.374445354;0.702962871;0.677835314
2021-03-20 16:00;2.275288744;0.400827304;-0.715558513
2021-03-20 17:00;2.558681492;1.04945174;-0.949152174
2021-03-20 18:00;2.850785717;0.981729429;0.071183046
2021-03-20 19:00;0.999941267;1.70437673;-0.196059369
2021-03-20 20:00;0.949081097;0.821145277;0.15307361
2021-03-20 21:00;1.165120465;1.328368063;0.083975959
2021-03-20 22:00;0.4733442;1.210848283;0.816159677
2021-03-20 23:00;-0.793177553;1.519215469;0.517073756
2021-03-21 00:00;0.942495273;2.392455172;1.201389079
2021-03-21 01:00;2.128044087;2.206691028;2.041532101
2021-03-21 02:00;2.094367809;0.640631024;1.205877666
2021-03-21 03:00;2.474454915;-0.146897071;1.991266554
2021-03-21 04:00;0.407759742;0.378289257;-1.033897786
2021-03-21 05:00;1.553039233;-0.989027742;-2.249842674
2021-03-21 06:00;0.309540485;-2.474306745;-1.490657521
2021-03-21 07:00;-1.794053586;-0.250167843;-0.719652009
2021-03-21 08:00;-1.2605022;-0.685479906;-1.167790491
2021-03-21 09:00;-1.177958523;0.811845617;-1.525800351
2021-03-21 10:00;-1.292061329;-0.134893002;-0.20237807
2021-03-21 11:00;-0.648556675;-0.56751363;0.558348489
2021-03-21 12:00;-1.568464445;-0.970363399;-0.730273904
2021-03-21 13:00;0.245910396;-0.843257707;-1.226805528
2021-03-21 14:00;-1.113394225;-1.039475387;-0.215764182
2021-03-21 15:00;-0.566634066;-1.243491832;0.912767883
2021-03-21 16:00;-1.306174989;-1.741822295;-0.211128787
2021-03-21 17:00;-2.728781823;-1.337496428;-0.725858728
2021-03-21 18:00;-2.158613122;-1.102287366;-0.216656416
2021-03-21 19:00;-2.172882675;-0.992674809;0.88879687
2021-03-21 20:00;-0.839260749;-0.86967942;0.861788649
2021-03-21 21:00;-0.609618838;-1.956265283;1.643709747
2021-03-21 22:00;-1.069901609;-0.966272941;-0.057347259
2021-03-21 23:00;-1.646106032;0.576746998;1.316586633
2021-03-22 00:00;-2.265676774;1.039896954;0.665853839
2021-03-22 01:00;-2.246581059;1.186938617;0.30123334
2021-03-22 02:00;0.630789996;-0.043235153;-0.513342712
2021-03-22 03:00;-0.0142186;1.165575002;1.869612073
2021-03-22 04:00;1.048579992;2.705559615;-0.58009216
2021-03-22 05:00;2.332853468;2.602398664;0.551880647
2021-03-22 06:00;2.699110764;0.767747632;0.69217881
2021-03-22 07:00;3.17205355;1.513632749;0.313960544
2021-03-22 08:00;4.263340047;-0.702662802;-0.63803459
2021-03-22 09:00;1.099786742;-0.276882472;-0.953071392
2021-03-22 10:00;0.087463687;2.79415414;-1.972456376
2021-03-22 11:00;2.732904428;1.388404623;-1.518313779
2021-03-22 12:00;0.605094787;-0.078185129;-1.016510453
2021-03-22 13:00;1.153283918;-0.247008592;-0.424819012
2021-03-22 14:00;1.354646479;0.684130745;0.333405679
2021-03-22 15:00;1.713942805;0.958250163;2.453909758
2021-03-22 16:00;-0.515224229;0.822873918;0.828411856
2021-03-22 17:00;2.227551392;1.505382508;-0.815957898
2021-03-22 18:00;3.128563892;0.912758772;0.357594332
2021-03-22 19:00;0.911188135;2.062100011;3.325895861
2021-03-22 20:00;1.451408835;0.069529603;3.339465171
2021-03-22 21:00;0.305704891;0.504690025;3.028940362
2021-03-22 22:00;0.615225266;2.253472128;1.389088061
2021-03-22 23:00;2.441967251;1.572769374;2.505453854
2021-03-23 00:00;2.879288954;1.767465456;3.454009827
2021-03-23 01:00;3.686015193;1.340030156;2.43287389
2021-03-23 02:00;2.231382204;2.176969065;2.107971889
2021-03-23 03:00;2.21460061;2.202684308;0.127888503
2021-03-23 04:00;2.168341439;1.899524119;-1.772279794
2021-03-23 05:00;2.838382726;1.996020168;0.019259688
2021-03-23 06:00;4.024180259;1.761772469;0.717988633
2021-03-23 07:00;5.07709497;-0.326278002;-0.38123898
2021-03-23 08:00;1.455827288;0.00017256;0.449325556
2021-03-23 09:00;-0.10526229;-1.465590742;-0.380873593
2021-03-23 10:00;-1.55338662;-1.681016456;-0.06316732
2021-03-23 11:00;-2.422440765;-1.018535237;-0.147547001
2021-03-23 12:00;-2.042453606;1.552796264;-1.960621808
2021-03-23 13:00;0.306733527;1.757028829;-1.644191439
2021-03-23 14:00;1.481974164;2.898780639;-2.663495611
2021-03-23 15:00;1.610181134;2.186625263;-2.496759278
2021-03-23 16:00;4.74873303;0.200313631;-2.69521487
2021-03-23 17:00;2.810663382;-0.762432197;-3.514186077
2021-03-23 18:00;0.902146234;-1.234115988;-1.348194268
2021-03-23 19:00;0.451413668;-0.592382746;-0.425999166
2021-03-23 20:00;0.106335482;-0.393355682;0.101154465
2021-03-23 21:00;-0.300175882;-0.493675673;0.025147451
2021-03-23 22:00;-1.778925245;-0.17916143;0.30715707
2021-03-23 23:00;-1.412363358;-0.142237429;0.507930782
2021-03-24 00:00;-1.562963439;-1.33266975;2.078128313
2021-03-24 01:00;-2.368749978;0.016197969;0.282553333
2021-03-24 02:00;0.450016432;-1.700359807;-0.104026833
2021-03-24 03:00;-2.136960135;-1.986140446;-1.428279316
2021-03-24 04:00;-2.329473739;-1.889317399;0.24113096
2021-03-24 05:00;-2.800564716;-0.691808482;0.752400509
2021-03-24 06:00;-2.523342024;0.045051673;0.073822466
2021-03-24 07:00;-0.167927112;-0.427855915;0.661092118
2021-03-24 08:00;0.553834953;-1.075281246;-1.037791755
2021-03-24 09:00;-0.514307056;-1.844616629;-1.040654889
2021-03-24 10:00;-1.267234415;-1.023544784;-3.147554018
2021-03-24 11:00;-1.338422961;-2.046131184;-0.863969304
2021-03-24 12:00;-2.018550066;-1.887013626;0.082647203
2021-03-24 13:00;-0.911719054;-1.980955854;0.875003874
2021-03-24 14:00;-2.322790845;-1.772726307;-0.363258393
2021-03-24 15:00;-1.895612153;-1.543350863;1.250138711
2021-03-24 16:00;-2.099675917;-2.493833567;0.641420663
2021-03-24 17:00;-2.692812271;-1.328644992;2.059498728
2021-03-24 18:00;-3.158124871;-2.51217876;-0.616109148
2021-03-24 19:00;-2.330320777;-3.592678265;0.384090302
2021-03-24 20:00;-3.556747902;-2.468798281;-0.348640203
2021-03-24 21:00;-3.591795697;-1.838914295;-1.673968676
2021-03-24 22:00;-1.969078715;-0.889483676;-2.197817941
2021-03-24 23:00;-1.386734337;0.598918794;-0.81641193
2021-03-25 00:00;0.596757649;0.963954496;1.506136684
2021-03-25 01:00;1.223123422;1.8819656;2.786044884
2021-03-25 02:00;0.835387857;0.913491899;3.200666685
2021-03-25 03:00;1.556694374;1.022200893;2.647360058
2021-03-25 04:00;-0.021936719;1.573299219;4.038529055
2021-03-25 05:00;-0.503544301;1.412163687;3.619342253
2021-03-25 06:00;0.487544205;-0.261039568;3.358488279
2021-03-25 07:00;-1.935160382;0.176246125;2.249767463
2021-03-25 08:00;-1.130388968;-0.060935675;2.212365978
2021-03-25 09:00;-0.842609997;-0.839684634;2.112488716
2021-03-25 10:00;-1.817463696;-1.706389624;1.782780508
2021-03-25 11:00;-2.193518154;-0.817569371;1.713287262
2021-03-25 12:00;-2.48028875;1.068477459;2.875434567
2021-03-25 13:00;-2.179688854;0.702430476;3.604815585
2021-03-25 14:00;-0.729985809;1.895973952;3.112842851
2021-03-25 15:00;0.37914673;1.06573735;4.310241355
2021-03-25 16:00;-0.969630006;0.138844927;3.708591749
2021-03-25 17:00;-0.597416312;0.09167044;4.147532917
2021-03-25 18:00;-0.097303426;-0.386350117;5.367550609
2021-03-25 19:00;-0.81843121;1.415048835;4.023987312
2021-03-25 20:00;0.410444568;1.919102356;3.426106248
2021-03-25 21:00;0.438655581;3.027281908;3.306877869
2021-03-25 22:00;0.588635305;1.892544636;3.463695328
2021-03-25 23:00;2.414987271;1.626607301;2.747542262
2021-03-26 00:00;2.798198642;2.191597831;0.739894524
2021-03-26 01:00;4.316909875;1.343999831;2.045953711
2021-03-26 02:00;2.898528551;1.043601264;2.837097561
2021-03-26 03:00;2.871667821;2.220342921;1.642799638
2021-03-26 04:00;4.240262105;1.665672334;1.047667257
2021-03-26 05:00;3.993812245;3.307476189;0.55268098
2021-03-26 06:00;3.677240091;2.99986191;-0.110187942
2021-03-26 07:00;3.069828606;0.634689479;0.883530852
2021-03-26 08:00;-0.454700597;-0.046130485;1.07647903
2021-03-26 09:00;-0.46308156;-0.057277354;0.347041081
2021-03-26 10:00;-0.810537088;0.082983758;0.975908532
2021-03-26 11:00;-1.965645807;1.48999034;-0.897502418
2021-03-26 12:00;0.045903989;3.723306163;-0.26317179
2021-03-26 13:00;3.230158018;2.755689858;1.542327566
2021-03-26 14:00;3.54841899;2.708023151;2.456339598
2021-03-26 15:00;2.809045819;1.657526246;3.703498057
2021-03-26 16:00;2.861106546;0.603648488;3.565234737
2021-03-26 17:00;-0.093323041;-0.675922535;1.941309251
2021-03-26 18:00;-0.367233289;-0.065340758;2.118076797
2021-03-26 19:00;0.458270663;-1.695544265;0.589337277
2021-03-26 20:00;-2.695777959;-1.747806474;-0.941764902
2021-03-26 21:00;-0.705667368;0.760728974;-1.578404101
2021-03-26 22:00;0.995706274;-1.95480733;-2.449335509
2021-03-26 23:00;1.057529995;-0.724728382;-1.392848495
2021-03-27 00:00;0.003063639;-1.657277607;0.322709269
2021-03-27 01:00;0.907758252;-1.246437641;1.487174441
2021-03-27 02:00;-0.470442069;-0.321835679;0.950261152
2021-03-27 03:00;-0.664725899;1.189293787;-0.325328965
2021-03-27 04:00;0.82400984;-0.516555751;0.298236524
2021-03-27 05:00;-0.011954534;-1.402086425;0.061473994
2021-03-27 06:00;-1.181795569;-1.063640116;0.098122019
2021-03-27 07:00;-1.465800201;-1.041854544;-1.225363434
2021-03-27 08:00;-1.734362738;-0.922678298;-2.619326092
2021-03-27 09:00;-0.939821235;-0.74605905;-3.118990055
2021-03-27 10:00;-2.329537768;0.941142078;-3.323415863
2021-03-27 11:00;0.806417065;0.741636251;-3.169797671
2021-03-27 12:00;0.714227362;0.450863438;-3.044460758
2021-03-27 13:00;1.722216244;-1.511524384;-3.878120267
2021-03-27 14:00;0.580100176;-1.381557236;-3.397125363
2021-03-27 15:00;0.05729133;-2.625308358;-1.507040227
2021-03-27 16:00;-2.333496667;-2.848318442;-2.369639392
2021-03-27 17:00;-3.676318374;-2.501248705;-3.825143768
2021-03-27 18:00;-3.471555047;-1.969716712;-3.500018981
2021-03-27 19:00;-2.452818828;-0.098501536;-0.907741639
2021-03-27 20:00;-1.065768116;-1.87964408;-0.713352337
2021-03-27 21:00;-2.68156957;-2.569070117;-0.092782053
2021-03-27 22:00;-2.643589229;-1.771644871;1.117404872
2021-03-27 23:00;-3.981378358;-0.567240114;1.993168075
2021-03-28 00:00;-3.962963992;-0.935787791;3.281180822
2021-03-28 01:00;-3.242726374;0.090754737;3.593317248
2021-03-28 02:00;-2.065332159;0.112230202;2.293887797
2021-03-28 03:00;-2.332368468;-0.555245679;3.416270775
2021-03-28 04:00;-1.117066283;-1.368173382;2.372294293
2021-03-28 05:00;-1.285857605;-1.044577866;2.337327066
2021-03-28 06:00;0.366189483;-0.571320019;2.267882977
2021-03-28 07:00;-0.430832424;1.38547126;2.714312516
2021-03-28 08:00;1.402022495;0.222006428;1.44093361
2021-03-28 09:00;3.020059122;-0.643164144;2.230381452
2021-03-28 10:00;0.856992283;-0.599699653;0.423443747
2021-03-28 11:00;0.561575145;0.665063947;-0.196215872
2021-03-28 12:00;2.289837033;-0.017448729;-1.270110741
2021-03-28 13:00;1.423009267;-1.791728263;-2.945962806
2021-03-28 14:00;0.444248066;-1.851147762;-1.749547058
2021-03-28 15:00;-0.284861738;-2.579296108;-1.996027956
2021-03-28 16:00;-1.715080348;-3.634736269;-2.135658443
2021-03-28 17:00;-2.600922327;-2.541485892;-1.634025263
2021-03-28 18:00;-3.247721851;-3.375477128;-2.334456042
2021-03-28 19:00;-4.774715861;-3.811034187;-2.399690557
2021-03-28 20:00;-6.535124119;-2.995944738;-1.674174504
2021-03-28 21:00;-3.220897536;-1.250883565;-0.952593804
2021-03-28 22:00;-1.760728746;-0.452528458;-1.207005894
2021-03-28 23:00;-1.638972067;0.331456919;-1.2725357
2021-03-29 00:00;0.385216971;0.581705645;-1.103482009
2021-03-29 01:00;1.363332501;0.763652071;-0.054941074
2021-03-29 02:00;1.04295431;0.259038681;-1.089483255
2021-03-29 03:00;1.301738288;-1.720053064;-0.824807196
2021-03-29 04:00;-1.276597623;-1.008965271;-1.183729503
2021-03-29 05:00;-0.986441819;-1.17620601;0.363443364
2021-03-29 06:00;-1.572741504;-1.383762448;-0.506203323
2021-03-29 07:00;-2.529840671;1.316102722;-1.168958612
2021-03-29 08:00;-0.699470296;0.372529716;-1.315615892
2021-03-29 09:00;-0.675280429;1.679320586;-1.900998518
2021-03-29 10:00;0.396349699;0.109359016;-0.834281774
2021-03-29 11:00;-0.212815165;0.423004009;-2.741919418
2021-03-29 12:00;1.02427407;1.523769357;-2.664800138
2021-03-29 13:00;2.48700999;1.428320958;-1.698250739
2021-03-29 14:00;2.151768578;-1.418713457;-1.962483121
2021-03-29 15:00;-0.328548964;-1.934139912;-2.131503049
2021-03-29 16:00;-3.10477957;-1.980543808;-1.12438492
2021-03-29 17:00;-2.941542491;-2.569310925;-0.157774314
2021-03-29 18:00;-3.722830645;-1.667296631;0.33626766
2021-03-29 19:00;-4.215524862;-1.659607037;0.123158695
2021-03-29 20:00;-4.908523836;-0.998893341;-0.208144973
2021-03-29 21:00;-5.260572827;0.275038677;0.276284518
2021-03-29 22:00;-2.519837157;-0.555022295;-0.03438026
2021-03-29 23:00;-2.82273153;0.312361033;0.010621594
2021-03-30 00:00;-0.746333215;1.857937048;0.052769614
2021-03-30 01:00;0.934868415;1.829801639;0.429338306
2021-03-30 02:00;3.043672521;2.690008725;0.26575647
2021-03-30 03:00;3.869747114;0.692154776;-0.618339301
2021-03-30 04:00;1.769961465;0.019228881;0.392170572
2021-03-30 05:00;1.299269127;-0.846341259;-0.218787791
2021-03-30 06:00;0.229510595;-1.357029012;-0.73963222
2021-03-30 07:00;-2.457623873;0.317193086;0.126032194
2021-03-30 08:00;-0.14102184;1.320835935;0.124658277
2021-03-30 09:00;2.427751187;0.468782619;-0.55954381
2021-03-30 10:00;1.424476835;1.114627372;0.183683167
2021-03-30 11:00;0.898699051;0.691000573;0.690288866
2021-03-30 12:00;-0.062014369;0.989459259;-0.443981208
2021-03-30 13:00;-0.371724869;-0.704861061;0.654256881
2021-03-30 14:00;-2.079741403;1.077154093;0.272876875
2021-03-30 15:00;-0.657176881;0.297403704;-0.548659779
2021-03-30 16:00;0.075342894;-1.714392755;-2.384658923
2021-03-30 17:00;-0.962182797;-1.521359211;-0.762614208
2021-03-30 18:00;-3.598404098;-1.26379391;-2.010705073
2021-03-30 19:00;-0.890445768;-1.568785161;-1.722873763
2021-03-30 20:00;-1.686334726;-2.308272542;-1.720254537
2021-03-30 21:00;-0.895318675;0.342117777;-2.655490441
2021-03-30 22:00;2.557945014;0.326975552;-1.476874496
2021-03-30 23:00;1.860682617;0.817197148;-0.052871627
2021-03-31 00:00;1.670721442;0.173035408;0.229982617
2021-03-31 01:00;0.225599255;-2.617304484;1.069362392
2021-03-31 02:00;-0.572748329;-2.214849017;0.886717913
2021-03-31 03:00;-4.523869558;-3.311248399;-0.420220678
2021-03-31 04:00;-5.232199238;-2.782853065;-0.651354579
2021-03-31 05:00;-5.610784533;-2.391115252;-1.10094399
2021-03-31 06:00;-4.48534439;-0.911778573;-0.454730486
2021-03-31 07:00;-4.48954401;-0.61146692;-2.324853678
2021-03-31 08:00;-3.409073829;-0.79839742;-2.275731687
2021-03-31 09:00;-3.518695497;0.406095231;-3.510634453
2021-03-31 10:00;-0.876291339;-1.403900708;-4.442263299
2021-03-31 11:00;0.279491397;-1.559765907;-3.195299629
2021-03-31 12:00;0.218648031;-1.239398678;-3.460263249
2021-03-31 13:00;-0.355200638;-1.670361853;-0.949525125
2021-03-31 14:00;-0.469878079;-0.336371446;-0.50441585
2021-03-31 15:00;-1.461100217;0.52468062;-0.4555793
2021-03-31 16:00;1.137200036;0.779227648;0.552732476
2021-03-31 17:00;0.504249363;2.166482671;-0.387554665
2021-03-31 18:00;2.223210155;3.031208026;-1.510741155
2021-03-31 19:00;2.618574544;1.553944723;-2.047630368
2021-03-31 20:00;2.433849602;1.681430625;-1.954978164
2021-03-31 21:00;1.670236756;1.959899838;-2.576943066
2021-03-31 22:00;1.421046453;0.2427687;-2.102700097
2021-03-31 23:00;0.692069015;-2.055435019;-0.446602457
2021-04-01 00:00;-3.552384279;-2.466004586;0.309836015
2021-04-01 01:00;-1.890920736;-2.568605468;-0.221359793
2021-04-01 02:00;-3.214729029;-1.48325022;-0.591101992
2021-04-01 03:00;-2.179059125;-2.882376436;0.678889033
2021-04-01 04:00;-4.386995722;-2.5825882;1.520971561
2021-04-01 05:00;-6.56579759;-0.485691606;1.338794574
2021-04-01 06:00;-2.887239008;-1.75471356;1.202494153
2021-04-01 07:00;-2.712169164;-1.238920197;-1.001814047
2021-04-01 08:00;-3.582391624;-0.311216284;-0.232806453
2021-04-01 09:00;-1.245065621;0.530725394;0.371708961
2021-04-01 10:00;0.84658645;1.181992794;-1.103973695
2021-04-01 11:00;2.455788136;-1.834665744;0.538880115
2021-04-01 12:00;-0.299784917;-1.818000597;0.850504108
2021-04-01 13:00;-0.403736551;-2.660014394;2.721067429
2021-04-01 14:00;-1.028905917;-1.278448043;2.60159501
2021-04-01 15:00;-2.309084238;-0.074524724;1.702224313
2021-04-01 16:00;-1.667288114;0.316545875;1.193783834
2021-04-01 17:00;-1.052058679;2.321103005;2.245757682
2021-04-01 18:00;3.225096997;2.438434672;2.975485574
2021-04-01 19:00;2.747100696;1.991031645;2.247611573
2021-04-01 20:00;4.967357614;2.144079472;2.170994066
2021-04-01 21:00;2.922905396;1.556633892;0.725529834
2021-04-01 22:00;3.070803321;0.536535288;-0.729159465
2021-04-01 23:00;3.292912566;0.306111125;0.049044313
2021-04-02 00:00;2.557761064;-0.602465542;-0.941873719
2021-04-02 01:00;0.762735611;-0.894609581;1.656843153
2021-04-02 02:00;-1.007771215;-0.699607565;1.4151447
2021-04-02 03:00;-0.860653095;-1.224541081;1.200467162
2021-04-02 04:00;-2.278313836;-1.031080822;0.808981701
2021-04-02 05:00;-1.998704683;-1.202643137;0.285168634
2021-04-02 06:00;-0.079967919;-1.709477058;0.943174126
2021-04-02 07:00;-1.304553384;-1.650558652;3.071579537
2021-04-02 08:00;-1.392863172;0.287043524;2.389098126
2021-04-02 09:00;-2.745657234;0.559074637;4.170889424
2021-04-02 10:00;-2.226637238;1.38419458;3.158250943
2021-04-02 11:00;-0.169905456;0.577783209;3.045385081
2021-04-02 12:00;0.134988542;1.525675283;-0.254093966
2021-04-02 13:00;3.90087539;0.705975863;0.051484955
2021-04-02 14:00;3.791494265;0.394475369;-1.803215162
2021-04-02 15:00;1.531276876;0.570249471;-1.315488557
2021-04-02 16:00;2.487646366;-0.765882649;-0.787753239
2021-04-02 17:00;1.213957231;2.181443258;-1.087718742
2021-04-02 18:00;2.719809721;1.585989235;1.250511586
2021-04-02 19:00;3.145588982;0.486607337;0.429409281
2021-04-02 20:00;1.638371242;-0.187561252;0.348531973
2021-04-02 21:00;1.206035425;-0.094025366;0.182295879
2021-04-02 22:00;1.100502581;1.297660043;-0.247626519
2021-04-02 23:00;0.685585584;1.314008081;-1.83579952
2021-04-03 00:00;1.074630998;2.298236781;0.070469445
2021-04-03 01:00;2.401013432;0.399625249;-0.513844297
2021-04-03 02:00;-0.264676501;0.337943748;0.612913939
2021-04-03 03:00;0.04956725;-0.715588404;1.146845506
2021-04-03 04:00;-0.055758045;-0.633724293;0.765733525
2021-04-03 05:00;-1.233078489;2.425023526;0.410789719
2021-04-03 06:00;1.843518941;3.177885743;-0.151417442
2021-04-03 07:00;3.049169325;1.336772381;-0.313055572
2021-04-03 08:00;1.230196669;0.523851709;-0.804813001
2021-04-03 09:00;-0.251754275;0.197971044;0.30047482
2021-04-03 10:00;-1.006188516;0.778937414;-1.168684835
2021-04-03 11:00;0.859316751;2.114230079;-1.451712529
2021-04-03 12:00;0.29744725;2.252877206;-1.264860168
2021-04-03 13:00;2.681572749;1.261570615;-0.962919441
2021-04-03 14:00;1.407802302;2.164845793;-2.449139405
2021-04-03 15:00;1.931858143;1.640312991;-1.367591026
2021-04-03 16:00;0.436788031;1.968324426;-2.120399213
2021-04-03 17:00;2.20120348;1.867559637;0.721424053
2021-04-03 18:00;2.962253846;-0.088883179;1.830730438
2021-04-03 19:00;0.848925488;0.523631886;0.540571826
2021-04-03 20:00;-1.31504463;1.809235686;0.700316408
2021-04-03 21:00;0.857976225;1.664024082;-0.286437418
2021-04-03 22:00;1.354095094;-0.395033279;-0.066664881
2021-04-03 23:00;-0.157924771;-0.382297928;-0.682418181
2021-04-04 00:00;-0.709232463;1.90431468;-0.959373431
2021-04-04 01:00;0.850215347;2.433477641;-0.195678136
2021-04-04 02:00;1.370896669;2.063561897;1.468716439
2021-04-04 03:00;-0.156068438;1.942946773;1.428089209
2021-04-04 04:00;1.438935773;1.05969951;1.384886289
2021-04-04 05:00;0.661405767;1.671714028;1.851739284
2021-04-04 06:00;0.891515356;1.176030116;0.661621186
2021-04-04 07:00;1.648198954;-0.802547714;0.94087237
2021-04-04 08:00;-0.347805452;0.568181028;1.827140002
2021-04-04 09:00;-0.351173744;1.118614674;-0.342676677
2021-04-04 10:00;1.071034982;-0.42904902;0.655341711
2021-04-04 11:00;0.315439814;-0.268034827;1.167456728
2021-04-04 12:00;-0.105043361;-0.469132996;1.818196895
2021-04-04 13:00;-0.912298357;1.310330888;1.953140426
2021-04-04 14:00;1.209080629;1.504997146;0.960862896
2021-04-04 15:00;1.484856721;3.033421329;0.573828676
2021-04-04 16:00;2.128375305;2.847907438;3.230146213
2021-04-04 17:00;1.524120182;0.647870601;1.383877997
2021-04-04 18:00;1.103228133;1.363331978;1.850038904
2021-04-04 19:00;3.091012194;1.922642949;0.818212339
2021-04-04 20:00;2.786005172;1.857843111;0.290144053
2021-04-04 21:00;2.978906568;1.916516837;0.848486653
2021-04-04 22:00;2.425564725;0.889354987;-0.354343545
2021-04-04 23:00;2.877548542;0.118383591;1.618369453
2021-04-05 00:00;0.725897802;0.504921286;1.740449346
2021-04-05 01:00;-0.432175701;-0.58403455;-0.742926347
2021-04-05 02:00;-0.741001614;-1.918143587;-0.789636591
2021-04-05 03:00;-3.13343998;-0.678430462;-1.340293291
2021-04-05 04:00;-3.496076776;-0.068547851;-1.201090559
2021-04-05 05:00;-2.261721773;-1.622691378;-0.732168082
2021-04-05 06:00;-1.706025294;-1.490288983;-2.423920084
2021-04-05 07:00;-1.44702609;-0.446870793;-0.802282837
2021-04-05 08:00;-2.020834767;-1.946982579;0.170091037
2021-04-05 09:00;-1.554702451;-2.109353924;0.44821647
2021-04-05 10:00;-1.365662431;-1.04391809;-1.105817279
2021-04-05 11:00;-0.530460606;0.415845399;-1.067279005
2021-04-05 12:00;-1.678003087;-1.077205762;-0.997815307
2021-04-05 13:00;1.649686512;-2.42428848;-0.863872685
2021-04-05 14:00;-0.986199881;-1.416033205;1.433142906
2021-04-05 15:00;-0.820141827;-0.632385298;2.035684793
2021-04-05 16:00;-0.769581153;-0.057520988;1.332907113
2021-04-05 17:00;0.025961363;0.053337545;2.61793175
2021-04-05 18:00;0.245070707;-0.444900765;1.470096866
2021-04-05 19:00;1.226338299;-1.716800815;0.31915475
2021-04-05 20:00;-0.99966727;1.433330506;0.354734733
2021-04-05 21:00;0.937228958;1.59401552;0.157886696
2021-04-05 22:00;0.656053425;1.245661002;-0.524384201
2021-04-05 23:00;1.562683619;1.178479435;-1.664751597
2021-04-06 00:00;1.963335223;1.424285779;-1.494392898
2021-04-06 01:00;1.772588827;-0.260883428;-2.3633837
2021-04-06 02:00;1.192714314;-0.741831704;-1.19525266
2021-04-06 03:00;-0.557765301;-0.669533221;-2.168847343
2021-04-06 04:00;-0.123830238;-1.523796453;-1.83151463
2021-04-06 05:00;-0.619277155;0.075089;0.122049885
2021-04-06 06:00;-0.587941425;0.087727999;0.389913095
2021-04-06 07:00;-1.219614982;-0.590878631;-0.762943145
2021-04-06 08:00;0.193919454;1.614514191;-1.027161574
2021-04-06 09:00;1.341379358;1.325904292;-1.497570788
2021-04-06 10:00;1.94422486;-0.501421605;-1.070079757
2021-04-06 11:00;-0.178193288;-1.113321501;-1.043990939
2021-04-06 12:00;0.722902198;-0.017840722;-1.674078638
2021-04-06 13:00;-0.988586828;0.3809121;-2.204672939
2021-04-06 14:00;0.719211092;0.027013557;-1.308646011
2021-04-06 15:00;0.055695645;0.209196052;-2.325642563
2021-04-06 16:00;0.336830623;0.300446566;-2.553874043
2021-04-06 17:00;1.965174037;-0.110961872;-0.350486884
2021-04-06 18:00;1.619994291;0.156763207;1.228354314
2021-04-06 19:00;2.344892687;0.091902408;1.213984644
2021-04-06 20:00;2.009934083;0.272159258;0.804380702
2021-04-06 21:00;2.53963108;-0.04791158;-0.453139573
2021-04-06 22:00;-0.227763572;-0.232395069;0.954520225
2021-04-06 23:00;0.994015052;1.788696481;1.414606342
2021-04-07 00:00;2.419327235;1.884843183;1.470943516
2021-04-07 01:00;0.699122881;0.318849763;2.839115729
2021-04-07 02:00;-1.353903841;-0.356517637;1.619858514
2021-04-07 03:00;-1.697288167;-1.476714649;1.19208586
2021-04-07 04:00;-2.249683114;1.91643109;0.628224321
2021-04-07 05:00;-0.257513941;2.24842383;-0.120338844
2021-04-07 06:00;1.894325982;0.92242807;0.450118688
2021-04-07 07:00;1.822073051;0.987511606;0.804027979
2021-04-07 08:00;2.553583652;1.292759188;-1.415262411
2021-04-07 09:00;3.125861286;1.529078317;-1.811308146
2021-04-07 10:00;2.875514889;0.177766667;-0.672516808
2021-04-07 11:00;0.776677127;0.804965696;1.183400877
2021-04-07 12:00;1.738912964;1.470699624;0.621370896
2021-04-07 13:00;4.404879224;1.2649228;0.22359034
2021-04-07 14:00;3.160253857;1.725677507;-0.118952994
2021-04-07 15:00;2.631109212;1.46907648;2.589052769
2021-04-07 16:00;2.621405346;2.098963012;2.855057281
2021-04-07 17:00;4.128281989;2.631860026;1.736502657
2021-04-07 18:00;4.640121077;2.504924089;2.055873662
2021-04-07 19:00;5.281295109;2.392523015;2.187126221
2021-04-07 20:00;4.202379237;1.659028391;0.598445876
2021-04-07 21:00;1.840567216;0.148232993;-0.252886712
2021-04-07 22:00;1.747499543;0.650897018;0.330178287
2021-04-07 23:00;1.960096807;-0.277975766;1.147409866
2021-04-08 00:00;0.455889514;0.74816022;1.671258295
2021-04-08 01:00;1.367878609;-0.091265141;2.14660371
2021-04-08 02:00;1.224322555;-0.902052124;1.520182792
2021-04-08 03:00;0.773959187;-1.515229304;1.932941184
2021-04-08 04:00;-0.576954056;-1.251733245;1.899527577
2021-04-08 05:00;-1.671069231;0.723129504;2.024589012
2021-04-08 06:00;0.82452368;0.234160584;1.956861264
2021-04-08 07:00;0.837936963;0.21591711;0.503649827
2021-04-08 08:00;1.518671135;0.069065206;-0.604656698
2021-04-08 09:00;1.176786198;-2.305125552;0.419599653
2021-04-08 10:00;-1.082671908;-2.263237468;0.512912646
2021-04-08 11:00;-1.635839727;-1.091013029;1.105408491
2021-04-08 12:00;-1.217797491;0.604706219;1.276907599
2021-04-08 13:00;0.642657604;-0.219376358;3.299571886
2021-04-08 14:00;0.236971049;-0.611170178;4.434406325
2021-04-08 15:00;-0.964980818;1.499619452;4.958622102
2021-04-08 16:00;-1.370815392;1.563375905;4.486773131
2021-04-08 17:00;1.464000733;1.476185636;2.964867281
2021-04-08 18:00;1.40039857;2.469814131;1.65190901
2021-04-08 19:00;2.491989428;1.29889869;-0.47740355
2021-04-08 20:00;2.4285016;1.11363376;-0.363611756
2021-04-08 21:00;1.821507819;0.877837792;-0.57056666
2021-04-08 22:00;1.358555085;1.087731316;-1.381468455
2021-04-08 23:00;1.441183505;1.787207337;0.144239499
2021-04-09 00:00;1.082521841;-0.451365827;-2.074462582
2021-04-09 01:00;1.32851684;-1.631688664;-1.022411029
2021-04-09 02:00;-0.113416106;-2.886399771;0.80256291
2021-04-09 03:00;-1.710961161;-1.698049141;0.798678956
2021-04-09 04:00;-1.555428115;-0.081963328;0.816713684
2021-04-09 05:00;-0.561624317;1.089132571;1.026372093
2021-04-09 06:00;1.822991818;-0.873836994;0.613713873
2021-04-09 07:00;-0.146622162;0.018119337;-0.59298381
2021-04-09 08:00;0.735067367;-0.093342701;-2.729143745
2021-04-09 09:00;0.188636981;-0.605463199;-1.930695016
2021-04-09 10:00;1.186776789;-3.446095657;-2.030239844
2021-04-09 11:00;-1.938179782;-2.689798617;-2.699069978
2021-04-09 12:00;-2.241170631;-1.145345981;-1.643163926
2021-04-09 13:00;-2.485696847;-0.030018459;-2.290626904
2021-04-09 14:00;-0.913702256;-0.065056428;-1.957591651
2021-04-09 15:00;-0.551508625;-1.468655123;-2.960838046
2021-04-09 16:00;-0.828943744;-1.27690488;-1.400071914
2021-04-09 17:00;-1.302475576;-0.177162736;-2.861823971
2021-04-09 18:00;-0.824602672;-1.014295;-2.795508665
2021-04-09 19:00;-2.79813663;0.287735783;-0.951504751
2021-04-09 20:00;-0.967694075;0.177348965;-2.264384522
2021-04-09 21:00;0.204756974;0.209785814;-2.257093711
2021-04-09 22:00;2.273665219;-0.368023527;-0.829001026
2021-04-09 23:00;0.49635147;-1.718763164;0.637730895
2021-04-10 00:00;-1.895793928;-1.722357839;-0.110052987
2021-04-10 01:00;-1.924910332;0.917457962;-1.561369598
2021-04-10 02:00;-1.894211396;-0.304443756;-2.264318034
2021-04-10 03:00;-2.249516184;-1.298835787;-3.028483224
2021-04-10 04:00;-1.961378888;-1.073820083;-1.814947627
2021-04-10 05:00;-0.982719662;-2.17081084;-2.233776732
2021-04-10 06:00;-1.850107682;-0.65208941;-1.500104796
2021-04-10 07:00;-1.027691026;-0.359399332;1.143915753
2021-04-10 08:00;-1.241907349;0.982921626;0.352768712
2021-04-10 09:00;-1.695097223;0.476842923;-1.337865048
2021-04-10 10:00;-0.572770727;0.381962476;-4.017962728
2021-04-10 11:00;0.135354557;1.055139213;-2.936203691
2021-04-10 12:00;1.170584711;-0.420976416;-3.334759467
2021-04-10 13:00;0.192180721;0.466874572;-2.892839589
2021-04-10 14:00;0.408602655;0.364827531;-3.984084449
2021-04-10 15:00;1.59117794;1.580468394;-1.888911575
2021-04-10 16:00;2.33002297;1.991406438;-1.62570506
2021-04-10 17:00;2.435660498;0.516458448;-1.528467701
2021-04-10 18:00;1.207497567;-1.67350939;-1.450472062
2021-04-10 19:00;0.038381886;-1.45624655;-1.54245301
2021-04-10 20:00;0.156591039;-1.464815426;-0.945802123
2021-04-10 21:00;0.19102149;-0.754676176;-1.817610343
2021-04-10 22:00;0.304427483;-0.381059246;-1.652776299
2021-04-10 23:00;-1.80392473;0.684190395;-2.263118047
2021-04-11 00:00;1.347965217;-0.845663493;-0.267394722
2021-04-11 01:00;1.387153241;-0.995761725;-0.177299991
2021-04-11 02:00;0.888892458;-1.511627888;0.986921875
2021-04-11 03:00;-1.58701894;-0.705366227;1.186872879
2021-04-11 04:00;-1.234470831;0.485424943;0.7906031
2021-04-11 05:00;-0.054387061;0.986865209;2.01610936
2021-04-11 06:00;-0.08386632;1.186281838;0.950544785
2021-04-11 07:00;0.961256034;0.59724404;1.652738831
2021-04-11 08:00;1.224364063;1.352345643;1.97336545
2021-04-11 09:00;0.156139596;1.309807239;0.962369251
2021-04-11 10:00;1.389189962;2.424500365;0.822479254
2021-04-11 11:00;2.034145891;1.156430417;2.846642109
2021-04-11 12:00;-0.256173925;1.279567032;2.537008886
2021-04-11 13:00;1.930778406;1.892210236;1.458478432
2021-04-11 14:00;3.024732534;1.428537419;-0.193408955
2021-04-11 15:00;3.101713595;2.242967888;0.119876366
2021-04-11 16:00;4.136798296;2.210712321;-0.635823753
2021-04-11 17:00;5.300191997;2.727815875;-2.087752608
2021-04-11 18:00;2.847963616;0.501724585;-4.218407198
2021-04-11 19:00;2.129875691;-0.896338146;-3.884491921
2021-04-11 20:00;1.446947203;-0.092402434;-2.364987168
2021-04-11 21:00;2.978507949;-0.994036411;-2.662741474
2021-04-11 22:00;1.066678342;0.117107913;-0.994912261
2021-04-11 23:00;0.642379682;0.324151369;-0.580412048
2021-04-12 00:00;1.580986603;0.855029119;0.781837771
2021-04-12 01:00;1.723896741;-0.58238223;0.986392932
2021-04-12 02:00;-0.189210332;0.238211167;1.257972055
2021-04-12 03:00;-0.258340236;0.087668884;-0.257839369
2021-04-12 04:00;-1.908222577;0.308604054;-2.172032448
2021-04-12 05:00;0.046173604;0.569216777;-2.706834018
2021-04-12 06:00;-1.183958922;2.003117584;-0.590932172
2021-04-12 07:00;1.097226171;0.751498999;-0.593136652
2021-04-12 08:00;0.453975127;0.902552827;-0.839338662
2021-04-12 09:00;0.892773454;0.571192659;-0.857204053
2021-04-12 10:00;0.784183719;-0.67947931;-0.039198104
2021-04-12 11:00;1.083689489;-3.160928069;-1.351025832
2021-04-12 12:00;-1.648756175;-0.81102511;-2.498929484
2021-04-12 13:00;-1.200472942;-0.774553303;-0.912312146
2021-04-12 14:00;-2.891085293;0.561689698;-0.509449391
2021-04-12 15:00;0.492897661;-1.531254534;-0.443204039
2021-04-12 16:00;0.252923171;-2.643790218;0.394274285
2021-04-12 17:00;-2.159192986;-1.888068996;-1.819921148
2021-04-12 18:00;-0.773445331;-0.825083343;-1.576631357
2021-04-12 19:00;0.166427792;-0.969002518;-0.489628488
2021-04-12 20:00;0.413528062;-1.184136314;0.528277117
2021-04-12 21:00;-0.496148631;-0.709401484;1.005721666
2021-04-12 22:00;-1.386256189;2.165208983;1.602572578
2021-04-12 23:00;-0.201861905;1.743112067;2.773673248
2021-04-13 00:00;0.659494972;1.995430111;3.505606638
2021-04-13 01:00;0.241584379;1.429755455;2.66419258
2021-04-13 02:00;2.003918495;1.03463592;1.443710127
2021-04-13 03:00;3.616518609;0.03055849;-0.878664049
2021-04-13 04:00;2.182083115;-0.525413664;0.672664217
2021-04-13 05:00;-0.220004594;-0.133363245;-1.772499761
2021-04-13 06:00;-0.937789624;-0.911614839;-0.612582975
2021-04-13 07:00;-0.329156243;0.517436212;0.641332738
2021-04-13 08:00;-1.003409143;-0.028712431;0.937801934
2021-04-13 09:00;1.974837286;1.56344873;1.344770542
2021-04-13 10:00;2.560115113;1.438207355;1.686301998
2021-04-13 11:00;0.222321177;2.660389717;2.423361645
2021-04-13 12:00;3.065860659;3.222238963;1.851660915
2021-04-13 13:00;3.708771365;1.64739641;1.18657381
2021-04-13 14:00;4.446323281;2.030101081;-0.561592903
2021-04-13 15:00;3.890194482;2.180931253;-1.401646435
2021-04-13 16:00;2.745583282;2.049598607;-2.127357307
2021-04-13 17:00;2.722830189;-0.013784887;-2.660658939
2021-04-13 18:00;2.657499598;-0.834774047;-1.959920365
2021-04-13 19:00;0.463239366;-0.571196325;-1.452832434
2021-04-13 20:00;1.37710063;-1.794613579;-1.685507073
2021-04-13 21:00;0.482853945;-0.243904671;-1.847081318
2021-04-13 22:00;-1.201233461;-1.242731835;-1.41241922
2021-04-13 23:00;-0.410849159;-0.771181866;-2.466795596
2021-04-14 00:00;-1.06908044;0.210493089;-0.884107912
2021-04-14 01:00;-1.943030238;-0.196530214;0.38673926
2021-04-14 02:00;-0.886171574;1.348850109;0.74152448
2021-04-14 03:00;-0.301101742;1.827597553;-0.005389695
2021-04-14 04:00;-0.041799364;0.454930321;0.61932452
2021-04-14 05:00;0.188333188;0.118312279;1.673503331
2021-04-14 06:00;-1.218415962;0.789207121;1.29122507
2021-04-14 07:00;-2.282628867;2.118500163;0.26141715
2021-04-14 08:00;1.100702695;1.914220601;0.197547456
2021-04-14 09:00;2.209859247;3.113715133;0.821324024
2021-04-14 10:00;4.010901123;-0.038467424;2.676986461
2021-04-14 11:00;4.149204403;1.113324956;2.131138179
2021-04-14 12:00;2.190971845;-0.546038698;2.181712615
2021-04-14 13:00;0.543231451;0.003396016;0.503566004
2021-04-14 14:00;0.135359545;-0.47748501;0.461142652
2021-04-14 15:00;-0.888654138;-0.467950009;0.669034841
2021-04-14 16:00;-0.566184187;0.199971994;1.386194953
2021-04-14 17:00;-0.333977047;0.534627048;3.444479101
2021-04-14 18:00;-1.141195495;1.297758105;2.668623816
2021-04-14 19:00;2.181490429;1.599759255;3.324050646
2021-04-14 20:00;1.513235626;1.556446819;0.9686603
2021-04-14 21:00;2.292114965;0.569584942;-0.184287843
2021-04-14 22:00;3.502822405;2.599329345;-0.211726271
2021-04-14 23:00;2.17499587;2.843865048;-0.549480251
2021-04-15 00:00;0.740167049;0.781976256;0.752758722
2021-04-15 01:00;0.590725912;-0.458187274;-0.508951536
2021-04-15 02:00;0.088558347;1.331466949;0.413407447
2021-04-15 03:00;-0.860551225;0.276695913;0.828914801
2021-04-15 04:00;-2.074013119;1.098922231;-0.00828895
2021-04-15 05:00;-1.279009922;0.201893637;-0.679470959
2021-04-15 06:00;-1.066782721;1.679698857;0.638902463
2021-04-15 07:00;1.118891121;1.271288369;0.396111909
2021-04-15 08:00;-0.206511166;1.698014819;-1.579005468
2021-04-15 09:00;1.514267826;1.507095535;-1.847914386
2021-04-15 10:00;1.351857818;0.918131986;-2.350913994
2021-04-15 11:00;0.205932709;1.63179431;-1.506235226
2021-04-15 12:00;1.950139741;0.741904052;0.028658749
2021-04-15 13:00;2.140090178;0.164497475;0.726721644
2021-04-15 14:00;2.071664397;0.315961781;-0.472791838
2021-04-15 15:00;1.135200758;-0.317343066;-0.248015569
2021-04-15 16:00;0.418193741;-0.686241361;-0.271528643
2021-04-15 17:00;-1.413013364;-0.891836428;-0.846776113
2021-04-15 18:00;-2.557192911;0.391048179;-1.576070985
2021-04-15 19:00;-1.404978801;0.833603731;-0.081971796
2021-04-15 20:00;0.2625507;2.047889488;0.092736075
2021-04-15 21:00;1.811742622;0.331590047;-0.054572293
2021-04-15 22:00;2.440829792;0.368541576;1.015203019
2021-04-15 23:00;0.436806466;0.279321412;2.767258678
2021-04-16 00:00;0.211488333;-1.013457896;2.338367551
2021-04-16 01:00;-2.166840197;-1.467240007;4.008216431
2021-04-16 02:00;-1.590971313;-0.948764314;2.25558545
2021-04-16 03:00;-1.789984276;-0.417064432;1.59083888
2021-04-16 04:00;-1.823960279;0.865374691;1.466224942
2021-04-16 05:00;-1.689641484;-0.290327949;0.932989083
2021-04-16 06:00;0.726606795;0.566304418;2.682741274
2021-04-16 07:00;-0.110169718;0.021294278;1.210852405
2021-04-16 08:00;2.10770912;0.496449046;1.438381446
2021-04-16 09:00;1.643321127;-0.0505476;0.512860557
2021-04-16 10:00;0.401463975;-0.739688019;-1.045311932
2021-04-16 11:00;0.074071008;-0.552556008;0.716791326
2021-04-16 12:00;0.65963286;-0.238968395;-0.808574621
2021-04-16 13:00;2.891329171;-0.739506992;-1.612555533
2021-04-16 14:00;1.566704413;-1.403985289;-2.388054522
2021-04-16 15:00;-0.6011994;-0.165940228;-1.701332434
2021-04-16 16:00;-0.056760193;-0.758613779;-1.730632831
2021-04-16 17:00;-1.62782317;-1.437808808;-3.006879934
2021-04-16 18:00;-1.310751171;-1.297011301;-3.288425961
2021-04-16 19:00;-3.005420315;-1.047636664;-3.653609287
2021-04-16 20:00;-2.125471078;-1.853124599;-3.730810026
2021-04-16 21:00;-1.055497763;-2.038242742;-3.477937616
2021-04-16 22:00;-1.835148031;-2.707771293;-4.338916799
2021-04-16 23:00;-1.452857722;-3.620251204;-3.198580478
2021-04-17 00:00;-1.451165732;-1.181596795;-1.548340265
2021-04-17 01:00;-3.802599904;-1.469339291;-1.602858435
2021-04-17 02:00;-1.108438398;-0.094719599;-2.345686999
2021-04-17 03:00;-0.467602348;-2.469797278;-1.82047084
2021-04-17 04:00;-1.453600212;-2.613875633;-0.151515496
2021-04-17 05:00;-2.024689712;-3.059922888;-0.712872769
2021-04-17 06:00;-2.759295578;-0.122995011;0.501740819
2021-04-17 07:00;-1.806416798;0.466717315;-0.762459582
2021-04-17 08:00;-2.609092182;0.756514137;-0.24575279
2021-04-17 09:00;-1.017977311;1.268321899;0.999843755
2021-04-17 10:00;-0.693126118;1.572509552;2.130214026
2021-04-17 11:00;0.047595406;-0.555669459;2.852417514
2021-04-17 12:00;-0.134120143;0.727816636;3.669979106
2021-04-17 13:00;-0.849572698;1.449350705;3.00703532
2021-04-17 14:00;-1.223958522;1.51950835;2.777049415
2021-04-17 15:00;0.274783164;2.39225286;2.048803147
2021-04-17 16:00;1.730812972;0.784251908;0.798881921
2021-04-17 17:00;2.146273084;-0.667564629;0.07632662
2021-04-17 18:00;-0.359442666;-2.019821013;0.125260461
2021-04-17 19:00;-2.796511808;-0.586517341;-0.391498117
2021-04-17 20:00;-0.747180977;0.259373648;-0.586980566
2021-04-17 21:00;-0.354295724;-0.56276197;0.839459286
2021-04-17 22:00;0.605624778;-0.370638533;-1.392302863
2021-04-17 23:00;0.953725339;-2.766864862;-2.878701847
2021-04-18 00:00;-2.151050611;-1.714228611;-1.909303995
2021-04-18 01:00;-1.58228884;-0.183598969;-3.052429293
2021-04-18 02:00;-0.19279686;0.461220262;-0.38126293
2021-04-18 03:00;0.368696725;0.64854902;-1.181882452
2021-04-18 04:00;0.891201707;0.858847149;-1.579869187
2021-04-18 05:00;1.11093383;0.64171324;-1.712576848
2021-04-18 06:00;1.066913963;0.596644463;-3.683575453
2021-04-18 07:00;-0.944329108;-0.885825044;-3.224819626
2021-04-18 08:00;-0.358158542;-1.586986807;-3.083033947
2021-04-18 09:00;-0.348563635;-1.272318155;-3.285791631
2021-04-18 10:00;0.743305695;-1.283043574;-2.949561778
2021-04-18 11:00;0.782319293;-0.791234003;-0.141501841
2021-04-18 12:00;-1.930286027;0.090500516;2.02124339
2021-04-18 13:00;-1.139997382;0.035316871;1.486294665
2021-04-18 14:00;-0.970360001;-1.223787029;0.008258321
2021-04-18 15:00;0.059655718;0.841280756;0.961477848
2021-04-18 16:00;0.703818211;0.950945067;-0.793817122
2021-04-18 17:00;3.084700591;-0.65062843;-1.619654163
2021-04-18 18:00;0.649478323;-0.189020487;-3.124977882
2021-04-18 19:00;0.802906164;-0.799471684;-0.176216584
2021-04-18 20:00;-0.59202135;-0.574538259;0.523698041
2021-04-18 21:00;-2.066803571;-0.183321134;0.597674667
2021-04-18 22:00;0.184549324;-0.814298796;0.972778281
2021-04-18 23:00;0.579973118;-1.225030195;0.543130976
2021-04-19 00:00;0.232453504;-0.686158873;3.583090805
2021-04-19 01:00;-2.922888102;-0.730279761;3.077480453
2021-04-19 02:00;-3.671266048;-0.925873815;2.621669418
2021-04-19 03:00;-1.951262555;-0.637340053;1.278439551
2021-04-19 04:00;-1.960695852;-1.07784127;2.117233385
2021-04-19 05:00;-1.122136312;-1.609901781;1.519671689
2021-04-19 06:00;-1.773110849;-1.754397822;2.506987763
2021-04-19 07:00;-1.030599084;-0.635532862;1.260323928
2021-04-19 08:00;-0.630797546;1.495392786;0.053591598
2021-04-19 09:00;1.257600746;0.713856024;-0.441730886
2021-04-19 10:00;-0.068114014;0.745220727;-0.970226221
2021-04-19 11:00;0.49484644;1.070569035;-1.876178772
2021-04-19 12:00;2.124994472;-0.509224781;-0.887575492
2021-04-19 13:00;0.938662693;-2.35309548;1.031579761
2021-04-19 14:00;-0.9814896;-1.701024914;-1.339252604
2021-04-19 15:00;1.893487513;-0.499713697;-1.323771203
2021-04-19 16:00;-0.495212645;-0.676985584;0.21880668
2021-04-19 17:00;-1.537197951;-2.300107088;0.200015514
2021-04-19 18:00;-1.145632518;-3.614186043;0.305289573
2021-04-19 19:00;-2.801106486;-1.501178964;-0.104299045
2021-04-19 20:00;-1.829110661;0.846127134;0.068407796
2021-04-19 21:00;-1.305553251;0.894040013;-1.095948001
2021-04-19 22:00;-0.917854575;-0.901151963;-0.721724337
2021-04-19 23:00;-0.711715159;-0.152881573;-1.235385391
2021-04-20 00:00;-0.568845279;-1.275857102;1.058028231
2021-04-20 01:00;-0.169678284;-2.001971679;2.660546807
2021-04-20 02:00;-2.746768363;-1.75113976;1.191434411
2021-04-20 03:00;-3.418945167;-0.490932982;2.476470047
2021-04-20 04:00;-1.444367992;1.090269457;1.064024281
2021-04-20 05:00;-0.048099544;0.9991654;0.1889597
2021-04-20 06:00;0.596700501;1.413997161;0.128337875
2021-04-20 07:00;1.279443417;0.390742941;-0.576914142
2021-04-20 08:00;1.401258557;0.975606865;-1.610070115
2021-04-20 09:00;2.993701553;0.460554364;-3.152362955
2021-04-20 10:00;1.883884391;-1.753571819;-3.450532694
2021-04-20 11:00;0.166250002;-3.08350394;-4.518432807
2021-04-20 12:00;-1.397252877;-3.031138323;-4.059628469
2021-04-20 13:00;-4.074534418;-1.64688575;-2.825119335
2021-04-20 14:00;-4.44290691;-0.391363439;-3.019269205
2021-04-20 15:00;-2.732344989;-3.02354381;-2.142474475
2021-04-20 16:00;-2.986246311;-4.406025256;-0.775830243
2021-04-20 17:00;-5.388670454;-4.139561571;0.537134303
2021-04-20 18:00;-5.771763907;-2.768696915;-0.480258828
2021-04-20 19:00;-5.149074543;-1.513153352;-1.023064627
2021-04-20 20:00;-3.849152371;-2.427209826;-0.85540486
2021-04-20 21:00;-5.547595081;-0.935653931;-1.566421559
2021-04-20 22:00;-3.758133785;-2.420886521;0.205330489
2021-04-20 23:00;-4.457486068;-0.18829574;-2.572085118
2021-04-21 00:00;-2.958854878;0.808315512;-2.398114341
2021-04-21 01:00;-0.477513981;-0.502352362;-1.772759518
2021-04-21 02:00;-0.507413754;0.233128723;-2.713460666
2021-04-21 03:00;0.164435272;-0.722859437;-2.176997009
2021-04-21 04:00;-1.091245749;-2.670538132;-1.439794686
2021-04-21 05:00;-2.768454412;-2.90471315;0.182783282
2021-04-21 06:00;-1.958219707;-1.050190791;1.244108014
2021-04-21 07:00;-2.425528183;-0.645313233;2.433250994
2021-04-21 08:00;-0.111023234;0.262021604;2.425735292
2021-04-21 09:00;-1.574705776;1.352428255;2.148310514
2021-04-21 10:00;0.546493388;0.11580453;3.227640425
2021-04-21 11:00;-1.16523926;0.366324743;4.046377164
2021-04-21 12:00;-0.276007425;1.285227018;2.996704117
2021-04-21 13:00;-0.797346341;2.777507512;1.460011553
2021-04-21 14:00;0.979514817;2.730172845;1.01666795
2021-04-21 15:00;1.781672279;2.053844913;-1.346243082
2021-04-21 16:00;-0.244488653;1.756035795;-0.699922073
2021-04-21 17:00;-0.275168906;0.456527923;-1.660149391
2021-04-21 18:00;0.39806107;0.727114702;-1.604031994
2021-04-21 19:00;1.692455159;2.020749518;0.354392355
2021-04-21 20:00;1.154918136;1.309849153;0.330588625
2021-04-21 21:00;0.839067299;0.150993692;0.843404433
2021-04-21 22:00;1.78804007;0.312407316;-0.237066559
2021-04-21 23:00;0.510603605;2.978390887;1.716770214
2021-04-22 00:00;2.803276764;3.63984573;0.944406682
2021-04-22 01:00;2.905307667;3.35875119;0.640764622
2021-04-22 02:00;4.525750711;1.971130529;-1.009777793
2021-04-22 03:00;3.381217321;1.152566188;-0.472759251
2021-04-22 04:00;2.872259246;-1.418543394;-0.278083807
2021-04-22 05:00;1.444095589;-2.089803489;-0.49411824
2021-04-22 06:00;-0.605107247;-2.792334803;1.480640428
2021-04-22 07:00;-3.151656468;-1.011861902;2.325512053
2021-04-22 08:00;-1.238061131;-2.659511504;2.526697681
2021-04-22 09:00;-3.401781085;-1.842906077;1.746209087
2021-04-22 10:00;-3.838099623;-2.022499135;2.379542361
2021-04-22 11:00;-3.448420131;-0.515032895;2.280296134
2021-04-22 12:00;-4.399020706;-0.318760743;0.428086994
2021-04-22 13:00;-1.958955627;-0.328654156;0.142352048
2021-04-22 14:00;-2.172718758;-0.876480206;-0.065364008
2021-04-22 15:00;-2.447835895;-0.212030343;1.695537667
2021-04-22 16:00;-3.072649354;-1.552269625;1.362381612
2021-04-22 17:00;-4.781911723;-0.942650716;2.801564796
2021-04-22 18:00;-3.128131001;-0.75498364;4.117293724
2021-04-22 19:00;-2.468386753;0.818498033;4.236625291
2021-04-22 20:00;-0.134576593;2.136782107;2.056753468
2021-04-22 21:00;1.349055357;1.286932948;2.281150911
2021-04-22 22:00;2.450653492;-0.011744952;3.401599221
2021-04-22 23:00;1.355264881;0.462511293;2.624206703
2021-04-23 00:00;0.383792404;0.610309742;2.835946691
2021-04-23 01:00;-0.70982551;3.090216871;3.534477695
2021-04-23 02:00;3.516413357;1.096712693;2.440789802
2021-04-23 03:00;1.431537208;0.325948925;0.131474895
2021-04-23 04:00;1.189573049;-2.191683215;-0.276823232
2021-04-23 05:00;0.345076937;0.330673874;-0.600803326
2021-04-23 06:00;-0.130118324;0.090322952;0.366008178
2021-04-23 07:00;0.009607613;1.837154612;-0.598473461
2021-04-23 08:00;0.932513611;3.807044336;-0.893408456
2021-04-23 09:00;2.152532346;3.468692143;-0.728763706
2021-04-23 10:00;3.075793101;3.772645821;-0.288619625
2021-04-23 11:00;5.579786289;3.415445817;0.037941731
2021-04-23 12:00;4.326765098;1.921916996;0.633923703
2021-04-23 13:00;2.637323021;0.718096553;0.153765116
2021-04-23 14:00;2.567699124;1.242529446;-1.604717259
2021-04-23 15:00;2.5306621;0.292794818;-1.366857562
2021-04-23 16:00;0.706902438;-0.173153057;-1.126606066
2021-04-23 17:00;-1.290890574;-0.032714058;-0.730147347
2021-04-23 18:00;0.336352579;1.568867046;0.309586803
2021-04-23 19:00;0.30341011;0.774199991;-1.556884748
2021-04-23 20:00;-0.346585133;-0.829156383;-2.500391348
2021-04-23 21:00;0.392316772;-0.559251014;-2.768653823
2021-04-23 22:00;-0.513611812;0.172742873;-0.907844876
2021-04-23 23:00;-1.059780638;-0.68921193;-0.063555618
2021-04-24 00:00;-0.219626468;-2.018731211;0.374312755
2021-04-24 01:00;-3.97878358;-2.120463069;-1.631503299
2021-04-24 02:00;-2.85994085;-1.884122635;-1.102504755
2021-04-24 03:00;-3.565212906;-1.476664266;0.639687013
2021-04-24 04:00;-2.60703826;-1.441938313;0.025627983
2021-04-24 05:00;-2.753706725;-2.880188528;0.294037179
2021-04-24 06:00;-1.485357951;-1.36026262;1.155261954
2021-04-24 07:00;-3.581162323;-1.368697909;1.844518783
2021-04-24 08:00;-3.643064867;-2.000578197;-0.741976651
2021-04-24 09:00;-2.535279019;-1.57248297;-0.262302293
2021-04-24 10:00;-4.856371832;0.195834046;0.531837517
2021-04-24 11:00;-2.04395774;-0.048729338;2.082718061
2021-04-24 12:00;-1.587896211;0.077820346;2.732928634
2021-04-24 13:00;0.20845994;2.76552765;2.266302009
2021-04-24 14:00;1.045938604;0.860628897;3.079922611
2021-04-24 15:00;1.309309721;2.46588002;3.73362098
2021-04-24 16:00;1.910743591;2.263186976;2.614574593
2021-04-24 17:00;1.366913116;1.802930008;1.935105685
2021-04-24 18:00;1.921647264;1.047326726;2.942794808
2021-04-24 19:00;-0.160998888;2.852081637;4.168859345
2021-04-24 20:00;1.868986526;1.737899531;3.624672115
2021-04-24 21:00;2.351372977;1.407573168;3.509033865
2021-04-24 22:00;4.243991768;2.270695711;2.208533527
2021-04-24 23:00;5.00053278;2.511119763;2.814839225
2021-04-25 00:00;5.093253499;1.130584718;3.222715106
2021-04-25 01:00;0.943987042;2.232167248;1.451267603
2021-04-25 02:00;1.615025032;0.919767584;3.220157477
2021-04-25 03:00;3.054548134;2.190545712;3.960113605
2021-04-25 04:00;3.650456213;1.020501225;3.87128291
2021-04-25 05:00;3.88376465;-0.364833387;2.535458238
2021-04-25 06:00;0.914407983;0.224642187;1.688333188
2021-04-25 07:00;0.639231864;0.182110866;2.912189625
2021-04-25 08:00;-0.698462737;0.329621889;1.938314869
2021-04-25 09:00;-0.640335323;1.030609369;-0.026628451
2021-04-25 10:00;0.019494552;1.042259682;0.785308982
2021-04-25 11:00;0.137998179;-0.780128642;0.645258739
2021-04-25 12:00;-0.246493861;-1.426350208;1.917857104
2021-04-25 13:00;-2.84907637;0.046529937;0.61655332
2021-04-25 14:00;-0.6132384;-0.218800659;0.622393936
2021-04-25 15:00;-0.464930613;-0.097759036;0.799307504
2021-04-25 16:00;-0.847691395;1.478288379;1.410399603
2021-04-25 17:00;1.166341555;1.274541351;1.111408667
2021-04-25 18:00;2.515482478;0.442615818;-1.401722528
2021-04-25 19:00;1.5220442;-1.263127694;-1.968564825
2021-04-25 20:00;0.009732929;-1.757262744;-2.844071613
2021-04-25 21:00;-0.897801458;-0.98014185;-2.223249213
2021-04-25 22:00;-0.326703877;-2.589389158;-1.672866079
2021-04-25 23:00;-1.336846019;-4.22264906;-2.074873262
2021-04-26 00:00;-2.058408157;-4.415915471;-0.701678934
2021-04-26 01:00;-3.4401531;-1.101657107;-1.330834976
2021-04-26 02:00;-2.004759313;-2.117637539;-2.493627803
2021-04-26 03:00;-1.696402567;-1.309041484;-1.338365042
2021-04-26 04:00;-1.75836949;-0.465285353;-0.226576714
2021-04-26 05:00;-1.228054033;0.708673364;1.265812624
2021-04-26 06:00;-2.239155611;-0.616556463;0.660524068
2021-04-26 07:00;-1.484923105;1.365173643;-0.187477934
2021-04-26 08:00;1.365966692;1.059440047;0.078842474
2021-04-26 09:00;2.26363705;0.635093532;-0.973519345
2021-04-26 10:00;2.101991087;1.164322745;-1.109393152
2021-04-26 11:00;2.846765774;0.06309267;-0.52950939
2021-04-26 12:00;3.278221308;0.334551026;-1.815768655
2021-04-26 13:00;3.247806117;-0.128930904;-3.088469648
2021-04-26 14:00;1.847178858;0.674719582;-2.858671565
2021-04-26 15:00;2.806432372;-1.922186425;-3.086653711
2021-04-26 16:00;0.643924658;-1.256372244;-3.687954542
2021-04-26 17:00;0.029373045;-0.669315453;-3.440038108
2021-04-26 18:00;-1.525211051;-2.089237459;-2.497805565
2021-04-26 19:00;-1.540563573;-2.131840811;-2.579708411
2021-04-26 20:00;-2.123019261;-1.472821238;-1.272711728
2021-04-26 21:00;-3.933896614;-1.834580915;-1.930161466
2021-04-26 22:00;-2.848082669;-0.840619031;-0.205526856
2021-04-26 23:00;-0.609251337;0.341301536;-0.121373711
2021-04-27 00:00;1.225431294;-0.567820446;2.181515905
2021-04-27 01:00;-1.664510536;-1.032592061;3.464938571
2021-04-27 02:00;0.204137548;0.062997433;2.295212768
2021-04-27 03:00;0.215647262;1.024224877;1.172833833
2021-04-27 04:00;0.83772362;0.527338901;0.932076966
2021-04-27 05:00;0.163867478;0.660004711;-0.019958163
2021-04-27 06:00;0.794602145;0.023601843;0.868165834
2021-04-27 07:00;-0.940503162;0.062441214;1.412100649
2021-04-27 08:00;-0.385500953;-1.28280667;0.994251347
2021-04-27 09:00;-0.64075072;-1.462852564;-0.340077388
2021-04-27 10:00;-1.384051775;-0.132164621;1.105094231
2021-04-27 11:00;-1.266036911;-0.117522752;1.401716209
2021-04-27 12:00;0.394623427;1.03681394;2.038773946
2021-04-27 13:00;2.069431353;-0.309744855;2.01192677
2021-04-27 14:00;1.831039234;-0.469979725;1.420249304
2021-04-27 15:00;0.084115845;-0.664761594;0.255988905
2021-04-27 16:00;-1.34576589;0.066083968;-0.022997839
2021-04-27 17:00;-0.118714575;-0.382940235;0.947313054
2021-04-27 18:00;0.028660588;-2.676795179;2.328745701
2021-04-27 19:00;-1.86306089;-2.990433305;2.395037356
2021-04-27 20:00;-1.986821961;-2.970836742;1.495319388
2021-04-27 21:00;-2.967777007;-1.318785196;3.2855153
2021-04-27 22:00;-2.318374078;-0.792583513;2.747258458
2021-04-27 23:00;-1.535019989;-1.700951638;1.511315553
2021-04-28 00:00;-3.748558346;-1.219678305;0.600908705
2021-04-28 01:00;-1.198824338;-2.129086268;0.864493098
2021-04-28 02:00;-2.223528337;-1.827652964;1.510160133
2021-04-28 03:00;-2.295012273;-1.862821728;0.929674521
2021-04-28 04:00;-2.457470435;-4.687529524;1.976285135
2021-04-28 05:00;-5.187088011;-1.313214236;1.668436756
2021-04-28 06:00;-4.307804736;-0.326762764;1.829480324
2021-04-28 07:00;-2.120999181;-1.295996001;2.941823477
2021-04-28 08:00;-2.325895263;-1.625744931;1.926282616
2021-04-28 09:00;-3.845922939;-1.485541676;1.527836145
2021-04-28 10:00;-3.226799769;-1.919791974;-0.004607726
2021-04-28 11:00;-0.51402877;0.311614434;-1.935868073
2021-04-28 12:00;-1.111762151;-0.153397945;-1.832940205
2021-04-28 13:00;-0.275379176;0.459091836;-1.475350811
2021-04-28 14:00;-0.311750909;2.645281468;-3.183521256
2021-04-28 15:00;2.544411664;2.668081051;-2.574868325
2021-04-28 16:00;4.455268547;2.099078812;-3.051798878
2021-04-28 17:00;6.036558139;1.769423165;-1.397964057
2021-04-28 18:00;5.118256003;0.792118846;2.15519362
2021-04-28 19:00;3.305106959;1.009945637;3.409751914
2021-04-28 20:00;0.908376402;0.836646105;5.91820397
2021-04-28 21:00;0.318126031;0.710413393;4.662491986
2021-04-28 22:00;1.146608894;0.595918257;4.194655257
2021-04-28 23:00;0.299307862;0.562308526;3.989827433
2021-04-29 00:00;1.200080542;2.642685999;4.172851439
2021-04-29 01:00;1.154908501;1.660443526;6.67218879
2021-04-29 02:00;-0.147275882;0.205260221;5.79991767
2021-04-29 03:00;-0.491931786;2.518874318;5.945403249
2021-04-29 04:00;0.440309576;2.667767408;5.070097259
2021-04-29 05:00;2.755202851;1.772580638;5.374400938
2021-04-29 06:00;2.330005719;3.062908135;5.286836074
2021-04-29 07:00;2.40600452;2.106900094;4.737542493
2021-04-29 08:00;2.078229701;3.198179613;4.600241408
2021-04-29 09:00;3.735769976;2.303585386;5.082182207
2021-04-29 10:00;4.243523815;2.391864541;4.776139307
2021-04-29 11:00;3.269476251;1.335015674;6.067869229
2021-04-29 12:00;3.135448895;1.833068561;4.276742845
2021-04-29 13:00;2.656274143;-1.198434491;3.789303615
2021-04-29 14:00;-0.277267823;-0.590129606;2.384892463
2021-04-29 15:00;-2.208445072;-1.734767122;1.547906725
2021-04-29 16:00;-2.271728055;-0.993756973;1.056583177
2021-04-29 17:00;-1.540159362;-0.090628935;0.115426301
2021-04-29 18:00;-1.98662969;1.582749402;0.691434205
2021-04-29 19:00;0.094247766;0.479438119;2.130474411
2021-04-29 20:00;0.157903179;1.966743781;1.342236456
2021-04-29 21:00;1.704155265;2.731688439;2.244357523
2021-04-29 22:00;2.49395802;2.157319417;2.340114147
2021-04-29 23:00;4.151858216;1.248460758;-0.380822924
2021-04-30 00:00;2.995200146;0.550356855;-0.133347609
2021-04-30 01:00;1.241998698;1.755089708;-1.375687604
2021-04-30 02:00;-0.242747427;1.525566834;-1.133599338
2021-04-30 03:00;0.545937843;0.817845015;-2.600676269
2021-04-30 04:00;1.65571193;1.160360574;-0.80148109
2021-04-30 05:00;3.241777909;0.918758827;-0.917353255
2021-04-30 06:00;4.157545539;1.871137995;0.22665106
2021-04-30 07:00;2.907628875;0.323659687;0.40800978
2021-04-30 08:00;3.309679798;1.378349417;1.866117362
2021-04-30 09:00;3.209684887;0.605566524;1.274647335
2021-04-30 10:00;2.036892935;-0.099635032;3.317624176
2021-04-30 11:00;1.221046317;0.446816214;2.369740511
2021-04-30 12:00;-0.213782419;-0.205077239;1.75743887
2021-04-30 13:00;-0.113121506;-0.361647635;1.58048479
2021-04-30 14:00;0.122067619;-0.140688262;0.927437688
2021-04-30 15:00;-0.15507275;-0.828774812;-0.86840819
2021-04-30 16:00;-0.490537894;-0.28021707;-0.482991042
2021-04-30 17:00;0.854170519;-2.026037597;0.013119507
2021-04-30 18:00;-3.024366862;-0.741262666;-0.761101623
2021-04-30 19:00;-1.863358696;-0.29992727;-1.795361081
2021-04-30 20:00;-2.054433568;-1.361288842;-1.827969259
2021-04-30 21:00;-1.239510614;-1.799083815;-3.112440721
2021-04-30 22:00;-1.577151969;-1.467074242;-2.463713649
2021-04-30 23:00;-1.443082614;-1.745066062;-2.521732749
2021-05-01 00:00;-2.80997513;-1.921946583;-1.908854749
2021-05-01 01:00;-2.02918552;-2.227789049;0.081103131
2021-05-01 02:00;-1.813317986;-1.254955752;0.754493735
2021-05-01 03:00;-1.281912304;-0.279194916;-0.960079918
2021-05-01 04:00;-0.077607401;0.878925008;-0.878546758
2021-05-01 05:00;0.329054887;-0.331388149;-1.758045218
2021-05-01 06:00;-0.638092171;-1.698014885;0.778675011
2021-05-01 07:00;-1.82319227;-2.302312964;0.663769915
2021-05-01 08:00;-2.259405697;-4.490628298;1.202672785
2021-05-01 09:00;-3.818967805;-3.644256272;2.436045094